0;23;CENTRO CONTROL;25
1;28;Comp operadora;20
2;29;CENTRO CONTROL;15
3;34;CENTRO CONTROL;21
4;41;CENTRO CONTROL;18
5;45;Comp operadora;17
6;45;CENTRO CONTROL;15
7;47;Comp operadora;12
8;47;CENTRO CONTROL;4
9;47;TIEMPO;41
10;55;CENTRO CONTROL;131
11;58;TIEMPO;85
12;58;CENTRO CONTROL;28
13;66;Comp operadora;45
14;72;CENTRO CONTROL;16
15;76;CENTRO CONTROL;15
16;77;CENTRO CONTROL;55
17;80;CENTRO CONTROL;97
18;86;CENTRO CONTROL;75
19;89;Comp operadora;15
20;89;TIEMPO;8
21;93;Comp operadora;51
22;94;Comp operadora;8
23;94;CENTRO CONTROL;7
24;95;Comp operadora;15
25;106;CENTRO CONTROL;18
26;110;CENTRO CONTROL;19
27;111;CENTRO CONTROL;23
28;112;CENTRO CONTROL;20
29;116;CENTRO CONTROL;75
30;122;CENTRO CONTROL;53
31;125;CENTRO CONTROL;1
32;125;TIEMPO;45
33;126;CENTRO CONTROL;18
34;131;TIEMPO;13
35;131;CENTRO CONTROL;19
36;131;TIEMPO;9
37;132;CENTRO CONTROL;19
38;134;TIEMPO;9
39;134;CENTRO CONTROL;17
40;134;TIEMPO;58
41;142;Comp operadora;12
42;142;TIEMPO;4
43;146;CENTRO CONTROL;18
44;149;Comp operadora;10
45;149;CENTRO CONTROL;4
46;149;TIEMPO;48
47;150;CENTRO CONTROL;93
48;156;CENTRO CONTROL;20
49;159;CENTRO CONTROL;172
50;165;CENTRO CONTROL;52
51;173;TIEMPO;2
52;173;TIEMPO;59
53;181;Comp operadora;10
54;181;CENTRO CONTROL;4
55;181;TIEMPO;45
56;182;TIEMPO;48
57;183;Comp operadora;4
58;183;TIEMPO;84
59;186;CENTRO CONTROL;40
60;189;Comp operadora;147
61;189;TIEMPO;5
62;196;CENTRO CONTROL;15
63;203;Comp operadora;17
64;206;Comp operadora;38
65;206;TIEMPO;6
66;209;Comp operadora;50
67;211;Comp operadora;25
68;216;Comp operadora;42
69;224;CENTRO CONTROL;23
70;225;Comp operadora;29
71;225;CENTRO CONTROL;11
72;229;Comp operadora;25
73;230;CENTRO CONTROL;22
74;234;CENTRO CONTROL;27
75;238;CENTRO CONTROL;71
76;241;TIEMPO;24
77;241;CENTRO CONTROL;18
78;241;TIEMPO;180
79;249;Comp operadora;31
80;255;CENTRO CONTROL;23
81;257;Comp operadora;41
82;257;CENTRO CONTROL;4
83;258;Comp operadora;77
84;261;CENTRO CONTROL;15
85;264;CENTRO CONTROL;25
86;265;CENTRO CONTROL;31
87;280;Comp operadora;45
88;281;CENTRO CONTROL;60
89;282;CENTRO CONTROL;38
90;284;Comp operadora;90
91;284;CENTRO CONTROL;26
92;287;TIEMPO;78
93;292;Comp operadora;27
94;300;CENTRO CONTROL;25
95;301;CENTRO CONTROL;20
96;302;CENTRO CONTROL;21
97;310;Comp operadora;16
98;321;Comp operadora;39
99;321;CENTRO CONTROL;6
100;325;CENTRO CONTROL;22
101;332;Comp operadora;74
102;344;Comp operadora;70
103;347;TIEMPO;34
104;363;CENTRO CONTROL;22
105;364;CENTRO CONTROL;103
106;370;TIEMPO;86
107;387;TIEMPO;7
108;387;TIEMPO;11
109;392;CENTRO CONTROL;31
110;393;CENTRO CONTROL;30
111;394;Comp operadora;19
112;394;CENTRO CONTROL;22
113;395;CENTRO CONTROL;122
114;396;CENTRO CONTROL;65
115;397;TIEMPO;76
116;398;TIEMPO;52
117;400;CENTRO CONTROL;47
118;401;CENTRO CONTROL;79
119;401;TIEMPO;3
120;403;CENTRO CONTROL;26
121;403;TIEMPO;13
122;404;CENTRO CONTROL;2
123;404;TIEMPO;39
124;407;CENTRO CONTROL;42
125;408;CENTRO CONTROL;47
126;411;Comp operadora;21
127;412;CENTRO CONTROL;23
128;414;CENTRO CONTROL;22
129;415;CENTRO CONTROL;128
130;416;CENTRO CONTROL;83
131;417;CENTRO CONTROL;87
132;419;TIEMPO;11
133;419;TIEMPO;9
134;420;Comp operadora;18
135;420;TIEMPO;30
136;422;CENTRO CONTROL;10
137;422;TIEMPO;13
138;423;CENTRO CONTROL;30
139;423;TIEMPO;16
140;425;CENTRO CONTROL;116
141;426;CENTRO CONTROL;65
142;427;TIEMPO;4
143;427;TIEMPO;93
144;428;Comp operadora;18
145;428;TIEMPO;41
146;429;Comp operadora;37
147;430;CENTRO CONTROL;16
148;436;Comp operadora;10
149;436;TIEMPO;44
150;438;CENTRO CONTROL;36
151;438;TIEMPO;5
152;439;CENTRO CONTROL;80
153;440;CENTRO CONTROL;50
154;440;TIEMPO;1
155;441;TIEMPO;2
156;441;TIEMPO;19
157;442;CENTRO CONTROL;8
158;442;TIEMPO;69
159;450;CENTRO CONTROL;78
160;450;TIEMPO;13
161;451;CENTRO CONTROL;29
162;452;TIEMPO;5
163;452;CENTRO CONTROL;5
164;452;TIEMPO;76
165;454;CENTRO CONTROL;113
166;455;CENTRO CONTROL;3
167;455;TIEMPO;39
168;456;CENTRO CONTROL;108
169;457;TIEMPO;6
170;457;CENTRO CONTROL;21
171;458;TIEMPO;47
172;460;CENTRO CONTROL;23
173;461;CENTRO CONTROL;80
174;468;CENTRO CONTROL;57
175;472;CENTRO CONTROL;18
176;472;TIEMPO;24
177;480;CENTRO CONTROL;25
178;484;CENTRO CONTROL;100
179;485;CENTRO CONTROL;51
180;486;TIEMPO;12
181;486;TIEMPO;63
182;492;Comp operadora;20
183;492;CENTRO CONTROL;50
184;500;CENTRO CONTROL;19
185;510;CENTRO CONTROL;70
186;511;CENTRO CONTROL;28
187;511;TIEMPO;6
188;514;TIEMPO;18
189;523;TIEMPO;4
190;523;TIEMPO;42
191;531;CENTRO CONTROL;28
192;542;CENTRO CONTROL;15
193;554;Comp operadora;17
194;554;CENTRO CONTROL;14
195;554;TIEMPO;98
196;557;Comp operadora;94
197;557;CENTRO CONTROL;29
198;559;Comp operadora;20
199;559;CENTRO CONTROL;6
200;564;Comp operadora;34
201;564;CENTRO CONTROL;6
202;567;Comp operadora;8
203;567;CENTRO CONTROL;4
204;567;TIEMPO;36
205;579;Comp operadora;61
206;581;Comp operadora;136
207;584;CENTRO CONTROL;45
208;595;CENTRO CONTROL;25
209;600;CENTRO CONTROL;15
210;605;TIEMPO;14
211;605;TIEMPO;46
212;606;CENTRO CONTROL;7
213;606;TIEMPO;88
214;610;Comp operadora;52
215;622;Comp operadora;4
216;622;CENTRO CONTROL;1
217;622;TIEMPO;19
218;625;Comp operadora;40
219;626;Comp operadora;31
220;626;CENTRO CONTROL;4
221;634;CENTRO CONTROL;26
222;643;Comp operadora;78
223;643;TIEMPO;9
224;657;CENTRO CONTROL;19
225;660;Comp operadora;39
226;661;Comp operadora;12
227;661;CENTRO CONTROL;15
228;667;TIEMPO;32
229;670;Comp operadora;6
230;670;CENTRO CONTROL;10
231;671;Comp operadora;37
232;672;Comp operadora;19
233;674;CENTRO CONTROL;3
234;674;TIEMPO;15
235;684;Comp operadora;6
236;684;CENTRO CONTROL;9
237;688;Comp operadora;238
238;688;CENTRO CONTROL;5
239;691;TIEMPO;12
240;691;CENTRO CONTROL;5
241;702;CENTRO CONTROL;23
242;703;CENTRO CONTROL;78
243;706;Comp operadora;39
244;706;TIEMPO;5
245;707;Comp operadora;18
246;707;CENTRO CONTROL;24
247;707;TIEMPO;12
248;714;Comp operadora;25
249;714;CENTRO CONTROL;1
250;718;Comp operadora;9
251;718;CENTRO CONTROL;14
252;722;Comp operadora;31
253;726;TIEMPO;7
254;726;CENTRO CONTROL;2
255;726;TIEMPO;35
256;727;Comp operadora;54
257;727;CENTRO CONTROL;2
258;727;TIEMPO;24
259;731;Comp operadora;17
260;731;CENTRO CONTROL;10
261;731;TIEMPO;3
262;732;Comp operadora;12
263;732;CENTRO CONTROL;10
264;732;TIEMPO;41
265;734;Comp operadora;12
266;734;CENTRO CONTROL;6
267;735;Comp operadora;46
268;735;CENTRO CONTROL;10
269;742;CENTRO CONTROL;26
270;744;CENTRO CONTROL;15
271;745;CENTRO CONTROL;22
272;745;TIEMPO;12
273;750;Comp operadora;11
274;750;CENTRO CONTROL;24
275;765;Comp operadora;25
276;765;CENTRO CONTROL;2
277;773;TIEMPO;37
278;781;Comp operadora;20
279;782;Comp operadora;73
280;782;CENTRO CONTROL;5
281;790;CENTRO CONTROL;59
282;796;Comp operadora;8
283;796;CENTRO CONTROL;10
284;798;TIEMPO;1
285;798;CENTRO CONTROL;14
286;798;TIEMPO;93
287;799;TIEMPO;62
288;812;CENTRO CONTROL;28
289;812;TIEMPO;6
290;813;CENTRO CONTROL;3
291;813;TIEMPO;52
292;815;Comp operadora;44
293;815;CENTRO CONTROL;10
294;822;Comp operadora;8
295;822;CENTRO CONTROL;7
296;829;TIEMPO;9
297;829;TIEMPO;90
298;832;TIEMPO;23
299;832;CENTRO CONTROL;99
300;837;CENTRO CONTROL;56
301;838;Comp operadora;30
302;838;CENTRO CONTROL;214
303;840;CENTRO CONTROL;2
304;840;TIEMPO;41
305;843;CENTRO CONTROL;35
306;876;TIEMPO;41
307;892;Comp operadora;57
308;894;Comp operadora;105
309;894;CENTRO CONTROL;11
310;906;TIEMPO;28
311;912;Comp operadora;25
312;914;CENTRO CONTROL;24
313;915;CENTRO CONTROL;42
314;919;TIEMPO;20
315;922;Comp operadora;11
316;922;CENTRO CONTROL;11
317;922;TIEMPO;5
318;925;Comp operadora;8
319;925;CENTRO CONTROL;10
320;925;TIEMPO;15
321;927;Comp operadora;36
322;927;CENTRO CONTROL;2
323;928;Comp operadora;9
324;928;TIEMPO;59
325;942;Comp operadora;203
326;947;Comp operadora;44
327;947;TIEMPO;65
328;951;CENTRO CONTROL;7
329;951;TIEMPO;14
330;952;CENTRO CONTROL;11
331;952;TIEMPO;30
332;955;Comp operadora;57
333;959;CENTRO CONTROL;15
334;961;CENTRO CONTROL;27
335;962;CENTRO CONTROL;60
336;965;CENTRO CONTROL;7
337;965;TIEMPO;51
338;970;CENTRO CONTROL;35
339;974;CENTRO CONTROL;22
340;975;CENTRO CONTROL;83
341;976;CENTRO CONTROL;94
342;986;CENTRO CONTROL;21
343;988;CENTRO CONTROL;18
344;992;Comp operadora;8
345;992;TIEMPO;45
346;995;CENTRO CONTROL;37
347;998;Comp operadora;20
348;998;CENTRO CONTROL;1
349;1003;Comp operadora;61
350;1003;CENTRO CONTROL;4
351;1011;TIEMPO;4
352;1011;TIEMPO;94
353;1012;TIEMPO;79
354;1014;CENTRO CONTROL;115
355;1015;CENTRO CONTROL;92
356;1024;Comp operadora;11
357;1024;CENTRO CONTROL;3
358;1024;TIEMPO;45
359;1034;Comp operadora;4
360;1034;TIEMPO;15
361;1035;Comp operadora;4
362;1035;TIEMPO;12
363;1040;CENTRO CONTROL;28
364;1042;CENTRO CONTROL;52
365;1043;CENTRO CONTROL;15
366;1045;TIEMPO;6
367;1045;CENTRO CONTROL;9
368;1045;TIEMPO;27
369;1048;CENTRO CONTROL;70
370;1050;Comp operadora;23
371;1051;Comp operadora;14
372;1051;TIEMPO;4
373;1053;CENTRO CONTROL;125
374;1054;CENTRO CONTROL;83
375;1056;TIEMPO;6
376;1056;CENTRO CONTROL;2
377;1056;TIEMPO;110
378;1057;TIEMPO;61
379;1061;CENTRO CONTROL;37
380;1062;Comp operadora;6
381;1062;CENTRO CONTROL;24
382;1066;CENTRO CONTROL;85
383;1067;CENTRO CONTROL;79
384;1068;TIEMPO;30
385;1068;TIEMPO;33
386;1076;Comp operadora;9
387;1076;CENTRO CONTROL;20
388;1094;CENTRO CONTROL;48
389;1100;CENTRO CONTROL;16
390;1101;Comp operadora;10
391;1101;CENTRO CONTROL;5
392;1102;Comp operadora;45
393;1102;CENTRO CONTROL;24
394;1104;TIEMPO;5
395;1104;TIEMPO;12
396;1105;CENTRO CONTROL;2
397;1105;TIEMPO;14
398;1106;CENTRO CONTROL;48
399;1107;CENTRO CONTROL;65
400;1112;Comp operadora;13
401;1112;CENTRO CONTROL;2
402;1112;TIEMPO;26
403;1119;Comp operadora;6
404;1119;CENTRO CONTROL;7
405;1119;TIEMPO;3
406;1121;CENTRO CONTROL;17
407;1123;Comp operadora;33
408;1123;CENTRO CONTROL;1
409;1123;TIEMPO;15
410;1127;CENTRO CONTROL;17
411;1128;CENTRO CONTROL;29
412;1129;CENTRO CONTROL;17
413;1140;Comp operadora;37
414;1154;Comp operadora;8
415;1154;CENTRO CONTROL;19
416;1185;CENTRO CONTROL;1
417;1185;TIEMPO;33
418;1202;Comp operadora;15
419;1202;TIEMPO;25
420;1207;Comp operadora;21
421;1207;CENTRO CONTROL;6
422;1221;TIEMPO;24
423;1224;Comp operadora;30
424;1229;CENTRO CONTROL;17
425;1236;CENTRO CONTROL;93
426;1237;CENTRO CONTROL;55
427;1239;Comp operadora;61
428;1239;TIEMPO;4
429;1258;CENTRO CONTROL;58
430;1260;Comp operadora;104
431;1280;Comp operadora;15
432;1280;TIEMPO;32
433;1283;Comp operadora;12
434;1283;TIEMPO;6
435;1293;CENTRO CONTROL;15
436;1297;CENTRO CONTROL;37
437;1299;CENTRO CONTROL;26
438;1303;CENTRO CONTROL;121
439;1305;CENTRO CONTROL;47
440;1309;Comp operadora;7
441;1309;TIEMPO;31
442;1318;CENTRO CONTROL;21
443;1318;TIEMPO;48
444;1319;CENTRO CONTROL;15
445;1325;CENTRO CONTROL;28
446;1327;Comp operadora;48
447;1330;CENTRO CONTROL;31
448;1338;Comp operadora;20
449;1339;CENTRO CONTROL;10
450;1339;TIEMPO;8
451;1344;Comp operadora;33
452;1345;Comp operadora;20
453;1355;CENTRO CONTROL;13
454;1355;TIEMPO;55
455;1356;TIEMPO;22
456;1357;CENTRO CONTROL;33
457;1358;Comp operadora;2
458;1358;CENTRO CONTROL;14
459;1358;TIEMPO;17
460;1369;CENTRO CONTROL;19
461;1375;CENTRO CONTROL;22
462;1383;Comp operadora;425
463;1388;CENTRO CONTROL;34
464;1389;CENTRO CONTROL;17
465;1392;TIEMPO;35
466;1394;CENTRO CONTROL;25
467;1394;TIEMPO;25
468;1396;CENTRO CONTROL;7
469;1396;TIEMPO;29
470;1400;CENTRO CONTROL;30
471;1401;CENTRO CONTROL;65
472;1402;CENTRO CONTROL;82
473;1402;TIEMPO;15
474;1404;Comp operadora;57
475;1404;CENTRO CONTROL;3
476;1410;Comp operadora;28
477;1410;CENTRO CONTROL;12
478;1410;TIEMPO;1
479;1412;CENTRO CONTROL;16
480;1413;CENTRO CONTROL;19
481;1413;TIEMPO;3
482;1415;Comp operadora;15
483;1415;CENTRO CONTROL;8
484;1418;TIEMPO;8
485;1418;TIEMPO;18
486;1421;CENTRO CONTROL;13
487;1421;TIEMPO;19
488;1424;Comp operadora;19
489;1424;TIEMPO;9
490;1435;TIEMPO;17
491;1441;Comp operadora;121
492;1444;CENTRO CONTROL;26
493;1461;Comp operadora;67
494;1461;CENTRO CONTROL;2
495;1461;TIEMPO;1
496;1466;CENTRO CONTROL;66
497;1467;CENTRO CONTROL;94
498;1472;TIEMPO;8
499;1472;CENTRO CONTROL;5
500;1472;TIEMPO;61
501;1473;TIEMPO;50
502;1475;CENTRO CONTROL;61
503;1476;CENTRO CONTROL;50
504;1479;CENTRO CONTROL;17
505;1480;Comp operadora;131
506;1484;Comp operadora;22
507;1484;TIEMPO;7
508;1485;Comp operadora;58
509;1497;CENTRO CONTROL;114
510;1498;CENTRO CONTROL;89
511;1500;TIEMPO;5
512;1500;TIEMPO;76
513;1501;CENTRO CONTROL;14
514;1501;TIEMPO;74
515;1504;CENTRO CONTROL;9
516;1504;TIEMPO;21
517;1518;Comp operadora;16
518;1518;CENTRO CONTROL;3
519;1519;Comp operadora;20
520;1519;CENTRO CONTROL;18
521;1519;TIEMPO;8
522;1521;CENTRO CONTROL;33
523;1526;Comp operadora;34
524;1526;TIEMPO;13
525;1535;CENTRO CONTROL;16
526;1536;CENTRO CONTROL;44
527;1541;Comp operadora;14
528;1541;CENTRO CONTROL;22
529;1541;TIEMPO;4
530;1542;Comp operadora;8
531;1542;CENTRO CONTROL;7
532;1552;CENTRO CONTROL;30
533;1553;CENTRO CONTROL;16
534;1554;CENTRO CONTROL;26
535;1555;CENTRO CONTROL;19
536;1556;Comp operadora;10
537;1556;CENTRO CONTROL;2
538;1556;TIEMPO;4
539;1559;CENTRO CONTROL;20
540;1566;CENTRO CONTROL;49
541;1570;Comp operadora;28
542;1570;CENTRO CONTROL;5
543;1579;CENTRO CONTROL;49
544;1580;CENTRO CONTROL;91
545;1580;TIEMPO;13
546;1584;Comp operadora;15
547;1584;CENTRO CONTROL;2
548;1584;TIEMPO;12
549;1585;Comp operadora;40
550;1590;Comp operadora;15
551;1591;Comp operadora;14
552;1591;CENTRO CONTROL;16
553;1599;Comp operadora;5
554;1599;CENTRO CONTROL;6
555;1599;TIEMPO;9
556;1606;CENTRO CONTROL;63
557;1606;TIEMPO;2
558;1610;CENTRO CONTROL;61
559;1610;TIEMPO;20
560;1611;CENTRO CONTROL;90
561;1613;Comp operadora;7
562;1613;CENTRO CONTROL;12
563;1615;Comp operadora;16
564;1616;Comp operadora;13
565;1616;TIEMPO;23
566;1617;CENTRO CONTROL;20
567;1625;Comp operadora;163
568;1625;CENTRO CONTROL;14
569;1629;TIEMPO;31
570;1629;CENTRO CONTROL;3
571;1641;Comp operadora;3
572;1641;CENTRO CONTROL;5
573;1641;TIEMPO;14
574;1643;CENTRO CONTROL;66
575;1643;TIEMPO;1
576;1644;CENTRO CONTROL;67
577;1644;TIEMPO;29
578;1646;TIEMPO;4
579;1646;TIEMPO;44
580;1647;CENTRO CONTROL;15
581;1647;TIEMPO;80
582;1648;CENTRO CONTROL;18
583;1649;Comp operadora;15
584;1649;CENTRO CONTROL;3
585;1650;CENTRO CONTROL;8
586;1650;TIEMPO;32
587;1652;CENTRO CONTROL;16
588;1653;Comp operadora;28
589;1653;CENTRO CONTROL;15
590;1653;TIEMPO;10
591;1658;Comp operadora;128
592;1658;CENTRO CONTROL;8
593;1660;CENTRO CONTROL;23
594;1664;Comp operadora;84
595;1664;TIEMPO;1
596;1666;Comp operadora;10
597;1666;CENTRO CONTROL;5
598;1666;TIEMPO;7
599;1669;CENTRO CONTROL;32
600;1672;CENTRO CONTROL;18
601;1682;CENTRO CONTROL;17
602;1689;Comp operadora;187
603;1689;TIEMPO;59
604;1691;Comp operadora;18
605;1692;Comp operadora;95
606;1692;TIEMPO;14
607;1699;Comp operadora;334
608;1699;CENTRO CONTROL;6
609;1705;TIEMPO;25
610;1706;CENTRO CONTROL;18
611;1713;Comp operadora;43
612;1713;CENTRO CONTROL;2
613;1713;TIEMPO;8
614;1718;Comp operadora;8
615;1718;TIEMPO;11
616;1719;TIEMPO;27
617;1722;TIEMPO;139
618;1725;Comp operadora;14
619;1725;TIEMPO;118
620;1730;Comp operadora;3
621;1730;TIEMPO;52
622;1733;Comp operadora;126
623;1733;TIEMPO;16
624;1747;Comp operadora;14
625;1747;CENTRO CONTROL;1
626;1754;Comp operadora;2
627;1754;TIEMPO;60
628;1774;Comp operadora;88
629;1781;CENTRO CONTROL;77
630;1782;CENTRO CONTROL;31
631;1783;CENTRO CONTROL;24
632;1785;CENTRO CONTROL;20
633;1789;TIEMPO;134
634;1795;CENTRO CONTROL;17
635;1796;Comp operadora;39
636;1796;CENTRO CONTROL;23
637;1798;Comp operadora;16
638;1798;CENTRO CONTROL;8
639;1809;CENTRO CONTROL;101
640;1810;CENTRO CONTROL;75
641;1816;TIEMPO;25
642;1817;Comp operadora;70
643;1819;Comp operadora;12
644;1819;CENTRO CONTROL;5
645;1819;TIEMPO;10
646;1829;Comp operadora;7
647;1829;TIEMPO;18
648;1833;CENTRO CONTROL;79
649;1834;CENTRO CONTROL;85
650;1836;TIEMPO;9
651;1836;TIEMPO;59
652;1837;CENTRO CONTROL;4
653;1837;TIEMPO;53
654;1839;CENTRO CONTROL;26
655;1842;CENTRO CONTROL;34
656;1847;CENTRO CONTROL;23
657;1853;Comp operadora;7
658;1853;TIEMPO;10
659;1854;Comp operadora;18
660;1857;Comp operadora;2
661;1857;CENTRO CONTROL;12
662;1857;TIEMPO;18
663;1858;Comp operadora;28
664;1858;CENTRO CONTROL;1
665;1877;CENTRO CONTROL;7
666;1877;TIEMPO;25
667;1880;Comp operadora;2
668;1880;CENTRO CONTROL;5
669;1880;TIEMPO;19
670;1904;Comp operadora;14
671;1904;CENTRO CONTROL;3
672;1910;Comp operadora;6
673;1910;TIEMPO;16
674;1913;Comp operadora;2
675;1913;CENTRO CONTROL;5
676;1913;TIEMPO;30
677;1918;CENTRO CONTROL;68
678;1918;TIEMPO;7
679;1919;CENTRO CONTROL;90
680;1922;CENTRO CONTROL;16
681;1926;TIEMPO;27
682;1938;Comp operadora;28
683;1938;CENTRO CONTROL;4
684;1938;TIEMPO;23
685;1945;Comp operadora;35
686;1945;CENTRO CONTROL;6
687;1964;Comp operadora;67
688;1964;CENTRO CONTROL;5
689;1968;CENTRO CONTROL;27
690;1971;Comp operadora;8
691;1971;CENTRO CONTROL;3
692;1971;TIEMPO;12
693;1973;CENTRO CONTROL;37
694;1975;CENTRO CONTROL;15
695;1981;Comp operadora;12
696;1981;CENTRO CONTROL;11
697;1983;CENTRO CONTROL;26
698;1983;TIEMPO;3
699;1984;CENTRO CONTROL;29
700;1986;Comp operadora;76
701;1986;TIEMPO;20
702;1987;CENTRO CONTROL;2
703;1987;TIEMPO;18
704;1989;Comp operadora;8
705;1989;TIEMPO;70
706;2010;CENTRO CONTROL;29
707;2027;CENTRO CONTROL;119
708;2027;TIEMPO;2
709;2028;CENTRO CONTROL;116
710;2040;Comp operadora;224
711;2040;CENTRO CONTROL;2
712;2040;TIEMPO;73
713;2052;CENTRO CONTROL;18
714;2054;CENTRO CONTROL;1
715;2054;TIEMPO;50
716;2055;CENTRO CONTROL;16
717;2057;Comp operadora;12
718;2057;CENTRO CONTROL;5
719;2067;Comp operadora;18
720;2067;CENTRO CONTROL;2
721;2073;Comp operadora;32
722;2073;TIEMPO;30
723;2075;Comp operadora;26
724;2076;Comp operadora;46
725;2076;CENTRO CONTROL;4
726;2083;CENTRO CONTROL;17
727;2093;CENTRO CONTROL;17
728;2106;CENTRO CONTROL;15
729;2107;CENTRO CONTROL;22
730;2108;Comp operadora;21
731;2110;Comp operadora;10
732;2110;CENTRO CONTROL;30
733;2110;TIEMPO;12
734;2111;Comp operadora;5
735;2111;CENTRO CONTROL;7
736;2111;TIEMPO;11
737;2118;Comp operadora;49
738;2118;CENTRO CONTROL;9
739;2121;Comp operadora;67
740;2121;CENTRO CONTROL;1
741;2123;Comp operadora;133
742;2123;CENTRO CONTROL;9
743;2123;TIEMPO;2
744;2124;CENTRO CONTROL;5
745;2124;TIEMPO;70
746;2126;Comp operadora;6
747;2126;TIEMPO;31
748;2129;Comp operadora;12
749;2129;CENTRO CONTROL;7
750;2133;Comp operadora;15
751;2148;Comp operadora;21
752;2148;CENTRO CONTROL;7
753;2150;CENTRO CONTROL;24
754;2152;Comp operadora;7
755;2152;TIEMPO;20
756;2155;CENTRO CONTROL;114
757;2156;CENTRO CONTROL;67
758;2157;Comp operadora;3
759;2157;TIEMPO;14
760;2160;CENTRO CONTROL;53
761;2161;CENTRO CONTROL;67
762;2163;Comp operadora;27
763;2163;CENTRO CONTROL;16
764;2170;CENTRO CONTROL;1
765;2170;TIEMPO;22
766;2171;TIEMPO;26
767;2174;CENTRO CONTROL;29
768;2180;Comp operadora;1
769;2180;TIEMPO;18
770;2182;Comp operadora;20
771;2209;Comp operadora;25
772;2227;Comp operadora;10
773;2227;CENTRO CONTROL;16
774;2232;Comp operadora;19
775;2235;CENTRO CONTROL;120
776;2236;CENTRO CONTROL;80
777;2238;TIEMPO;86
778;2239;TIEMPO;51
779;2240;Comp operadora;12
780;2240;CENTRO CONTROL;31
781;2241;CENTRO CONTROL;16
782;2247;Comp operadora;46
783;2265;CENTRO CONTROL;101
784;2266;CENTRO CONTROL;26
785;2271;Comp operadora;98
786;2272;Comp operadora;37
787;2272;CENTRO CONTROL;20
788;2278;CENTRO CONTROL;66
789;2279;CENTRO CONTROL;101
790;2280;Comp operadora;96
791;2280;CENTRO CONTROL;7
792;2280;TIEMPO;17
793;2288;Comp operadora;4
794;2288;TIEMPO;11
795;2291;Comp operadora;2
796;2291;CENTRO CONTROL;17
797;2291;TIEMPO;12
798;2294;Comp operadora;13
799;2294;TIEMPO;21
800;2300;Comp operadora;19
801;2302;Comp operadora;46
802;2302;CENTRO CONTROL;8
803;2305;TIEMPO;18
804;2305;TIEMPO;9
805;2306;CENTRO CONTROL;84
806;2307;CENTRO CONTROL;54
807;2320;CENTRO CONTROL;33
808;2321;Comp operadora;38
809;2324;CENTRO CONTROL;53
810;2326;CENTRO CONTROL;22
811;2332;Comp operadora;18
812;2335;Comp operadora;21
813;2336;Comp operadora;892
814;2341;CENTRO CONTROL;37
815;2341;TIEMPO;5
816;2345;Comp operadora;21
817;2345;TIEMPO;64
818;2347;Comp operadora;82
819;2355;Comp operadora;41
820;2360;Comp operadora;95
821;2361;CENTRO CONTROL;22
822;2362;CENTRO CONTROL;27
823;2383;Comp operadora;19
824;2395;CENTRO CONTROL;17
825;2401;CENTRO CONTROL;21
826;2406;Comp operadora;9
827;2406;TIEMPO;118
828;2407;TIEMPO;8
829;2407;TIEMPO;121
830;2413;CENTRO CONTROL;23
831;2414;TIEMPO;22
832;2414;TIEMPO;57
833;2415;CENTRO CONTROL;11
834;2415;TIEMPO;58
835;2418;Comp operadora;21
836;2421;TIEMPO;23
837;2430;Comp operadora;62
838;2434;CENTRO CONTROL;23
839;2435;Comp operadora;18
840;2435;CENTRO CONTROL;2
841;2454;CENTRO CONTROL;37
842;2454;TIEMPO;110
843;2461;CENTRO CONTROL;16
844;2470;CENTRO CONTROL;19
845;2473;Comp operadora;4
846;2473;CENTRO CONTROL;9
847;2473;TIEMPO;4
848;2482;CENTRO CONTROL;18
849;2493;Comp operadora;10
850;2493;TIEMPO;45
851;2496;CENTRO CONTROL;40
852;2497;CENTRO CONTROL;78
853;2500;Comp operadora;30
854;2504;CENTRO CONTROL;21
855;2515;Comp operadora;11
856;2515;CENTRO CONTROL;8
857;2519;Comp operadora;24
858;2519;CENTRO CONTROL;9
859;2520;Comp operadora;15
860;2520;CENTRO CONTROL;9
861;2521;Comp operadora;61
862;2522;CENTRO CONTROL;9
863;2522;TIEMPO;7
864;2524;CENTRO CONTROL;40
865;2525;TIEMPO;63
866;2526;CENTRO CONTROL;74
867;2526;TIEMPO;19
868;2527;CENTRO CONTROL;74
869;2527;TIEMPO;14
870;2528;TIEMPO;56
871;2529;CENTRO CONTROL;2
872;2529;TIEMPO;73
873;2561;CENTRO CONTROL;47
874;2562;CENTRO CONTROL;24
875;2568;Comp operadora;6
876;2568;TIEMPO;25
877;2575;Comp operadora;21
878;2579;Comp operadora;21
879;2579;CENTRO CONTROL;30
880;2582;CENTRO CONTROL;112
881;2582;TIEMPO;12
882;2583;CENTRO CONTROL;102
883;2583;TIEMPO;5
884;2584;TIEMPO;4
885;2584;CENTRO CONTROL;12
886;2584;TIEMPO;114
887;2585;CENTRO CONTROL;5
888;2585;TIEMPO;88
889;2588;Comp operadora;6
890;2588;CENTRO CONTROL;9
891;2597;CENTRO CONTROL;25
892;2645;CENTRO CONTROL;27
893;2649;TIEMPO;23
894;2651;Comp operadora;17
895;2651;CENTRO CONTROL;5
896;2653;CENTRO CONTROL;98
897;2654;CENTRO CONTROL;34
898;2654;TIEMPO;12
899;2661;Comp operadora;51
900;2664;CENTRO CONTROL;38
901;2665;CENTRO CONTROL;38
902;2675;CENTRO CONTROL;15
903;2680;Comp operadora;48
904;2680;TIEMPO;9
905;2681;Comp operadora;33
906;2681;TIEMPO;10
907;2681;TIEMPO;36
908;2682;CENTRO CONTROL;5
909;2682;TIEMPO;41
910;2687;Comp operadora;3
911;2687;TIEMPO;20
912;2688;CENTRO CONTROL;244
913;2694;CENTRO CONTROL;118
914;2695;CENTRO CONTROL;56
915;2698;CENTRO CONTROL;15
916;2705;CENTRO CONTROL;31
917;2706;CENTRO CONTROL;37
918;2706;TIEMPO;18
919;2707;CENTRO CONTROL;4
920;2707;TIEMPO;68
921;2709;CENTRO CONTROL;31
922;2709;TIEMPO;6
923;2710;CENTRO CONTROL;93
924;2713;Comp operadora;30
925;2725;CENTRO CONTROL;16
926;2734;CENTRO CONTROL;18
927;2735;CENTRO CONTROL;39
928;2737;Comp operadora;10
929;2737;CENTRO CONTROL;2
930;2737;TIEMPO;24
931;2738;Comp operadora;13
932;2738;CENTRO CONTROL;13
933;2740;CENTRO CONTROL;20
934;2744;Comp operadora;1
935;2744;CENTRO CONTROL;5
936;2744;TIEMPO;11
937;2748;Comp operadora;106
938;2748;CENTRO CONTROL;1
939;2749;Comp operadora;20
940;2749;TIEMPO;20
941;2750;CENTRO CONTROL;20
942;2752;CENTRO CONTROL;15
943;2752;TIEMPO;22
944;2753;Comp operadora;16
945;2760;Comp operadora;74
946;2767;CENTRO CONTROL;23
947;2774;Comp operadora;17
948;2774;CENTRO CONTROL;1
949;2776;TIEMPO;29
950;2791;Comp operadora;4
951;2791;TIEMPO;43
952;2792;Comp operadora;6
953;2792;CENTRO CONTROL;2
954;2792;TIEMPO;14
955;2794;Comp operadora;6
956;2794;CENTRO CONTROL;9
957;2794;TIEMPO;49
958;2795;CENTRO CONTROL;66
959;2795;TIEMPO;24
960;2796;CENTRO CONTROL;50
961;2797;CENTRO CONTROL;40
962;2799;CENTRO CONTROL;53
963;2800;CENTRO CONTROL;47
964;2800;TIEMPO;29
965;2801;Comp operadora;19
966;2802;TIEMPO;3
967;2802;TIEMPO;17
968;2803;TIEMPO;21
969;2815;CENTRO CONTROL;58
970;2817;CENTRO CONTROL;24
971;2818;TIEMPO;19
972;2820;Comp operadora;15
973;2823;Comp operadora;54
974;2829;CENTRO CONTROL;19
975;2834;Comp operadora;160
976;2834;TIEMPO;11
977;2844;CENTRO CONTROL;17
978;2852;CENTRO CONTROL;38
979;2853;CENTRO CONTROL;20
980;2866;Comp operadora;85
981;2867;Comp operadora;111
982;2867;TIEMPO;3
983;2870;Comp operadora;10
984;2870;CENTRO CONTROL;6
985;2870;TIEMPO;5
986;2880;Comp operadora;25
987;2886;Comp operadora;39
988;2890;Comp operadora;50
989;2890;CENTRO CONTROL;7
990;2893;Comp operadora;4
991;2893;TIEMPO;29
992;2902;Comp operadora;8
993;2902;CENTRO CONTROL;15
994;2906;CENTRO CONTROL;19
995;2908;Comp operadora;25
996;2910;TIEMPO;25
997;2910;TIEMPO;18
998;2918;CENTRO CONTROL;21
999;2920;CENTRO CONTROL;16
1000;2921;Comp operadora;22
1001;2921;CENTRO CONTROL;28
1002;2933;CENTRO CONTROL;16
1003;2934;Comp operadora;4
1004;2934;TIEMPO;35
1005;2937;CENTRO CONTROL;6
1006;2937;TIEMPO;51
1007;2945;CENTRO CONTROL;19
1008;2945;TIEMPO;15
1009;2948;Comp operadora;116
1010;2948;CENTRO CONTROL;6
1011;2951;TIEMPO;26
1012;2952;CENTRO CONTROL;13
1013;2952;TIEMPO;10
1014;2954;CENTRO CONTROL;20
1015;2957;Comp operadora;4
1016;2957;TIEMPO;21
1017;2959;Comp operadora;41
1018;2959;CENTRO CONTROL;11
1019;2959;TIEMPO;107
1020;2960;Comp operadora;37
1021;2963;Comp operadora;17
1022;2967;CENTRO CONTROL;21
1023;2968;CENTRO CONTROL;24
1024;2974;CENTRO CONTROL;15
1025;2975;CENTRO CONTROL;86
1026;2976;CENTRO CONTROL;63
1027;2982;CENTRO CONTROL;25
1028;2993;Comp operadora;83
1029;2994;Comp operadora;20
1030;2994;CENTRO CONTROL;8
1031;3002;CENTRO CONTROL;68
1032;3006;Comp operadora;46
1033;3006;TIEMPO;4
1034;3012;Comp operadora;70
1035;3020;Comp operadora;1
1036;3020;CENTRO CONTROL;3
1037;3020;TIEMPO;64
1038;3061;Comp operadora;5
1039;3061;TIEMPO;19
1040;3063;CENTRO CONTROL;22
1041;3063;TIEMPO;32
1042;3065;CENTRO CONTROL;52
1043;3065;TIEMPO;9
1044;3066;CENTRO CONTROL;24
1045;3066;TIEMPO;27
1046;3068;CENTRO CONTROL;52
1047;3069;CENTRO CONTROL;66
1048;3082;Comp operadora;13
1049;3082;CENTRO CONTROL;12
1050;3091;TIEMPO;33
1051;3125;TIEMPO;26
1052;3127;Comp operadora;35
1053;3129;TIEMPO;6
1054;3129;TIEMPO;72
1055;3134;Comp operadora;14
1056;3134;CENTRO CONTROL;15
1057;3135;CENTRO CONTROL;46
1058;3136;CENTRO CONTROL;18
1059;3141;CENTRO CONTROL;28
1060;3154;Comp operadora;75
1061;3154;TIEMPO;24
1062;3156;Comp operadora;26
1063;3170;CENTRO CONTROL;59
1064;3170;TIEMPO;35
1065;3171;CENTRO CONTROL;61
1066;3172;Comp operadora;54
1067;3174;Comp operadora;6
1068;3174;CENTRO CONTROL;9
1069;3174;TIEMPO;6
1070;3176;Comp operadora;1
1071;3176;CENTRO CONTROL;8
1072;3176;TIEMPO;9
1073;3177;CENTRO CONTROL;21
1074;3178;CENTRO CONTROL;24
1075;3179;CENTRO CONTROL;69
1076;3188;CENTRO CONTROL;32
1077;3189;CENTRO CONTROL;24
1078;3189;TIEMPO;2
1079;3191;CENTRO CONTROL;7
1080;3191;TIEMPO;17
1081;3194;CENTRO CONTROL;13
1082;3194;TIEMPO;29
1083;3195;TIEMPO;18
1084;3196;TIEMPO;4
1085;3196;CENTRO CONTROL;18
1086;3196;TIEMPO;19
1087;3197;Comp operadora;8
1088;3197;CENTRO CONTROL;30
1089;3197;TIEMPO;7
1090;3198;Comp operadora;8
1091;3198;CENTRO CONTROL;14
1092;3201;CENTRO CONTROL;6
1093;3201;TIEMPO;9
1094;3233;Comp operadora;41
1095;3233;CENTRO CONTROL;12
1096;3234;Comp operadora;58
1097;3234;CENTRO CONTROL;20
1098;3244;CENTRO CONTROL;34
1099;3264;TIEMPO;8
1100;3264;TIEMPO;83
1101;3265;CENTRO CONTROL;3
1102;3265;TIEMPO;87
1103;3290;CENTRO CONTROL;15
1104;3291;CENTRO CONTROL;65
1105;3292;CENTRO CONTROL;38
1106;3296;CENTRO CONTROL;35
1107;3304;Comp operadora;11
1108;3304;TIEMPO;41
1109;3306;CENTRO CONTROL;93
1110;3307;CENTRO CONTROL;81
1111;3309;Comp operadora;12
1112;3309;TIEMPO;22
1113;3311;Comp operadora;2
1114;3311;TIEMPO;17
1115;3314;Comp operadora;35
1116;3314;CENTRO CONTROL;1
1117;3324;Comp operadora;102
1118;3324;TIEMPO;12
1119;3327;CENTRO CONTROL;46
1120;3327;TIEMPO;22
1121;3328;CENTRO CONTROL;31
1122;3328;TIEMPO;30
1123;3338;CENTRO CONTROL;115
1124;3338;TIEMPO;7
1125;3339;CENTRO CONTROL;77
1126;3341;Comp operadora;29
1127;3349;Comp operadora;22
1128;3353;TIEMPO;92
1129;3354;Comp operadora;2
1130;3354;CENTRO CONTROL;14
1131;3354;TIEMPO;35
1132;3364;CENTRO CONTROL;21
1133;3366;Comp operadora;12
1134;3366;TIEMPO;79
1135;3367;CENTRO CONTROL;68
1136;3367;TIEMPO;28
1137;3368;CENTRO CONTROL;75
1138;3369;CENTRO CONTROL;6
1139;3369;TIEMPO;213
1140;3370;CENTRO CONTROL;26
1141;3371;CENTRO CONTROL;27
1142;3372;Comp operadora;42
1143;3373;Comp operadora;64
1144;3379;CENTRO CONTROL;16
1145;3383;Comp operadora;89
1146;3383;TIEMPO;2
1147;3384;Comp operadora;9
1148;3384;CENTRO CONTROL;11
1149;3384;TIEMPO;13
1150;3392;CENTRO CONTROL;29
1151;3400;Comp operadora;7
1152;3400;TIEMPO;11
1153;3401;Comp operadora;27
1154;3401;CENTRO CONTROL;13
1155;3404;CENTRO CONTROL;16
1156;3410;Comp operadora;5
1157;3410;TIEMPO;42
1158;3411;Comp operadora;8
1159;3411;CENTRO CONTROL;18
1160;3411;TIEMPO;16
1161;3413;Comp operadora;19
1162;3426;CENTRO CONTROL;34
1163;3430;Comp operadora;39
1164;3434;TIEMPO;7
1165;3434;TIEMPO;64
1166;3435;Comp operadora;82
1167;3442;TIEMPO;62
1168;3443;Comp operadora;59
1169;3443;CENTRO CONTROL;1
1170;3443;TIEMPO;42
1171;3445;CENTRO CONTROL;60
1172;3447;Comp operadora;11
1173;3447;CENTRO CONTROL;4
1174;3453;Comp operadora;20
1175;3453;CENTRO CONTROL;3
1176;3460;CENTRO CONTROL;24
1177;3462;CENTRO CONTROL;23
1178;3469;TIEMPO;4
1179;3469;CENTRO CONTROL;23
1180;3469;TIEMPO;5
1181;3472;TIEMPO;9
1182;3472;TIEMPO;9
1183;3482;CENTRO CONTROL;67
1184;3490;CENTRO CONTROL;60
1185;3490;TIEMPO;29
1186;3491;CENTRO CONTROL;60
1187;3498;TIEMPO;75
1188;3502;CENTRO CONTROL;21
1189;3510;Comp operadora;32
1190;3511;Comp operadora;6
1191;3511;CENTRO CONTROL;9
1192;3513;Comp operadora;22
1193;3513;TIEMPO;26
1194;3516;CENTRO CONTROL;21
1195;3517;CENTRO CONTROL;18
1196;3520;CENTRO CONTROL;10
1197;3520;TIEMPO;6
1198;3521;CENTRO CONTROL;133
1199;3522;CENTRO CONTROL;81
1200;3524;TIEMPO;6
1201;3524;CENTRO CONTROL;2
1202;3524;TIEMPO;118
1203;3525;TIEMPO;56
1204;3526;Comp operadora;37
1205;3533;CENTRO CONTROL;22
1206;3533;TIEMPO;3
1207;3534;CENTRO CONTROL;20
1208;3535;CENTRO CONTROL;78
1209;3536;CENTRO CONTROL;29
1210;3546;Comp operadora;126
1211;3546;TIEMPO;14
1212;3555;Comp operadora;41
1213;3560;Comp operadora;56
1214;3561;Comp operadora;101
1215;3561;CENTRO CONTROL;6
1216;3563;Comp operadora;9
1217;3563;TIEMPO;34
1218;3564;CENTRO CONTROL;20
1219;3585;CENTRO CONTROL;28
1220;3587;CENTRO CONTROL;18
1221;3596;CENTRO CONTROL;33
1222;3599;CENTRO CONTROL;5
1223;3599;TIEMPO;58
1224;3613;CENTRO CONTROL;19
1225;3615;TIEMPO;37
1226;3616;TIEMPO;55
1227;3617;TIEMPO;44
1228;3633;CENTRO CONTROL;16
1229;3635;TIEMPO;88
1230;3636;CENTRO CONTROL;81
1231;3637;CENTRO CONTROL;3
1232;3637;TIEMPO;35
1233;3638;Comp operadora;64
1234;3638;CENTRO CONTROL;5
1235;3639;TIEMPO;4
1236;3639;TIEMPO;54
1237;3651;Comp operadora;24
1238;3651;CENTRO CONTROL;4
1239;3651;TIEMPO;12
1240;3652;CENTRO CONTROL;19
1241;3654;CENTRO CONTROL;22
1242;3655;Comp operadora;17
1243;3658;Comp operadora;29
1244;3658;CENTRO CONTROL;7
1245;3666;Comp operadora;19
1246;3672;Comp operadora;7
1247;3672;CENTRO CONTROL;8
1248;3675;Comp operadora;67
1249;3675;TIEMPO;22
1250;3676;Comp operadora;14
1251;3676;CENTRO CONTROL;2
1252;3678;TIEMPO;46
1253;3679;Comp operadora;16
1254;3680;CENTRO CONTROL;15
1255;3680;TIEMPO;36
1256;3682;CENTRO CONTROL;82
1257;3688;Comp operadora;1
1258;3688;CENTRO CONTROL;12
1259;3688;TIEMPO;27
1260;3689;CENTRO CONTROL;16
1261;3691;Comp operadora;48
1262;3691;CENTRO CONTROL;4
1263;3700;CENTRO CONTROL;20
1264;3702;CENTRO CONTROL;20
1265;3726;CENTRO CONTROL;38
1266;3729;Comp operadora;12
1267;3729;CENTRO CONTROL;13
1268;3729;TIEMPO;23
1269;3734;CENTRO CONTROL;2
1270;3734;TIEMPO;41
1271;3738;Comp operadora;17
1272;3738;CENTRO CONTROL;7
1273;3738;TIEMPO;18
1274;3741;CENTRO CONTROL;6
1275;3741;TIEMPO;27
1276;3743;CENTRO CONTROL;46
1277;3744;CENTRO CONTROL;63
1278;3753;Comp operadora;37
1279;3761;Comp operadora;16
1280;3761;CENTRO CONTROL;22
1281;3777;CENTRO CONTROL;100
1282;3778;CENTRO CONTROL;22
1283;3779;CENTRO CONTROL;17
1284;3786;TIEMPO;16
1285;3793;CENTRO CONTROL;22
1286;3794;CENTRO CONTROL;25
1287;3796;Comp operadora;19
1288;3799;CENTRO CONTROL;18
1289;3800;CENTRO CONTROL;20
1290;3805;Comp operadora;70
1291;3805;CENTRO CONTROL;20
1292;3809;Comp operadora;54
1293;3809;CENTRO CONTROL;2
1294;3818;TIEMPO;27
1295;3821;CENTRO CONTROL;19
1296;3821;TIEMPO;35
1297;3830;CENTRO CONTROL;27
1298;3830;TIEMPO;3
1299;3831;CENTRO CONTROL;39
1300;3832;CENTRO CONTROL;17
1301;3833;CENTRO CONTROL;27
1302;3833;TIEMPO;18
1303;3834;Comp operadora;17
1304;3834;TIEMPO;27
1305;3843;CENTRO CONTROL;29
1306;3843;TIEMPO;1
1307;3844;CENTRO CONTROL;42
1308;3845;TIEMPO;6
1309;3845;TIEMPO;10
1310;3846;CENTRO CONTROL;3
1311;3846;TIEMPO;12
1312;3849;TIEMPO;33
1313;3851;Comp operadora;34
1314;3853;Comp operadora;2
1315;3853;TIEMPO;13
1316;3855;CENTRO CONTROL;26
1317;3856;CENTRO CONTROL;15
1318;3860;Comp operadora;48
1319;3862;CENTRO CONTROL;36
1320;3866;CENTRO CONTROL;106
1321;3867;TIEMPO;8
1322;3867;TIEMPO;33
1323;3868;CENTRO CONTROL;10
1324;3868;TIEMPO;47
1325;3875;TIEMPO;109
1326;3892;CENTRO CONTROL;109
1327;3892;TIEMPO;21
1328;3893;CENTRO CONTROL;32
1329;3898;CENTRO CONTROL;16
1330;3904;CENTRO CONTROL;43
1331;3915;TIEMPO;8
1332;3915;CENTRO CONTROL;2
1333;3915;TIEMPO;72
1334;3916;Comp operadora;23
1335;3916;TIEMPO;57
1336;3917;CENTRO CONTROL;87
1337;3918;CENTRO CONTROL;89
1338;3919;Comp operadora;65
1339;3919;TIEMPO;67
1340;3926;Comp operadora;10
1341;3926;CENTRO CONTROL;18
1342;3926;TIEMPO;38
1343;3927;Comp operadora;23
1344;3927;CENTRO CONTROL;8
1345;3930;Comp operadora;5
1346;3930;TIEMPO;34
1347;3933;Comp operadora;7
1348;3933;TIEMPO;20
1349;3939;Comp operadora;5
1350;3939;TIEMPO;50
1351;3944;Comp operadora;4
1352;3944;TIEMPO;38
1353;3947;Comp operadora;4
1354;3947;CENTRO CONTROL;6
1355;3947;TIEMPO;56
1356;3951;TIEMPO;82
1357;3953;Comp operadora;8
1358;3953;TIEMPO;69
1359;3954;CENTRO CONTROL;3
1360;3954;TIEMPO;39
1361;3956;TIEMPO;42
1362;3965;CENTRO CONTROL;15
1363;3967;CENTRO CONTROL;75
1364;3967;TIEMPO;11
1365;3968;CENTRO CONTROL;45
1366;3968;TIEMPO;10
1367;3972;CENTRO CONTROL;28
1368;3977;TIEMPO;99
1369;3984;CENTRO CONTROL;20
1370;3984;TIEMPO;50
1371;3985;CENTRO CONTROL;15
1372;3987;Comp operadora;14
1373;3987;TIEMPO;5
1374;3993;CENTRO CONTROL;17
1375;3998;CENTRO CONTROL;20
1376;4005;CENTRO CONTROL;30
1377;4006;CENTRO CONTROL;47
1378;4009;Comp operadora;150
1379;4009;CENTRO CONTROL;6
1380;4015;CENTRO CONTROL;20
1381;4018;TIEMPO;18
1382;4022;Comp operadora;23
1383;4022;CENTRO CONTROL;2
1384;4022;TIEMPO;24
1385;4023;CENTRO CONTROL;17
1386;4025;CENTRO CONTROL;15
1387;4026;CENTRO CONTROL;37
1388;4033;CENTRO CONTROL;103
1389;4034;CENTRO CONTROL;96
1390;4036;Comp operadora;1
1391;4036;TIEMPO;43
1392;4040;TIEMPO;8
1393;4040;CENTRO CONTROL;10
1394;4040;TIEMPO;147
1395;4041;Comp operadora;86
1396;4041;CENTRO CONTROL;8
1397;4044;CENTRO CONTROL;15
1398;4052;Comp operadora;51
1399;4052;CENTRO CONTROL;28
1400;4063;CENTRO CONTROL;33
1401;4068;Comp operadora;49
1402;4070;CENTRO CONTROL;69
1403;4070;TIEMPO;2
1404;4071;CENTRO CONTROL;25
1405;4077;Comp operadora;22
1406;4077;CENTRO CONTROL;19
1407;4079;Comp operadora;23
1408;4079;CENTRO CONTROL;6
1409;4086;Comp operadora;10
1410;4086;CENTRO CONTROL;11
1411;4103;CENTRO CONTROL;54
1412;4105;TIEMPO;7
1413;4105;TIEMPO;33
1414;4115;CENTRO CONTROL;31
1415;4118;TIEMPO;16
1416;4130;Comp operadora;7
1417;4130;CENTRO CONTROL;13
1418;4131;Comp operadora;31
1419;4131;CENTRO CONTROL;32
1420;4133;Comp operadora;3
1421;4133;TIEMPO;67
1422;4134;CENTRO CONTROL;15
1423;4138;CENTRO CONTROL;18
1424;4147;Comp operadora;20
1425;4157;Comp operadora;10
1426;4157;CENTRO CONTROL;5
1427;4160;CENTRO CONTROL;33
1428;4162;Comp operadora;10
1429;4162;CENTRO CONTROL;12
1430;4163;Comp operadora;13
1431;4163;CENTRO CONTROL;14
1432;4167;Comp operadora;24
1433;4167;CENTRO CONTROL;1
1434;4173;CENTRO CONTROL;21
1435;4180;Comp operadora;8
1436;4180;CENTRO CONTROL;10
1437;4181;Comp operadora;140
1438;4184;CENTRO CONTROL;30
1439;4192;Comp operadora;12
1440;4192;CENTRO CONTROL;16
1441;4200;TIEMPO;18
1442;4200;TIEMPO;26
1443;4201;CENTRO CONTROL;20
1444;4210;CENTRO CONTROL;75
1445;4220;TIEMPO;22
1446;4232;CENTRO CONTROL;17
1447;4235;Comp operadora;78
1448;4235;TIEMPO;3
1449;4290;Comp operadora;27
1450;4298;Comp operadora;94
1451;4302;Comp operadora;9
1452;4302;CENTRO CONTROL;14
1453;4322;TIEMPO;54
1454;4326;CENTRO CONTROL;22
1455;4339;Comp operadora;7
1456;4339;TIEMPO;17
1457;4345;TIEMPO;58
1458;4347;Comp operadora;19
1459;4352;Comp operadora;9
1460;4352;CENTRO CONTROL;12
1461;4352;TIEMPO;13
1462;4355;Comp operadora;102
1463;4355;CENTRO CONTROL;16
1464;4355;TIEMPO;18
1465;4357;TIEMPO;9
1466;4357;CENTRO CONTROL;9
1467;4357;TIEMPO;9
1468;4358;CENTRO CONTROL;16
1469;4361;Comp operadora;27
1470;4361;CENTRO CONTROL;15
1471;4363;CENTRO CONTROL;59
1472;4364;CENTRO CONTROL;3
1473;4364;TIEMPO;128
1474;4366;TIEMPO;5
1475;4366;TIEMPO;44
1476;4370;CENTRO CONTROL;24
1477;4371;Comp operadora;43
1478;4371;TIEMPO;9
1479;4372;Comp operadora;7
1480;4372;TIEMPO;10
1481;4372;TIEMPO;2
1482;4374;CENTRO CONTROL;44
1483;4375;CENTRO CONTROL;35
1484;4378;Comp operadora;49
1485;4380;TIEMPO;36
1486;4383;CENTRO CONTROL;15
1487;4385;CENTRO CONTROL;40
1488;4386;CENTRO CONTROL;61
1489;4387;CENTRO CONTROL;18
1490;4387;TIEMPO;110
1491;4388;CENTRO CONTROL;3
1492;4388;TIEMPO;40
1493;4391;CENTRO CONTROL;74
1494;4393;Comp operadora;17
1495;4393;CENTRO CONTROL;20
1496;4394;CENTRO CONTROL;4
1497;4394;TIEMPO;51
1498;4396;TIEMPO;6
1499;4396;TIEMPO;96
1500;4397;CENTRO CONTROL;5
1501;4397;TIEMPO;73
1502;4399;CENTRO CONTROL;84
1503;4400;CENTRO CONTROL;83
1504;4401;CENTRO CONTROL;15
1505;4402;CENTRO CONTROL;100
1506;4402;TIEMPO;9
1507;4403;CENTRO CONTROL;115
1508;4404;CENTRO CONTROL;136
1509;4405;CENTRO CONTROL;109
1510;4410;CENTRO CONTROL;103
1511;4412;CENTRO CONTROL;30
1512;4412;TIEMPO;12
1513;4413;CENTRO CONTROL;17
1514;4413;TIEMPO;1
1515;4415;CENTRO CONTROL;12
1516;4415;TIEMPO;39
1517;4416;CENTRO CONTROL;28
1518;4416;TIEMPO;6
1519;4417;Comp operadora;9
1520;4417;CENTRO CONTROL;11
1521;4422;TIEMPO;9
1522;4422;CENTRO CONTROL;13
1523;4430;CENTRO CONTROL;20
1524;4434;Comp operadora;50
1525;4438;CENTRO CONTROL;70
1526;4439;CENTRO CONTROL;57
1527;4447;CENTRO CONTROL;15
1528;4450;Comp operadora;8
1529;4450;CENTRO CONTROL;12
1530;4462;Comp operadora;16
1531;4470;Comp operadora;10
1532;4470;CENTRO CONTROL;2
1533;4470;TIEMPO;29
1534;4476;Comp operadora;9
1535;4476;CENTRO CONTROL;24
1536;4481;CENTRO CONTROL;16
1537;4484;Comp operadora;23
1538;4484;CENTRO CONTROL;3
1539;4484;TIEMPO;1
1540;4490;CENTRO CONTROL;26
1541;4496;TIEMPO;86
1542;4498;Comp operadora;22
1543;4498;CENTRO CONTROL;3
1544;4499;CENTRO CONTROL;21
1545;4501;Comp operadora;8
1546;4501;TIEMPO;40
1547;4503;Comp operadora;36
1548;4503;CENTRO CONTROL;3
1549;4510;CENTRO CONTROL;20
1550;4512;Comp operadora;8
1551;4512;CENTRO CONTROL;12
1552;4516;Comp operadora;18
1553;4522;CENTRO CONTROL;110
1554;4524;Comp operadora;2
1555;4524;TIEMPO;14
1556;4527;CENTRO CONTROL;7
1557;4527;TIEMPO;29
1558;4537;Comp operadora;9
1559;4537;TIEMPO;30
1560;4538;Comp operadora;104
1561;4538;CENTRO CONTROL;4
1562;4549;CENTRO CONTROL;16
1563;4558;Comp operadora;101
1564;4564;Comp operadora;10
1565;4564;TIEMPO;44
1566;4566;TIEMPO;29
1567;4569;CENTRO CONTROL;13
1568;4569;TIEMPO;27
1569;4571;CENTRO CONTROL;15
1570;4574;Comp operadora;69
1571;4574;CENTRO CONTROL;4
1572;4577;Comp operadora;59
1573;4577;TIEMPO;48
1574;4578;Comp operadora;7
1575;4578;TIEMPO;8
1576;4579;TIEMPO;18
1577;4585;TIEMPO;42
1578;4592;CENTRO CONTROL;295
1579;4592;TIEMPO;5
1580;4597;CENTRO CONTROL;22
1581;4603;CENTRO CONTROL;23
1582;4603;TIEMPO;12
1583;4604;Comp operadora;34
1584;4604;CENTRO CONTROL;7
1585;4606;CENTRO CONTROL;15
1586;4612;Comp operadora;7
1587;4612;CENTRO CONTROL;33
1588;4614;CENTRO CONTROL;20
1589;4615;Comp operadora;103
1590;4615;CENTRO CONTROL;9
1591;4618;Comp operadora;46
1592;4627;Comp operadora;55
1593;4628;Comp operadora;316
1594;4633;Comp operadora;19
1595;4641;Comp operadora;26
1596;4648;CENTRO CONTROL;20
1597;4649;CENTRO CONTROL;17
1598;4654;Comp operadora;134
1599;4654;CENTRO CONTROL;17
1600;4656;Comp operadora;19
1601;4658;Comp operadora;51
1602;4659;Comp operadora;85
1603;4659;CENTRO CONTROL;28
1604;4660;CENTRO CONTROL;35
1605;4665;CENTRO CONTROL;21
1606;4670;Comp operadora;40
1607;4671;Comp operadora;48
1608;4671;CENTRO CONTROL;11
1609;4672;CENTRO CONTROL;31
1610;4673;TIEMPO;31
1611;4674;CENTRO CONTROL;18
1612;4674;TIEMPO;59
1613;4682;Comp operadora;14
1614;4682;CENTRO CONTROL;12
1615;4691;Comp operadora;8
1616;4691;CENTRO CONTROL;8
1617;4692;Comp operadora;47
1618;4695;CENTRO CONTROL;22
1619;4698;Comp operadora;12
1620;4698;CENTRO CONTROL;1
1621;4698;TIEMPO;95
1622;4710;Comp operadora;17
1623;4710;CENTRO CONTROL;1
1624;4713;Comp operadora;46
1625;4716;Comp operadora;38
1626;4716;CENTRO CONTROL;3
1627;4719;CENTRO CONTROL;7
1628;4719;TIEMPO;33
1629;4723;Comp operadora;22
1630;4723;CENTRO CONTROL;4
1631;4723;TIEMPO;69
1632;4727;CENTRO CONTROL;3
1633;4727;TIEMPO;71
1634;4728;Comp operadora;10
1635;4728;TIEMPO;60
1636;4733;Comp operadora;3
1637;4733;CENTRO CONTROL;3
1638;4733;TIEMPO;69
1639;4734;Comp operadora;7
1640;4734;TIEMPO;73
1641;4735;Comp operadora;22
1642;4738;TIEMPO;187
1643;4739;Comp operadora;19
1644;4739;CENTRO CONTROL;14
1645;4741;TIEMPO;163
1646;4748;TIEMPO;125
1647;4754;TIEMPO;52
1648;4755;Comp operadora;19
1649;4755;CENTRO CONTROL;12
1650;4755;TIEMPO;29
1651;4756;CENTRO CONTROL;32
1652;4757;TIEMPO;19
1653;4759;Comp operadora;70
1654;4759;CENTRO CONTROL;2
1655;4760;TIEMPO;63
1656;4762;CENTRO CONTROL;2
1657;4762;TIEMPO;13
1658;4763;CENTRO CONTROL;1
1659;4763;TIEMPO;44
1660;4764;Comp operadora;248
1661;4764;CENTRO CONTROL;7
1662;4765;TIEMPO;219
1663;4767;TIEMPO;239
1664;4772;CENTRO CONTROL;16
1665;4778;Comp operadora;316
1666;4779;TIEMPO;304
1667;4780;Comp operadora;19
1668;4781;Comp operadora;148
1669;4781;TIEMPO;304
1670;4803;Comp operadora;17
1671;4803;CENTRO CONTROL;5
1672;4806;CENTRO CONTROL;26
1673;4808;Comp operadora;27
1674;4808;CENTRO CONTROL;7
1675;4809;CENTRO CONTROL;3
1676;4809;TIEMPO;139
1677;4810;Comp operadora;37
1678;4810;TIEMPO;104
1679;4811;Comp operadora;103
1680;4811;CENTRO CONTROL;1
1681;4817;Comp operadora;35
1682;4819;TIEMPO;15
1683;4821;CENTRO CONTROL;1
1684;4821;TIEMPO;122
1685;4822;CENTRO CONTROL;13
1686;4822;TIEMPO;131
1687;4823;CENTRO CONTROL;1
1688;4823;TIEMPO;110
1689;4824;Comp operadora;1
1690;4824;TIEMPO;137
1691;4845;TIEMPO;24
1692;4846;TIEMPO;50
1693;4847;CENTRO CONTROL;16
1694;4848;CENTRO CONTROL;18
1695;4848;TIEMPO;9
1696;4850;CENTRO CONTROL;21
1697;4852;Comp operadora;56
1698;4852;CENTRO CONTROL;1
1699;4854;CENTRO CONTROL;35
1700;4858;CENTRO CONTROL;20
1701;4859;Comp operadora;7
1702;4859;CENTRO CONTROL;83
1703;4861;CENTRO CONTROL;49
1704;4861;TIEMPO;80
1705;4862;Comp operadora;85
1706;4863;TIEMPO;72
1707;4864;Comp operadora;15
1708;4865;CENTRO CONTROL;36
1709;4866;Comp operadora;93
1710;4869;TIEMPO;82
1711;4871;CENTRO CONTROL;15
1712;4873;Comp operadora;79
1713;4877;CENTRO CONTROL;23
1714;4880;Comp operadora;24
1715;4881;TIEMPO;56
1716;4882;CENTRO CONTROL;46
1717;4885;TIEMPO;32
1718;4888;CENTRO CONTROL;53
1719;4890;CENTRO CONTROL;35
1720;4895;CENTRO CONTROL;31
1721;4898;TIEMPO;16
1722;4906;CENTRO CONTROL;26
1723;4913;CENTRO CONTROL;25
1724;4914;CENTRO CONTROL;30
1725;4920;CENTRO CONTROL;33
1726;4923;CENTRO CONTROL;22
1727;4929;Comp operadora;32
1728;4935;Comp operadora;52
1729;4935;CENTRO CONTROL;18
1730;4944;Comp operadora;4
1731;4944;CENTRO CONTROL;2
1732;4944;TIEMPO;9
1733;4945;Comp operadora;28
1734;4983;CENTRO CONTROL;21
1735;4983;TIEMPO;37
1736;4984;Comp operadora;12
1737;4984;CENTRO CONTROL;3
1738;4984;TIEMPO;103
1739;4987;TIEMPO;64
1740;4988;Comp operadora;5
1741;4988;TIEMPO;80
1742;4991;CENTRO CONTROL;11
1743;4991;TIEMPO;8
1744;4993;Comp operadora;12
1745;4993;CENTRO CONTROL;6
1746;4994;Comp operadora;4
1747;4994;CENTRO CONTROL;5
1748;4994;TIEMPO;11
1749;4995;Comp operadora;4
1750;4995;TIEMPO;20
1751;5003;TIEMPO;30
1752;5004;Comp operadora;25
1753;5004;CENTRO CONTROL;5
1754;5005;Comp operadora;3
1755;5005;TIEMPO;30
1756;5006;TIEMPO;55
1757;5007;CENTRO CONTROL;11
1758;5007;TIEMPO;61
1759;5008;CENTRO CONTROL;18
1760;5027;TIEMPO;75
1761;5029;TIEMPO;52
1762;5032;Comp operadora;30
1763;5033;Comp operadora;28
1764;5046;Comp operadora;70
1765;5047;Comp operadora;17
1766;5065;Comp operadora;72
1767;5065;CENTRO CONTROL;11
1768;5070;CENTRO CONTROL;15
1769;5073;TIEMPO;35
1770;5078;TIEMPO;41
1771;5081;Comp operadora;44
1772;5084;Comp operadora;66
1773;5084;CENTRO CONTROL;9
1774;5089;Comp operadora;21
1775;5094;TIEMPO;22
1776;5100;Comp operadora;26
1777;5100;CENTRO CONTROL;2
1778;5103;TIEMPO;71
1779;5106;Comp operadora;15
1780;5106;CENTRO CONTROL;2
1781;5121;Comp operadora;10
1782;5121;CENTRO CONTROL;5
1783;5139;Comp operadora;75
1784;5142;TIEMPO;53
1785;5148;Comp operadora;20
1786;5149;Comp operadora;163
1787;5151;Comp operadora;75
1788;5154;TIEMPO;49
1789;5161;Comp operadora;88
1790;5185;Comp operadora;10
1791;5185;CENTRO CONTROL;17
1792;5212;Comp operadora;61
1793;5212;CENTRO CONTROL;10
1794;5213;CENTRO CONTROL;5
1795;5213;TIEMPO;57
1796;5218;TIEMPO;25
1797;5219;TIEMPO;38
1798;5220;Comp operadora;18
1799;5239;TIEMPO;19
1800;5240;CENTRO CONTROL;37
1801;5240;TIEMPO;7
1802;5246;CENTRO CONTROL;41
1803;5260;Comp operadora;70
1804;5260;CENTRO CONTROL;9
1805;5263;CENTRO CONTROL;3
1806;5263;TIEMPO;68
1807;5267;Comp operadora;17
1808;5289;Comp operadora;2
1809;5289;TIEMPO;49
1810;5310;TIEMPO;34
1811;5316;Comp operadora;10
1812;5316;TIEMPO;15
1813;5341;CENTRO CONTROL;23
1814;5353;TIEMPO;16
1815;5356;Comp operadora;46
1816;5364;TIEMPO;15
1817;5366;TIEMPO;17
1818;5369;Comp operadora;32
1819;5369;CENTRO CONTROL;8
1820;5371;Comp operadora;204
1821;5372;TIEMPO;41
1822;5373;Comp operadora;39
1823;5375;Comp operadora;59
1824;5375;CENTRO CONTROL;10
1825;5376;TIEMPO;62
1826;5377;TIEMPO;22
1827;5379;Comp operadora;4
1828;5379;TIEMPO;72
1829;5380;TIEMPO;48
1830;5382;CENTRO CONTROL;37
1831;5394;Comp operadora;32
1832;5394;CENTRO CONTROL;4
1833;5400;CENTRO CONTROL;3
1834;5400;TIEMPO;74
1835;5413;Comp operadora;26
1836;5424;CENTRO CONTROL;18
1837;5424;TIEMPO;28
1838;5427;TIEMPO;40
1839;5436;CENTRO CONTROL;7
1840;5436;TIEMPO;12
1841;5437;Comp operadora;13
1842;5437;CENTRO CONTROL;4
1843;5441;Comp operadora;13
1844;5441;CENTRO CONTROL;23
1845;5445;Comp operadora;24
1846;5455;Comp operadora;4
1847;5455;TIEMPO;25
1848;5487;TIEMPO;31
1849;5492;Comp operadora;28
1850;5492;CENTRO CONTROL;7
1851;5496;CENTRO CONTROL;58
1852;5512;CENTRO CONTROL;17
1853;5523;Comp operadora;48
1854;5524;Comp operadora;42
1855;5524;CENTRO CONTROL;4
1856;5526;TIEMPO;21
1857;5528;TIEMPO;37
1858;5550;Comp operadora;4
1859;5550;CENTRO CONTROL;1
1860;5550;TIEMPO;29
1861;5552;TIEMPO;20
1862;5600;Comp operadora;50
1863;5602;TIEMPO;39
1864;5618;Comp operadora;48
1865;5618;CENTRO CONTROL;1
1866;5624;Comp operadora;15
1867;5629;Comp operadora;45
1868;5642;Comp operadora;19
1869;5657;CENTRO CONTROL;14
1870;5657;TIEMPO;12
1871;5659;TIEMPO;33
1872;5661;Comp operadora;35
1873;5661;CENTRO CONTROL;23
1874;5668;CENTRO CONTROL;9
1875;5668;TIEMPO;7
1876;5706;CENTRO CONTROL;22
1877;5707;Comp operadora;18
1878;5707;CENTRO CONTROL;4
1879;5724;Comp operadora;7
1880;5724;CENTRO CONTROL;12
1881;5726;Comp operadora;8
1882;5726;CENTRO CONTROL;14
1883;5727;CENTRO CONTROL;246
1884;5742;CENTRO CONTROL;204
1885;5751;Comp operadora;124
1886;5754;Comp operadora;61
1887;5754;CENTRO CONTROL;1
1888;5760;CENTRO CONTROL;20
1889;5760;TIEMPO;31
1890;5766;CENTRO CONTROL;10
1891;5766;TIEMPO;11
1892;5772;Comp operadora;53
1893;5782;Comp operadora;19
1894;5784;CENTRO CONTROL;130
1895;5784;TIEMPO;53
1896;5791;CENTRO CONTROL;21
1897;5795;CENTRO CONTROL;109
1898;5795;TIEMPO;78
1899;5798;Comp operadora;19
1900;5798;TIEMPO;183
1901;5823;Comp operadora;15
1902;5823;CENTRO CONTROL;4
1903;5825;Comp operadora;121
1904;5825;TIEMPO;169
1905;5830;Comp operadora;17
1906;5830;CENTRO CONTROL;15
1907;5838;Comp operadora;203
1908;5838;CENTRO CONTROL;5
1909;5838;TIEMPO;149
1910;5841;CENTRO CONTROL;46
1911;5842;Comp operadora;4
1912;5842;CENTRO CONTROL;15
1913;5850;Comp operadora;9
1914;5850;TIEMPO;8
1915;5851;Comp operadora;19
1916;5856;Comp operadora;5
1917;5856;CENTRO CONTROL;33
1918;5860;Comp operadora;2
1919;5860;CENTRO CONTROL;13
1920;5864;Comp operadora;11
1921;5864;CENTRO CONTROL;22
1922;5864;TIEMPO;3
1923;5865;Comp operadora;29
1924;5865;CENTRO CONTROL;8
1925;5865;TIEMPO;43
1926;5867;CENTRO CONTROL;108
1927;5867;TIEMPO;32
1928;5873;CENTRO CONTROL;79
1929;5878;CENTRO CONTROL;26
1930;5880;CENTRO CONTROL;20
1931;5884;Comp operadora;1
1932;5884;CENTRO CONTROL;23
1933;5890;CENTRO CONTROL;59
1934;5891;CENTRO CONTROL;4
1935;5891;TIEMPO;53
1936;5899;Comp operadora;76
1937;5899;CENTRO CONTROL;13
1938;5902;CENTRO CONTROL;71
1939;5902;TIEMPO;34
1940;5903;Comp operadora;1
1941;5903;TIEMPO;22
1942;5909;CENTRO CONTROL;373
1943;5920;Comp operadora;13
1944;5920;CENTRO CONTROL;31
1945;5920;TIEMPO;4
1946;5925;CENTRO CONTROL;369
1947;5925;TIEMPO;1
1948;5926;Comp operadora;4
1949;5926;TIEMPO;350
1950;5933;CENTRO CONTROL;20
1951;5935;CENTRO CONTROL;27
1952;5935;SEGURIDAD;22
1953;5937;CENTRO CONTROL;36
1954;5938;Comp operadora;106
1955;5940;CENTRO CONTROL;24
1956;5945;CENTRO CONTROL;176
1957;5946;TIEMPO;91
1958;5948;CENTRO CONTROL;46
1959;5970;CENTRO CONTROL;19
1960;5972;CENTRO CONTROL;20
1961;5976;Comp operadora;6
1962;5976;CENTRO CONTROL;28
1963;5985;Comp operadora;5
1964;5985;CENTRO CONTROL;17
1965;6005;Comp operadora;1
1966;6005;CENTRO CONTROL;77
1967;6008;CENTRO CONTROL;24
1968;6010;CENTRO CONTROL;15
1969;6011;CENTRO CONTROL;268
1970;6011;TIEMPO;26
1971;6014;Comp operadora;21
1972;6014;TIEMPO;11
1973;6026;CENTRO CONTROL;20
1974;6030;Comp operadora;39
1975;6030;CENTRO CONTROL;7
1976;6032;Comp operadora;10
1977;6032;CENTRO CONTROL;4
1978;6032;TIEMPO;5
1979;6038;Comp operadora;5
1980;6038;CENTRO CONTROL;25
1981;6040;CENTRO CONTROL;15
1982;6047;Comp operadora;97
1983;6047;TIEMPO;155
1984;6053;CENTRO CONTROL;12
1985;6053;TIEMPO;27
1986;6055;Comp operadora;15
1987;6055;CENTRO CONTROL;3
1988;6056;CENTRO CONTROL;393
1989;6063;CENTRO CONTROL;11
1990;6063;TIEMPO;18
1991;6069;CENTRO CONTROL;27
1992;6070;Comp operadora;9
1993;6070;CENTRO CONTROL;10
1994;6078;CENTRO CONTROL;18
1995;6084;CENTRO CONTROL;173
1996;6085;TIEMPO;54
1997;6088;CENTRO CONTROL;19
1998;6090;Comp operadora;6
1999;6090;CENTRO CONTROL;20
2000;6092;Comp operadora;2
2001;6092;TIEMPO;38
2002;6093;CENTRO CONTROL;31
2003;6095;CENTRO CONTROL;21
2004;6097;Comp operadora;4
2005;6097;TIEMPO;50
2006;6098;CENTRO CONTROL;67
2007;6103;CENTRO CONTROL;17
2008;6105;CENTRO CONTROL;92
2009;6109;CENTRO CONTROL;30
2010;6110;TIEMPO;225
2011;6117;CENTRO CONTROL;15
2012;6120;CENTRO CONTROL;15
2013;6122;CENTRO CONTROL;176
2014;6128;Comp operadora;36
2015;6128;TIEMPO;5
2016;6130;TIEMPO;33
2017;6132;TIEMPO;16
2018;6133;CENTRO CONTROL;37
2019;6134;CENTRO CONTROL;14
2020;6134;TIEMPO;52
2021;6135;CENTRO CONTROL;55
2022;6137;TIEMPO;44
2023;6138;TIEMPO;53
2024;6144;Comp operadora;12
2025;6144;CENTRO CONTROL;3
2026;6144;TIEMPO;41
2027;6145;TIEMPO;40
2028;6146;Comp operadora;3
2029;6146;CENTRO CONTROL;1
2030;6146;TIEMPO;14
2031;6147;Comp operadora;1
2032;6147;TIEMPO;18
2033;6151;Comp operadora;55
2034;6152;Comp operadora;8
2035;6152;CENTRO CONTROL;25
2036;6153;TIEMPO;112
2037;6153;CENTRO CONTROL;42
2038;6156;CENTRO CONTROL;120
2039;6158;CENTRO CONTROL;24
2040;6160;Comp operadora;5
2041;6160;TIEMPO;49
2042;6163;Comp operadora;13
2043;6163;TIEMPO;48
2044;6169;Comp operadora;161
2045;6169;CENTRO CONTROL;6
2046;6172;CENTRO CONTROL;69
2047;6178;Comp operadora;1
2048;6178;TIEMPO;17
2049;6188;Comp operadora;105
2050;6199;CENTRO CONTROL;22
2051;6220;Comp operadora;3
2052;6220;TIEMPO;58
2053;6250;Comp operadora;4
2054;6250;CENTRO CONTROL;5
2055;6250;TIEMPO;57
2056;6253;CENTRO CONTROL;63
2057;6256;Comp operadora;13
2058;6256;CENTRO CONTROL;8
2059;6256;TIEMPO;3
2060;6273;Comp operadora;2
2061;6273;CENTRO CONTROL;14
2062;6276;Comp operadora;97
2063;6276;CENTRO CONTROL;2
2064;6293;TIEMPO;25
2065;6303;TIEMPO;60
2066;6306;CENTRO CONTROL;18
2067;6306;TIEMPO;8
2068;6312;Comp operadora;3
2069;6312;TIEMPO;36
2070;6313;CENTRO CONTROL;44
2071;6318;CENTRO CONTROL;39
2072;6321;Comp operadora;73
2073;6321;CENTRO CONTROL;74
2074;6323;CENTRO CONTROL;16
2075;6331;CENTRO CONTROL;15
2076;6331;TIEMPO;9
2077;6336;CENTRO CONTROL;18
2078;6337;Comp operadora;10
2079;6337;CENTRO CONTROL;70
2080;6341;CENTRO CONTROL;82
2081;6343;Comp operadora;17
2082;6362;CENTRO CONTROL;69
2083;6362;TIEMPO;24
2084;6363;CENTRO CONTROL;15
2085;6367;CENTRO CONTROL;15
2086;6370;Comp operadora;6
2087;6370;CENTRO CONTROL;2
2088;6370;TIEMPO;11
2089;6378;Comp operadora;103
2090;6378;TIEMPO;206
2091;6380;CENTRO CONTROL;19
2092;6381;CENTRO CONTROL;16
2093;6383;CENTRO CONTROL;32
2094;6388;Comp operadora;39
2095;6388;CENTRO CONTROL;1
2096;6392;CENTRO CONTROL;16
2097;6393;Comp operadora;71
2098;6393;CENTRO CONTROL;6
2099;6398;Comp operadora;249
2100;6409;CENTRO CONTROL;25
2101;6425;CENTRO CONTROL;17
2102;6451;Comp operadora;21
2103;6455;Comp operadora;2
2104;6455;TIEMPO;25
2105;6460;CENTRO CONTROL;22
2106;6464;Comp operadora;59
2107;6464;CENTRO CONTROL;15
2108;6465;Comp operadora;11
2109;6465;CENTRO CONTROL;12
2110;6468;CENTRO CONTROL;13
2111;6468;TIEMPO;8
2112;6469;Comp operadora;11
2113;6469;TIEMPO;13
2114;6474;CENTRO CONTROL;18
2115;6479;TIEMPO;26
2116;6479;CENTRO CONTROL;10
2117;6480;CENTRO CONTROL;15
2118;6486;CENTRO CONTROL;46
2119;6489;CENTRO CONTROL;19
2120;6490;Comp operadora;60
2121;6490;CENTRO CONTROL;1
2122;6494;CENTRO CONTROL;4
2123;6494;TIEMPO;31
2124;6495;Comp operadora;12
2125;6495;TIEMPO;8
2126;6499;Comp operadora;10
2127;6499;CENTRO CONTROL;8
2128;6499;TIEMPO;54
2129;6502;TIEMPO;22
2130;6509;Comp operadora;48
2131;6511;CENTRO CONTROL;47
2132;6512;Comp operadora;4
2133;6512;TIEMPO;36
2134;6513;Comp operadora;5
2135;6513;CENTRO CONTROL;19
2136;6516;CENTRO CONTROL;23
2137;6517;CENTRO CONTROL;109
2138;6517;TIEMPO;11
2139;6518;Comp operadora;11
2140;6518;CENTRO CONTROL;5
2141;6518;TIEMPO;1
2142;6522;CENTRO CONTROL;32
2143;6534;CENTRO CONTROL;138
2144;6539;CENTRO CONTROL;30
2145;6541;CENTRO CONTROL;166
2146;6541;TIEMPO;35
2147;6544;Comp operadora;22
2148;6544;CENTRO CONTROL;39
2149;6545;Comp operadora;5
2150;6545;CENTRO CONTROL;10
2151;6547;CENTRO CONTROL;30
2152;6547;TIEMPO;7
2153;6550;Comp operadora;4
2154;6550;TIEMPO;35
2155;6551;Comp operadora;8
2156;6551;TIEMPO;19
2157;6552;Comp operadora;7
2158;6552;CENTRO CONTROL;23
2159;6552;TIEMPO;17
2160;6555;CENTRO CONTROL;15
2161;6556;CENTRO CONTROL;25
2162;6559;CENTRO CONTROL;38
2163;6562;TIEMPO;34
2164;6571;TIEMPO;15
2165;6572;Comp operadora;2
2166;6572;TIEMPO;63
2167;6574;Comp operadora;6
2168;6574;CENTRO CONTROL;17
2169;6574;TIEMPO;10
2170;6575;Comp operadora;9
2171;6575;CENTRO CONTROL;9
2172;6575;TIEMPO;60
2173;6598;Comp operadora;1
2174;6598;CENTRO CONTROL;16
2175;6598;TIEMPO;18
2176;6607;Comp operadora;25
2177;6608;Comp operadora;5
2178;6608;CENTRO CONTROL;1
2179;6608;TIEMPO;14
2180;6612;Comp operadora;46
2181;6612;CENTRO CONTROL;10
2182;6613;CENTRO CONTROL;15
2183;6618;TIEMPO;251
2184;6625;Comp operadora;96
2185;6635;Comp operadora;6
2186;6635;CENTRO CONTROL;17
2187;6638;CENTRO CONTROL;223
2188;6638;TIEMPO;21
2189;6647;CENTRO CONTROL;214
2190;6647;TIEMPO;24
2191;6650;CENTRO CONTROL;15
2192;6650;TIEMPO;70
2193;6653;TIEMPO;121
2194;6653;CENTRO CONTROL;45
2195;6662;CENTRO CONTROL;21
2196;6669;CENTRO CONTROL;22
2197;6685;CENTRO CONTROL;29
2198;6730;Comp operadora;22
2199;6758;CENTRO CONTROL;22
2200;6761;Comp operadora;17
2201;6761;CENTRO CONTROL;9
2202;6762;CENTRO CONTROL;28
2203;6764;CENTRO CONTROL;282
2204;6764;TIEMPO;14
2205;6767;Comp operadora;157
2206;6767;CENTRO CONTROL;53
2207;6767;TIEMPO;6
2208;6768;CENTRO CONTROL;92
2209;6769;CENTRO CONTROL;75
2210;6770;CENTRO CONTROL;24
2211;6772;Comp operadora;7
2212;6772;TIEMPO;184
2213;6773;Comp operadora;3
2214;6773;TIEMPO;68
2215;6774;CENTRO CONTROL;5
2216;6774;TIEMPO;59
2217;6776;CENTRO CONTROL;55
2218;6777;CENTRO CONTROL;53
2219;6779;TIEMPO;23
2220;6793;CENTRO CONTROL;19
2221;6796;Comp operadora;2
2222;6796;TIEMPO;79
2223;6797;Comp operadora;189
2224;6805;CENTRO CONTROL;283
2225;6805;TIEMPO;74
2226;6820;Comp operadora;212
2227;6820;CENTRO CONTROL;64
2228;6838;CENTRO CONTROL;330
2229;6838;TIEMPO;11
2230;6862;CENTRO CONTROL;320
2231;6869;CENTRO CONTROL;71
2232;6875;Comp operadora;3
2233;6875;CENTRO CONTROL;23
2234;6878;CENTRO CONTROL;161
2235;6878;TIEMPO;4
2236;6879;Comp operadora;8
2237;6879;CENTRO CONTROL;11
2238;6879;TIEMPO;131
2239;6880;Comp operadora;9
2240;6880;CENTRO CONTROL;10
2241;6880;TIEMPO;59
2242;6887;Comp operadora;7
2243;6887;CENTRO CONTROL;10
2244;6891;Comp operadora;18
2245;6891;CENTRO CONTROL;12
2246;6903;CENTRO CONTROL;468
2247;6910;Comp operadora;1
2248;6910;TIEMPO;23
2249;6914;Comp operadora;61
2250;6914;CENTRO CONTROL;24
2251;6917;CENTRO CONTROL;17
2252;6919;CENTRO CONTROL;22
2253;6926;TIEMPO;46
2254;6928;CENTRO CONTROL;25
2255;6929;TIEMPO;27
2256;6940;CENTRO CONTROL;7
2257;6940;TIEMPO;41
2258;6944;Comp operadora;34
2259;6944;CENTRO CONTROL;11
2260;6947;Comp operadora;1
2261;6947;TIEMPO;34
2262;6955;Comp operadora;19
2263;6965;CENTRO CONTROL;1
2264;6965;TIEMPO;132
2265;6966;Comp operadora;2
2266;6966;CENTRO CONTROL;14
2267;6966;TIEMPO;45
2268;6967;Comp operadora;4
2269;6967;TIEMPO;13
2270;6971;Comp operadora;254
2271;6979;CENTRO CONTROL;21
2272;6988;Comp operadora;14
2273;6988;TIEMPO;4
2274;7012;Comp operadora;36
2275;7012;CENTRO CONTROL;25
2276;7013;Comp operadora;3
2277;7013;CENTRO CONTROL;10
2278;7013;TIEMPO;56
2279;7020;Comp operadora;12
2280;7020;TIEMPO;22
2281;7023;Comp operadora;3
2282;7023;TIEMPO;24
2283;7037;CENTRO CONTROL;99
2284;7040;CENTRO CONTROL;235
2285;7043;Comp operadora;157
2286;7043;TIEMPO;285
2287;7059;Comp operadora;35
2288;7059;TIEMPO;2
2289;7061;CENTRO CONTROL;15
2290;7065;Comp operadora;15
2291;7065;CENTRO CONTROL;6
2292;7067;Comp operadora;10
2293;7067;CENTRO CONTROL;11
2294;7075;Comp operadora;10
2295;7075;CENTRO CONTROL;6
2296;7078;CENTRO CONTROL;40
2297;7088;Comp operadora;4
2298;7088;TIEMPO;44
2299;7096;CENTRO CONTROL;3
2300;7096;TIEMPO;23
2301;7110;Comp operadora;16
2302;7110;CENTRO CONTROL;5
2303;7111;CENTRO CONTROL;25
2304;7112;Comp operadora;9
2305;7112;CENTRO CONTROL;25
2306;7129;Comp operadora;19
2307;7132;Comp operadora;23
2308;7133;Comp operadora;34
2309;7133;CENTRO CONTROL;37
2310;7135;CENTRO CONTROL;10
2311;7135;TIEMPO;12
2312;7139;CENTRO CONTROL;9
2313;7139;TIEMPO;66
2314;7142;Comp operadora;6
2315;7142;TIEMPO;11
2316;7146;CENTRO CONTROL;119
2317;7147;Comp operadora;2
2318;7147;CENTRO CONTROL;19
2319;7147;TIEMPO;10
2320;7149;Comp operadora;25
2321;7149;CENTRO CONTROL;11
2322;7152;CENTRO CONTROL;44
2323;7156;Comp operadora;21
2324;7156;CENTRO CONTROL;18
2325;7158;Comp operadora;4
2326;7158;CENTRO CONTROL;12
2327;7158;TIEMPO;15
2328;7163;CENTRO CONTROL;40
2329;7164;Comp operadora;42
2330;7164;CENTRO CONTROL;9
2331;7172;CENTRO CONTROL;42
2332;7174;TIEMPO;40
2333;7175;Comp operadora;36
2334;7185;TIEMPO;18
2335;7196;CENTRO CONTROL;52
2336;7203;CENTRO CONTROL;21
2337;7209;CENTRO CONTROL;56
2338;7210;CENTRO CONTROL;39
2339;7211;Comp operadora;77
2340;7216;Comp operadora;38
2341;7216;CENTRO CONTROL;11
2342;7221;CENTRO CONTROL;32
2343;7229;Comp operadora;36
2344;7229;CENTRO CONTROL;23
2345;7230;CENTRO CONTROL;20
2346;7231;CENTRO CONTROL;22
2347;7251;CENTRO CONTROL;61
2348;7253;CENTRO CONTROL;44
2349;7270;CENTRO CONTROL;15
2350;7271;CENTRO CONTROL;38
2351;7272;Comp operadora;13
2352;7272;CENTRO CONTROL;11
2353;7278;Comp operadora;14
2354;7278;CENTRO CONTROL;34
2355;7280;Comp operadora;77
2356;7280;CENTRO CONTROL;6
2357;7297;CENTRO CONTROL;19
2358;7308;CENTRO CONTROL;206
2359;7309;Comp operadora;8
2360;7309;CENTRO CONTROL;32
2361;7310;Comp operadora;41
2362;7310;CENTRO CONTROL;7
2363;7311;CENTRO CONTROL;18
2364;7314;Comp operadora;7
2365;7314;TIEMPO;18
2366;7320;Comp operadora;153
2367;7321;TIEMPO;132
2368;7327;CENTRO CONTROL;18
2369;7329;Comp operadora;182
2370;7337;CENTRO CONTROL;18
2371;7353;CENTRO CONTROL;25
2372;7370;CENTRO CONTROL;78
2373;7371;CENTRO CONTROL;93
2374;7373;Comp operadora;2
2375;7373;TIEMPO;19
2376;7381;CENTRO CONTROL;34
2377;7385;CENTRO CONTROL;17
2378;7391;CENTRO CONTROL;17
2379;7394;Comp operadora;5
2380;7394;TIEMPO;14
2381;7407;TIEMPO;32
2382;7408;TIEMPO;17
2383;7409;CENTRO CONTROL;84
2384;7415;CENTRO CONTROL;17
2385;7433;CENTRO CONTROL;16
2386;7436;Comp operadora;4
2387;7436;TIEMPO;28
2388;7442;CENTRO CONTROL;17
2389;7443;Comp operadora;47
2390;7444;Comp operadora;36
2391;7444;CENTRO CONTROL;10
2392;7447;Comp operadora;14
2393;7447;CENTRO CONTROL;22
2394;7450;CENTRO CONTROL;15
2395;7451;Comp operadora;15
2396;7462;Comp operadora;38
2397;7462;CENTRO CONTROL;2
2398;7469;Comp operadora;11
2399;7469;CENTRO CONTROL;6
2400;7475;Comp operadora;5
2401;7475;CENTRO CONTROL;4
2402;7475;TIEMPO;41
2403;7476;CENTRO CONTROL;168
2404;7484;Comp operadora;4
2405;7484;TIEMPO;13
2406;7493;CENTRO CONTROL;20
2407;7494;CENTRO CONTROL;22
2408;7499;Comp operadora;20
2409;7503;Comp operadora;14
2410;7503;CENTRO CONTROL;2
2411;7521;Comp operadora;16
2412;7521;CENTRO CONTROL;39
2413;7528;Comp operadora;13
2414;7528;CENTRO CONTROL;8
2415;7530;CENTRO CONTROL;27
2416;7534;CENTRO CONTROL;12
2417;7534;TIEMPO;26
2418;7535;Comp operadora;11
2419;7535;CENTRO CONTROL;21
2420;7537;CENTRO CONTROL;140
2421;7544;Comp operadora;31
2422;7555;CENTRO CONTROL;15
2423;7560;CENTRO CONTROL;7
2424;7560;TIEMPO;17
2425;7561;CENTRO CONTROL;17
2426;7573;Comp operadora;134
2427;7590;CENTRO CONTROL;33
2428;7592;Comp operadora;3
2429;7592;CENTRO CONTROL;15
2430;7592;TIEMPO;95
2431;7597;Comp operadora;6
2432;7597;CENTRO CONTROL;4
2433;7597;TIEMPO;8
2434;7607;CENTRO CONTROL;38
2435;7638;Comp operadora;43
2436;7640;Comp operadora;48
2437;7640;CENTRO CONTROL;17
2438;7641;CENTRO CONTROL;22
2439;7642;Comp operadora;6
2440;7642;TIEMPO;24
2441;7643;CENTRO CONTROL;35
2442;7644;TIEMPO;45
2443;7666;CENTRO CONTROL;48
2444;7667;CENTRO CONTROL;67
2445;7678;TIEMPO;78
2446;7678;CENTRO CONTROL;8
2447;7679;CENTRO CONTROL;31
2448;7682;CENTRO CONTROL;19
2449;7707;Comp operadora;29
2450;7707;CENTRO CONTROL;3
2451;7708;Comp operadora;23
2452;7708;CENTRO CONTROL;21
2453;7709;Comp operadora;33
2454;7711;Comp operadora;22
2455;7711;CENTRO CONTROL;13
2456;7712;CENTRO CONTROL;26
2457;7713;CENTRO CONTROL;62
2458;7718;Comp operadora;18
2459;7728;Comp operadora;8
2460;7728;CENTRO CONTROL;13
2461;7728;TIEMPO;22
2462;7734;CENTRO CONTROL;72
2463;7746;CENTRO CONTROL;62
2464;7754;CENTRO CONTROL;15
2465;7758;Comp operadora;34
2466;7759;Comp operadora;4
2467;7759;TIEMPO;23
2468;7764;CENTRO CONTROL;26
2469;7780;CENTRO CONTROL;29
2470;7784;Comp operadora;11
2471;7784;CENTRO CONTROL;12
2472;7788;CENTRO CONTROL;10
2473;7788;TIEMPO;29
2474;7789;CENTRO CONTROL;16
2475;7792;CENTRO CONTROL;107
2476;7799;Comp operadora;21
2477;7808;Comp operadora;7
2478;7808;CENTRO CONTROL;17
2479;7816;TIEMPO;11
2480;7816;CENTRO CONTROL;74
2481;7818;Comp operadora;20
2482;7818;CENTRO CONTROL;5
2483;7819;CENTRO CONTROL;15
2484;7832;CENTRO CONTROL;24
2485;7834;TIEMPO;104
2486;7837;Comp operadora;30
2487;7837;CENTRO CONTROL;7
2488;7838;CENTRO CONTROL;17
2489;7848;CENTRO CONTROL;3
2490;7848;TIEMPO;26
2491;7864;CENTRO CONTROL;32
2492;7866;CENTRO CONTROL;43
2493;7866;SEGURIDAD;10
2494;7878;Comp operadora;130
2495;7878;CENTRO CONTROL;14
2496;7912;CENTRO CONTROL;19
2497;7913;Comp operadora;7
2498;7913;CENTRO CONTROL;19
2499;7914;Comp operadora;31
2500;7921;CENTRO CONTROL;42
2501;7923;CENTRO CONTROL;204
2502;7926;CENTRO CONTROL;22
2503;7928;TIEMPO;19
2504;7929;TIEMPO;21
2505;7931;Comp operadora;10
2506;7931;CENTRO CONTROL;5
2507;7932;Comp operadora;8
2508;7932;CENTRO CONTROL;8
2509;7941;CENTRO CONTROL;17
2510;7946;CENTRO CONTROL;202
2511;7952;Comp operadora;9
2512;7952;CENTRO CONTROL;7
2513;7953;CENTRO CONTROL;17
2514;7953;TIEMPO;21
2515;7954;Comp operadora;14
2516;7954;CENTRO CONTROL;2
2517;7967;Comp operadora;3
2518;7967;TIEMPO;16
2519;7968;TIEMPO;5
2520;7968;TIEMPO;23
2521;7969;Comp operadora;6
2522;7969;TIEMPO;35
2523;7976;CENTRO CONTROL;7
2524;7976;SEGURIDAD;11
2525;7983;CENTRO CONTROL;21
2526;7988;CENTRO CONTROL;332
2527;7989;Comp operadora;11
2528;7989;TIEMPO;11
2529;7993;Comp operadora;13
2530;7993;TIEMPO;17
2531;8001;Comp operadora;9
2532;8001;CENTRO CONTROL;50
2533;8002;Comp operadora;12
2534;8002;CENTRO CONTROL;5
2535;8003;TIEMPO;9
2536;8003;CENTRO CONTROL;19
2537;8009;Comp operadora;14
2538;8009;CENTRO CONTROL;7
2539;8011;CENTRO CONTROL;29
2540;8018;Comp operadora;1
2541;8018;TIEMPO;36
2542;8021;CENTRO CONTROL;3
2543;8021;TIEMPO;22
2544;8030;CENTRO CONTROL;47
2545;8033;CENTRO CONTROL;11
2546;8033;SEGURIDAD;10
2547;8039;CENTRO CONTROL;17
2548;8062;CENTRO CONTROL;15
2549;8076;CENTRO CONTROL;20
2550;8076;SEGURIDAD;14
2551;8079;CENTRO CONTROL;19
2552;8082;CENTRO CONTROL;19
2553;8083;CENTRO CONTROL;26
2554;8085;CENTRO CONTROL;16
2555;8099;CENTRO CONTROL;47
2556;8100;CENTRO CONTROL;21
2557;8101;CENTRO CONTROL;19
2558;8103;CENTRO CONTROL;18
2559;8107;Comp operadora;20
2560;8108;CENTRO CONTROL;6
2561;8108;TIEMPO;59
2562;8120;Comp operadora;24
2563;8120;CENTRO CONTROL;9
2564;8132;Comp operadora;9
2565;8132;CENTRO CONTROL;29
2566;8134;Comp operadora;15
2567;8136;TIEMPO;1
2568;8136;CENTRO CONTROL;5
2569;8136;TIEMPO;48
2570;8146;CENTRO CONTROL;49
2571;8151;TIEMPO;84
2572;8158;CENTRO CONTROL;12
2573;8158;TIEMPO;15
2574;8159;Comp operadora;78
2575;8163;CENTRO CONTROL;216
2576;8166;CENTRO CONTROL;29
2577;8167;Comp operadora;25
2578;8167;CENTRO CONTROL;13
2579;8168;CENTRO CONTROL;32
2580;8169;Comp operadora;3
2581;8169;CENTRO CONTROL;5
2582;8169;TIEMPO;19
2583;8183;CENTRO CONTROL;22
2584;8189;Comp operadora;17
2585;8189;CENTRO CONTROL;11
2586;8193;CENTRO CONTROL;15
2587;8205;Comp operadora;127
2588;8221;Comp operadora;19
2589;8236;TIEMPO;34
2590;8236;CENTRO CONTROL;44
2591;8237;CENTRO CONTROL;34
2592;8246;Comp operadora;8
2593;8246;CENTRO CONTROL;15
2594;8251;CENTRO CONTROL;25
2595;8256;Comp operadora;55
2596;8274;CENTRO CONTROL;23
2597;8295;CENTRO CONTROL;103
2598;8296;TIEMPO;34
2599;8298;Comp operadora;6
2600;8298;CENTRO CONTROL;17
2601;8298;TIEMPO;26
2602;8299;TIEMPO;19
2603;8325;CENTRO CONTROL;25
2604;8336;CENTRO CONTROL;343
2605;8341;CENTRO CONTROL;17
2606;8342;Comp operadora;36
2607;8342;CENTRO CONTROL;5
2608;8350;CENTRO CONTROL;191
2609;8351;Comp operadora;14
2610;8351;CENTRO CONTROL;20
2611;8359;Comp operadora;95
2612;8360;Comp operadora;20
2613;8362;Comp operadora;72
2614;8372;TIEMPO;47
2615;8373;CENTRO CONTROL;2
2616;8373;TIEMPO;54
2617;8380;CENTRO CONTROL;27
2618;8386;Comp operadora;6
2619;8386;CENTRO CONTROL;19
2620;8388;TIEMPO;18
2621;8395;CENTRO CONTROL;83
2622;8396;Comp operadora;57
2623;8399;Comp operadora;18
2624;8399;CENTRO CONTROL;4
2625;8403;TIEMPO;34
2626;8403;CENTRO CONTROL;32
2627;8404;CENTRO CONTROL;15
2628;8406;CENTRO CONTROL;34
2629;8407;CENTRO CONTROL;27
2630;8408;CENTRO CONTROL;78
2631;8410;Comp operadora;19
2632;8413;CENTRO CONTROL;62
2633;8415;CENTRO CONTROL;31
2634;8417;CENTRO CONTROL;17
2635;8418;CENTRO CONTROL;264
2636;8421;CENTRO CONTROL;68
2637;8426;CENTRO CONTROL;17
2638;8428;CENTRO CONTROL;34
2639;8428;TIEMPO;11
2640;8441;CENTRO CONTROL;25
2641;8472;CENTRO CONTROL;15
2642;8475;Comp operadora;49
2643;8491;Comp operadora;19
2644;8491;CENTRO CONTROL;2
2645;8492;CENTRO CONTROL;90
2646;8494;CENTRO CONTROL;16
2647;8499;Comp operadora;43
2648;8499;CENTRO CONTROL;3
2649;8508;TIEMPO;16
2650;8521;CENTRO CONTROL;40
2651;8530;CENTRO CONTROL;32
2652;8544;Comp operadora;110
2653;8545;TIEMPO;4
2654;8545;TIEMPO;23
2655;8573;CENTRO CONTROL;20
2656;8578;CENTRO CONTROL;226
2657;8589;CENTRO CONTROL;112
2658;8592;CENTRO CONTROL;25
2659;8593;Comp operadora;25
2660;8595;Comp operadora;115
2661;8595;CENTRO CONTROL;29
2662;8604;Comp operadora;6
2663;8604;TIEMPO;13
2664;8619;Comp operadora;32
2665;8641;CENTRO CONTROL;21
2666;8647;CENTRO CONTROL;16
2667;8659;CENTRO CONTROL;18
2668;8660;CENTRO CONTROL;17
2669;8677;Comp operadora;8
2670;8677;TIEMPO;23
2671;8692;CENTRO CONTROL;15
2672;8696;Comp operadora;9
2673;8696;CENTRO CONTROL;6
2674;8700;Comp operadora;1
2675;8700;CENTRO CONTROL;12
2676;8700;TIEMPO;20
2677;8701;Comp operadora;51
2678;8713;CENTRO CONTROL;213
2679;8716;CENTRO CONTROL;16
2680;8722;CENTRO CONTROL;20
2681;8727;CENTRO CONTROL;24
2682;8734;Comp operadora;66
2683;8740;CENTRO CONTROL;67
2684;8760;Comp operadora;21
2685;8761;CENTRO CONTROL;16
2686;8762;CENTRO CONTROL;10
2687;8762;TIEMPO;6
2688;8764;CENTRO CONTROL;16
2689;8773;Comp operadora;100
2690;8776;CENTRO CONTROL;87
2691;8784;Comp operadora;17
2692;8784;CENTRO CONTROL;69
2693;8785;Comp operadora;8
2694;8785;CENTRO CONTROL;12
2695;8787;Comp operadora;27
2696;8791;Comp operadora;28
2697;8791;CENTRO CONTROL;29
2698;8793;Comp operadora;23
2699;8793;CENTRO CONTROL;21
2700;8805;CENTRO CONTROL;1
2701;8805;TIEMPO;72
2702;8820;Comp operadora;11
2703;8820;CENTRO CONTROL;25
2704;8825;CENTRO CONTROL;129
2705;8830;Comp operadora;75
2706;8844;CENTRO CONTROL;163
2707;8847;Comp operadora;184
2708;8849;Comp operadora;15
2709;8857;TIEMPO;21
2710;8858;TIEMPO;7
2711;8858;TIEMPO;68
2712;8865;CENTRO CONTROL;9
2713;8865;TIEMPO;34
2714;8891;Comp operadora;14
2715;8891;CENTRO CONTROL;1
2716;8895;CENTRO CONTROL;15
2717;8902;Comp operadora;10
2718;8902;CENTRO CONTROL;16
2719;8909;CENTRO CONTROL;21
2720;8922;Comp operadora;6
2721;8922;CENTRO CONTROL;13
2722;8924;TIEMPO;31
2723;8924;CENTRO CONTROL;8
2724;8933;CENTRO CONTROL;47
2725;8940;Comp operadora;7
2726;8940;CENTRO CONTROL;13
2727;8942;CENTRO CONTROL;61
2728;8944;Comp operadora;21
2729;8944;CENTRO CONTROL;9
2730;8955;Comp operadora;32
2731;8955;CENTRO CONTROL;4
2732;8986;Comp operadora;31
2733;8986;CENTRO CONTROL;9
2734;8989;CENTRO CONTROL;18
2735;9000;Comp operadora;38
2736;9015;CENTRO CONTROL;79
2737;9032;Comp operadora;7
2738;9032;CENTRO CONTROL;8
2739;9035;Comp operadora;28
2740;9038;Comp operadora;9
2741;9038;CENTRO CONTROL;7
2742;9048;CENTRO CONTROL;21
2743;9050;CENTRO CONTROL;17
2744;9054;Comp operadora;8
2745;9054;CENTRO CONTROL;25
2746;9056;Comp operadora;18
2747;9058;Comp operadora;7
2748;9058;CENTRO CONTROL;9
2749;9059;CENTRO CONTROL;34
2750;9059;TIEMPO;7
2751;9066;Comp operadora;4
2752;9066;TIEMPO;29
2753;9067;CENTRO CONTROL;134
2754;9100;CENTRO CONTROL;46
2755;9106;Comp operadora;18
2756;9114;CENTRO CONTROL;6
2757;9114;TIEMPO;9
2758;9131;Comp operadora;19
2759;9131;CENTRO CONTROL;17
2760;9133;Comp operadora;13
2761;9133;CENTRO CONTROL;12
2762;9134;Comp operadora;11
2763;9134;CENTRO CONTROL;11
2764;9148;Comp operadora;7
2765;9148;CENTRO CONTROL;10
2766;9149;Comp operadora;81
2767;9154;Comp operadora;28
2768;9154;CENTRO CONTROL;1
2769;9156;TIEMPO;17
2770;9156;CENTRO CONTROL;25
2771;9157;CENTRO CONTROL;43
2772;9167;CENTRO CONTROL;22
2773;9195;CENTRO CONTROL;23
2774;9196;Comp operadora;94
2775;9197;Comp operadora;4
2776;9197;TIEMPO;12
2777;9199;Comp operadora;12
2778;9199;CENTRO CONTROL;8
2779;9199;TIEMPO;4
2780;9203;CENTRO CONTROL;16
2781;9209;Comp operadora;48
2782;9209;TIEMPO;14
2783;9224;Comp operadora;41
2784;9224;TIEMPO;16
2785;9225;Comp operadora;6
2786;9225;CENTRO CONTROL;22
2787;9226;Comp operadora;16
2788;9230;CENTRO CONTROL;211
2789;9233;TIEMPO;68
2790;9240;Comp operadora;18
2791;9240;CENTRO CONTROL;5
2792;9249;Comp operadora;5
2793;9249;TIEMPO;39
2794;9256;CENTRO CONTROL;12
2795;9256;TIEMPO;23
2796;9264;CENTRO CONTROL;17
2797;9277;Comp operadora;14
2798;9277;CENTRO CONTROL;5
2799;9277;TIEMPO;4
2800;9279;Comp operadora;7
2801;9279;CENTRO CONTROL;6
2802;9279;TIEMPO;16
2803;9291;Comp operadora;8
2804;9291;CENTRO CONTROL;7
2805;9296;Comp operadora;20
2806;9296;TIEMPO;7
2807;9302;Comp operadora;9
2808;9302;CENTRO CONTROL;20
2809;9302;TIEMPO;8
2810;9305;CENTRO CONTROL;9
2811;9305;TIEMPO;7
2812;9310;Comp operadora;33
2813;9310;TIEMPO;17
2814;9312;CENTRO CONTROL;15
2815;9319;Comp operadora;64
2816;9319;CENTRO CONTROL;19
2817;9325;CENTRO CONTROL;15
2818;9328;TIEMPO;46
2819;9331;TIEMPO;9
2820;9331;CENTRO CONTROL;27
2821;9331;TIEMPO;32
2822;9337;CENTRO CONTROL;90
2823;9339;CENTRO CONTROL;23
2824;9341;TIEMPO;69
2825;9343;Comp operadora;65
2826;9343;CENTRO CONTROL;37
2827;9343;TIEMPO;2
2828;9346;CENTRO CONTROL;27
2829;9349;CENTRO CONTROL;26
2830;9355;Comp operadora;136
2831;9360;Comp operadora;9
2832;9360;CENTRO CONTROL;30
2833;9361;CENTRO CONTROL;31
2834;9363;CENTRO CONTROL;138
2835;9366;CENTRO CONTROL;19
2836;9368;CENTRO CONTROL;23
2837;9372;CENTRO CONTROL;13
2838;9372;TIEMPO;28
2839;9374;CENTRO CONTROL;27
2840;9376;CENTRO CONTROL;19
2841;9386;CENTRO CONTROL;17
2842;9387;CENTRO CONTROL;1
2843;9387;TIEMPO;50
2844;9389;CENTRO CONTROL;1
2845;9389;TIEMPO;37
2846;9390;CENTRO CONTROL;16
2847;9392;CENTRO CONTROL;47
2848;9402;Comp operadora;16
2849;9402;CENTRO CONTROL;9
2850;9409;CENTRO CONTROL;108
2851;9409;TIEMPO;16
2852;9410;CENTRO CONTROL;35
2853;9414;CENTRO CONTROL;14
2854;9414;TIEMPO;8
2855;9424;CENTRO CONTROL;21
2856;9425;CENTRO CONTROL;3
2857;9425;TIEMPO;73
2858;9428;CENTRO CONTROL;37
2859;9428;TIEMPO;174
2860;9434;CENTRO CONTROL;24
2861;9438;TIEMPO;23
2862;9438;CENTRO CONTROL;55
2863;9445;CENTRO CONTROL;29
2864;9445;TIEMPO;7
2865;9446;CENTRO CONTROL;21
2866;9449;CENTRO CONTROL;22
2867;9456;TIEMPO;47
2868;9459;TIEMPO;159
2869;9464;CENTRO CONTROL;101
2870;9469;Comp operadora;8
2871;9469;CENTRO CONTROL;9
2872;9471;Comp operadora;14
2873;9471;CENTRO CONTROL;33
2874;9474;CENTRO CONTROL;82
2875;9479;CENTRO CONTROL;60
2876;9499;Comp operadora;7
2877;9499;CENTRO CONTROL;10
2878;9502;Comp operadora;69
2879;9502;CENTRO CONTROL;7
2880;9503;CENTRO CONTROL;21
2881;9534;CENTRO CONTROL;17
2882;9536;CENTRO CONTROL;18
2883;9538;CENTRO CONTROL;31
2884;9538;TIEMPO;8
2885;9542;Comp operadora;19
2886;9551;CENTRO CONTROL;61
2887;9556;CENTRO CONTROL;29
2888;9561;CENTRO CONTROL;44
2889;9573;CENTRO CONTROL;21
2890;9581;CENTRO CONTROL;79
2891;9584;Comp operadora;57
2892;9584;CENTRO CONTROL;70
2893;9584;TIEMPO;51
2894;9588;Comp operadora;10
2895;9588;TIEMPO;28
2896;9604;Comp operadora;19
2897;9604;CENTRO CONTROL;7
2898;9605;CENTRO CONTROL;45
2899;9608;CENTRO CONTROL;133
2900;9608;TIEMPO;39
2901;9611;CENTRO CONTROL;1
2902;9611;TIEMPO;14
2903;9620;Comp operadora;3
2904;9620;CENTRO CONTROL;6
2905;9620;TIEMPO;7
2906;9625;TIEMPO;32
2907;9627;CENTRO CONTROL;17
2908;9633;CENTRO CONTROL;17
2909;9635;CENTRO CONTROL;2
2910;9635;TIEMPO;57
2911;9639;Comp operadora;13
2912;9639;CENTRO CONTROL;6
2913;9640;CENTRO CONTROL;26
2914;9651;Comp operadora;22
2915;9652;Comp operadora;6
2916;9652;CENTRO CONTROL;9
2917;9657;Comp operadora;71
2918;9657;CENTRO CONTROL;12
2919;9657;TIEMPO;2
2920;9658;CENTRO CONTROL;14
2921;9658;TIEMPO;11
2922;9660;Comp operadora;30
2923;9660;CENTRO CONTROL;2
2924;9663;Comp operadora;2
2925;9663;CENTRO CONTROL;132
2926;9663;TIEMPO;31
2927;9666;TIEMPO;4
2928;9666;CENTRO CONTROL;65
2929;9666;TIEMPO;43
2930;9669;Comp operadora;24
2931;9669;CENTRO CONTROL;75
2932;9669;TIEMPO;11
2933;9682;CENTRO CONTROL;10
2934;9682;TIEMPO;85
2935;9689;CENTRO CONTROL;222
2936;9691;CENTRO CONTROL;48
2937;9691;TIEMPO;102
2938;9698;CENTRO CONTROL;10
2939;9698;TIEMPO;20
2940;9699;Comp operadora;42
2941;9713;CENTRO CONTROL;25
2942;9718;CENTRO CONTROL;23
2943;9721;Comp operadora;8
2944;9721;TIEMPO;10
2945;9729;Comp operadora;6
2946;9729;CENTRO CONTROL;10
2947;9729;TIEMPO;18
2948;9733;CENTRO CONTROL;40
2949;9746;CENTRO CONTROL;15
2950;9746;TIEMPO;10
2951;9750;CENTRO CONTROL;16
2952;9752;Comp operadora;1
2953;9752;CENTRO CONTROL;15
2954;9752;TIEMPO;9
2955;9753;CENTRO CONTROL;15
2956;9753;TIEMPO;7
2957;9754;Comp operadora;23
2958;9763;CENTRO CONTROL;17
2959;9771;Comp operadora;3
2960;9771;CENTRO CONTROL;10
2961;9771;TIEMPO;9
2962;9776;Comp operadora;76
2963;9776;CENTRO CONTROL;17
2964;9781;TIEMPO;16
2965;9782;Comp operadora;85
2966;9782;TIEMPO;11
2967;9811;Comp operadora;36
2968;9811;CENTRO CONTROL;16
2969;9812;CENTRO CONTROL;33
2970;9816;CENTRO CONTROL;17
2971;9827;CENTRO CONTROL;21
2972;9829;CENTRO CONTROL;8
2973;9829;TIEMPO;7
2974;9835;TIEMPO;23
2975;9845;CENTRO CONTROL;22
2976;9846;Comp operadora;1
2977;9846;CENTRO CONTROL;8
2978;9846;TIEMPO;15
2979;9853;CENTRO CONTROL;15
2980;9855;Comp operadora;282
2981;9857;Comp operadora;40
2982;9857;CENTRO CONTROL;5
2983;9857;TIEMPO;5
2984;9863;Comp operadora;40
2985;9863;CENTRO CONTROL;1
2986;9863;TIEMPO;7
2987;9865;CENTRO CONTROL;24
2988;9871;CENTRO CONTROL;15
2989;9872;TIEMPO;33
2990;9873;CENTRO CONTROL;40
2991;9878;Comp operadora;27
2992;9880;Comp operadora;8
2993;9880;CENTRO CONTROL;8
2994;9883;Comp operadora;45
2995;9883;CENTRO CONTROL;16
2996;9883;TIEMPO;7
2997;9884;Comp operadora;24
2998;9884;CENTRO CONTROL;22
2999;9888;CENTRO CONTROL;16
3000;9894;Comp operadora;6
3001;9894;CENTRO CONTROL;10
3002;9894;TIEMPO;2
3003;9899;Comp operadora;28
3004;9904;Comp operadora;19
3005;9904;CENTRO CONTROL;19
3006;9907;Comp operadora;1
3007;9907;TIEMPO;28
3008;9908;CENTRO CONTROL;13
3009;9908;TIEMPO;18
3010;9912;Comp operadora;40
3011;9912;CENTRO CONTROL;32
3012;9917;Comp operadora;12
3013;9917;CENTRO CONTROL;13
3014;9920;Comp operadora;20
3015;9920;CENTRO CONTROL;5
3016;9922;CENTRO CONTROL;22
3017;9929;Comp operadora;6
3018;9929;CENTRO CONTROL;21
3019;9931;Comp operadora;87
3020;9931;CENTRO CONTROL;8
3021;9935;CENTRO CONTROL;4
3022;9935;TIEMPO;24
3023;9936;Comp operadora;3
3024;9936;CENTRO CONTROL;7
3025;9936;TIEMPO;26
3026;9940;Comp operadora;3
3027;9940;TIEMPO;27
3028;9941;CENTRO CONTROL;12
3029;9941;TIEMPO;13
3030;9943;Comp operadora;3
3031;9943;TIEMPO;165
3032;9946;Comp operadora;6
3033;9946;CENTRO CONTROL;6
3034;9946;TIEMPO;6
3035;9949;CENTRO CONTROL;16
3036;9949;TIEMPO;8
3037;9954;Comp operadora;58
3038;9959;TIEMPO;16
3039;9963;CENTRO CONTROL;16
3040;9971;Comp operadora;51
3041;9971;CENTRO CONTROL;31
3042;9975;CENTRO CONTROL;46
3043;9976;CENTRO CONTROL;13
3044;9976;TIEMPO;14
3045;9981;Comp operadora;38
3046;9983;Comp operadora;17
3047;9983;CENTRO CONTROL;11
3048;9985;Comp operadora;23
3049;9986;CENTRO CONTROL;15
3050;9987;TIEMPO;91
3051;9991;CENTRO CONTROL;14
3052;9991;TIEMPO;7
3053;9996;Comp operadora;29
3054;9996;CENTRO CONTROL;25
3055;10003;CENTRO CONTROL;41
3056;10003;TIEMPO;45
3057;10009;CENTRO CONTROL;3
3058;10009;TIEMPO;18
3059;10010;CENTRO CONTROL;10
3060;10010;TIEMPO;9
3061;10012;CENTRO CONTROL;22
3062;10012;TIEMPO;92
3063;10013;Comp operadora;100
3064;10013;CENTRO CONTROL;15
3065;10017;CENTRO CONTROL;2
3066;10017;TIEMPO;37
3067;10020;CENTRO CONTROL;24
3068;10024;Comp operadora;19
3069;10024;CENTRO CONTROL;14
3070;10025;CENTRO CONTROL;17
3071;10026;Comp operadora;10
3072;10026;CENTRO CONTROL;8
3073;10028;Comp operadora;48
3074;10028;CENTRO CONTROL;1
3075;10030;Comp operadora;45
3076;10033;TIEMPO;70
3077;10034;TIEMPO;56
3078;10041;CENTRO CONTROL;18
3079;10045;Comp operadora;159
3080;10052;Comp operadora;49
3081;10052;CENTRO CONTROL;4
3082;10055;CENTRO CONTROL;23
3083;10057;Comp operadora;134
3084;10057;CENTRO CONTROL;9
3085;10066;Comp operadora;33
3086;10066;CENTRO CONTROL;3
3087;10067;CENTRO CONTROL;16
3088;10074;CENTRO CONTROL;24
3089;10076;Comp operadora;10
3090;10076;CENTRO CONTROL;8
3091;10086;Comp operadora;31
3092;10086;CENTRO CONTROL;5
3093;10092;TIEMPO;24
3094;10094;CENTRO CONTROL;53
3095;10095;TIEMPO;38
3096;10099;TIEMPO;16
3097;10103;CENTRO CONTROL;25
3098;10105;CENTRO CONTROL;17
3099;10111;Comp operadora;29
3100;10111;CENTRO CONTROL;2
3101;10132;Comp operadora;14
3102;10132;CENTRO CONTROL;1
3103;10132;TIEMPO;17
3104;10139;CENTRO CONTROL;20
3105;10143;CENTRO CONTROL;19
3106;10146;CENTRO CONTROL;22
3107;10161;CENTRO CONTROL;31
3108;10164;CENTRO CONTROL;16
3109;10166;Comp operadora;18
3110;10172;CENTRO CONTROL;12
3111;10172;TIEMPO;3
3112;10175;CENTRO CONTROL;14
3113;10175;TIEMPO;17
3114;10180;Comp operadora;6
3115;10180;CENTRO CONTROL;18
3116;10180;TIEMPO;20
3117;10186;CENTRO CONTROL;47
3118;10187;CENTRO CONTROL;68
3119;10187;TIEMPO;9
3120;10191;CENTRO CONTROL;38
3121;10193;CENTRO CONTROL;177
3122;10196;CENTRO CONTROL;25
3123;10197;Comp operadora;7
3124;10197;CENTRO CONTROL;23
3125;10199;TIEMPO;249
3126;10199;CENTRO CONTROL;3
3127;10208;Comp operadora;169
3128;10208;CENTRO CONTROL;2
3129;10210;CENTRO CONTROL;19
3130;10211;CENTRO CONTROL;22
3131;10211;TIEMPO;24
3132;10213;CENTRO CONTROL;31
3133;10215;TIEMPO;39
3134;10216;CENTRO CONTROL;6
3135;10216;TIEMPO;9
3136;10218;CENTRO CONTROL;23
3137;10224;CENTRO CONTROL;16
3138;10227;CENTRO CONTROL;30
3139;10228;CENTRO CONTROL;19
3140;10229;TIEMPO;32
3141;10230;CENTRO CONTROL;1
3142;10230;TIEMPO;19
3143;10231;TIEMPO;25
3144;10241;TIEMPO;22
3145;10242;CENTRO CONTROL;2
3146;10242;TIEMPO;30
3147;10243;CENTRO CONTROL;7
3148;10243;TIEMPO;11
3149;10245;CENTRO CONTROL;2
3150;10245;TIEMPO;21
3151;10255;TIEMPO;19
3152;10261;Comp operadora;15
3153;10261;CENTRO CONTROL;6
3154;10269;Comp operadora;10
3155;10269;CENTRO CONTROL;14
3156;10286;Comp operadora;16
3157;10286;TIEMPO;2
3158;10292;Comp operadora;16
3159;10292;CENTRO CONTROL;4
3160;10294;Comp operadora;16
3161;10294;CENTRO CONTROL;13
3162;10296;CENTRO CONTROL;14
3163;10296;TIEMPO;7
3164;10297;CENTRO CONTROL;27
3165;10297;TIEMPO;6
3166;10299;CENTRO CONTROL;16
3167;10300;Comp operadora;10
3168;10300;CENTRO CONTROL;9
3169;10308;CENTRO CONTROL;236
3170;10308;TIEMPO;8
3171;10330;Comp operadora;24
3172;10342;CENTRO CONTROL;71
3173;10342;TIEMPO;18
3174;10351;Comp operadora;30
3175;10351;CENTRO CONTROL;20
3176;10360;Comp operadora;23
3177;10362;TIEMPO;69
3178;10363;Comp operadora;22
3179;10363;CENTRO CONTROL;7
3180;10364;Comp operadora;14
3181;10364;CENTRO CONTROL;24
3182;10372;CENTRO CONTROL;30
3183;10375;CENTRO CONTROL;16
3184;10377;TIEMPO;84
3185;10378;CENTRO CONTROL;68
3186;10380;CENTRO CONTROL;61
3187;10382;CENTRO CONTROL;4
3188;10382;TIEMPO;39
3189;10383;CENTRO CONTROL;58
3190;10385;Comp operadora;14
3191;10385;CENTRO CONTROL;8
3192;10385;TIEMPO;8
3193;10387;Comp operadora;15
3194;10387;CENTRO CONTROL;6
3195;10393;CENTRO CONTROL;20
3196;10396;CENTRO CONTROL;34
3197;10402;Comp operadora;147
3198;10403;Comp operadora;22
3199;10404;CENTRO CONTROL;20
3200;10406;Comp operadora;6
3201;10406;CENTRO CONTROL;18
3202;10408;Comp operadora;23
3203;10414;CENTRO CONTROL;15
3204;10416;Comp operadora;91
3205;10416;CENTRO CONTROL;1
3206;10417;CENTRO CONTROL;29
3207;10418;CENTRO CONTROL;19
3208;10431;Comp operadora;17
3209;10431;CENTRO CONTROL;15
3210;10439;Comp operadora;34
3211;10439;TIEMPO;4
3212;10442;CENTRO CONTROL;19
3213;10445;CENTRO CONTROL;27
3214;10449;CENTRO CONTROL;24
3215;10451;Comp operadora;4
3216;10451;CENTRO CONTROL;13
3217;10451;TIEMPO;14
3218;10462;Comp operadora;7
3219;10462;CENTRO CONTROL;25
3220;10466;Comp operadora;5
3221;10466;CENTRO CONTROL;7
3222;10466;TIEMPO;10
3223;10469;Comp operadora;58
3224;10470;CENTRO CONTROL;3
3225;10470;TIEMPO;16
3226;10475;Comp operadora;19
3227;10475;CENTRO CONTROL;7
3228;10482;CENTRO CONTROL;2
3229;10482;TIEMPO;15
3230;10483;Comp operadora;22
3231;10493;CENTRO CONTROL;16
3232;10496;Comp operadora;20
3233;10496;CENTRO CONTROL;21
3234;10498;CENTRO CONTROL;41
3235;10500;CENTRO CONTROL;24
3236;10505;Comp operadora;19
3237;10505;TIEMPO;1
3238;10510;Comp operadora;6
3239;10510;CENTRO CONTROL;20
3240;10517;TIEMPO;44
3241;10518;CENTRO CONTROL;23
3242;10519;Comp operadora;48
3243;10519;CENTRO CONTROL;2
3244;10525;Comp operadora;19
3245;10525;CENTRO CONTROL;1
3246;10526;Comp operadora;13
3247;10526;TIEMPO;11
3248;10530;Comp operadora;15
3249;10536;CENTRO CONTROL;19
3250;10540;CENTRO CONTROL;17
3251;10545;Comp operadora;2
3252;10545;CENTRO CONTROL;12
3253;10545;TIEMPO;8
3254;10549;Comp operadora;11
3255;10549;CENTRO CONTROL;9
3256;10551;Comp operadora;29
3257;10551;CENTRO CONTROL;17
3258;10552;Comp operadora;31
3259;10552;CENTRO CONTROL;25
3260;10560;Comp operadora;14
3261;10560;CENTRO CONTROL;6
3262;10561;Comp operadora;51
3263;10561;CENTRO CONTROL;7
3264;10564;Comp operadora;114
3265;10564;CENTRO CONTROL;10
3266;10569;Comp operadora;49
3267;10569;CENTRO CONTROL;22
3268;10572;CENTRO CONTROL;27
3269;10572;TIEMPO;63
3270;10574;CENTRO CONTROL;27
3271;10576;Comp operadora;6
3272;10576;CENTRO CONTROL;12
3273;10576;TIEMPO;4
3274;10577;Comp operadora;9
3275;10577;CENTRO CONTROL;7
3276;10578;Comp operadora;21
3277;10578;CENTRO CONTROL;3
3278;10582;TIEMPO;37
3279;10585;Comp operadora;7
3280;10585;CENTRO CONTROL;28
3281;10585;TIEMPO;6
3282;10587;CENTRO CONTROL;18
3283;10590;CENTRO CONTROL;20
3284;10594;CENTRO CONTROL;22
3285;10598;Comp operadora;40
3286;10599;Comp operadora;6
3287;10599;CENTRO CONTROL;16
3288;10600;Comp operadora;6
3289;10600;CENTRO CONTROL;12
3290;10605;CENTRO CONTROL;16
3291;10607;Comp operadora;11
3292;10607;CENTRO CONTROL;9
3293;10611;Comp operadora;16
3294;10611;CENTRO CONTROL;19
3295;10611;TIEMPO;5
3296;10612;Comp operadora;40
3297;10612;CENTRO CONTROL;6
3298;10617;CENTRO CONTROL;15
3299;10619;Comp operadora;11
3300;10619;CENTRO CONTROL;7
3301;10619;TIEMPO;11
3302;10625;CENTRO CONTROL;17
3303;10625;TIEMPO;6
3304;10628;CENTRO CONTROL;67
3305;10633;CENTRO CONTROL;81
3306;10634;Comp operadora;41
3307;10634;CENTRO CONTROL;7
3308;10635;Comp operadora;85
3309;10635;CENTRO CONTROL;8
3310;10636;CENTRO CONTROL;26
3311;10636;TIEMPO;19
3312;10638;Comp operadora;17
3313;10638;CENTRO CONTROL;10
3314;10638;TIEMPO;10
3315;10642;CENTRO CONTROL;16
3316;10659;Comp operadora;6
3317;10659;CENTRO CONTROL;9
3318;10659;TIEMPO;2
3319;10661;Comp operadora;74
3320;10661;CENTRO CONTROL;2
3321;10663;CENTRO CONTROL;15
3322;10663;TIEMPO;12
3323;10664;Comp operadora;46
3324;10666;CENTRO CONTROL;17
3325;10669;Comp operadora;24
3326;10670;Comp operadora;8
3327;10670;CENTRO CONTROL;1
3328;10670;TIEMPO;12
3329;10671;CENTRO CONTROL;24
3330;10675;Comp operadora;17
3331;10675;CENTRO CONTROL;4
3332;10675;TIEMPO;4
3333;10678;Comp operadora;40
3334;10690;CENTRO CONTROL;15
3335;10732;Comp operadora;7
3336;10732;CENTRO CONTROL;13
3337;10733;Comp operadora;7
3338;10733;CENTRO CONTROL;40
3339;10734;CENTRO CONTROL;22
3340;10735;CENTRO CONTROL;24
3341;10735;TIEMPO;24
3342;10737;TIEMPO;32
3343;10738;Comp operadora;12
3344;10738;CENTRO CONTROL;22
3345;10744;Comp operadora;14
3346;10744;CENTRO CONTROL;17
3347;10745;CENTRO CONTROL;17
3348;10748;Comp operadora;11
3349;10748;CENTRO CONTROL;13
3350;10749;CENTRO CONTROL;39
3351;10750;CENTRO CONTROL;34
3352;10752;Comp operadora;16
3353;10753;Comp operadora;20
3354;10755;Comp operadora;23
3355;10758;CENTRO CONTROL;17
3356;10762;CENTRO CONTROL;16
3357;10764;CENTRO CONTROL;19
3358;10774;Comp operadora;10
3359;10774;TIEMPO;11
3360;10787;CENTRO CONTROL;9
3361;10787;TIEMPO;10
3362;10788;Comp operadora;48
3363;10788;CENTRO CONTROL;1
3364;10797;CENTRO CONTROL;18
3365;10802;Comp operadora;39
3366;10806;CENTRO CONTROL;29
3367;10809;Comp operadora;11
3368;10809;CENTRO CONTROL;9
3369;10834;CENTRO CONTROL;27
3370;10861;CENTRO CONTROL;25
3371;10870;CENTRO CONTROL;3
3372;10870;TIEMPO;17
3373;10876;CENTRO CONTROL;15
3374;10887;TIEMPO;28
3375;10889;Comp operadora;79
3376;10895;CENTRO CONTROL;29
3377;10907;CENTRO CONTROL;18
3378;10908;Comp operadora;3
3379;10908;TIEMPO;38
3380;10909;CENTRO CONTROL;18
3381;10923;TIEMPO;99
3382;10925;CENTRO CONTROL;16
3383;10936;Comp operadora;55
3384;10940;TIEMPO;28
3385;10944;Comp operadora;197
3386;10951;TIEMPO;18
3387;10959;Comp operadora;1
3388;10959;CENTRO CONTROL;2
3389;10959;TIEMPO;14
3390;10962;Comp operadora;23
3391;10963;TIEMPO;169
3392;10967;CENTRO CONTROL;27
3393;10968;TIEMPO;146
3394;10970;CENTRO CONTROL;2
3395;10970;TIEMPO;20
3396;10977;Comp operadora;15
3397;10986;Comp operadora;34
3398;10986;CENTRO CONTROL;8
3399;10986;TIEMPO;7
3400;10987;Comp operadora;16
3401;10987;CENTRO CONTROL;8
3402;10987;TIEMPO;52
3403;11007;Comp operadora;26
3404;11007;CENTRO CONTROL;3
3405;11008;TIEMPO;17
3406;11027;CENTRO CONTROL;30
3407;11037;Comp operadora;16
3408;11046;CENTRO CONTROL;23
3409;11048;CENTRO CONTROL;37
3410;11059;Comp operadora;22
3411;11082;CENTRO CONTROL;102
3412;11094;CENTRO CONTROL;2
3413;11094;TIEMPO;24
3414;11098;CENTRO CONTROL;18
3415;11102;TIEMPO;29
3416;11106;CENTRO CONTROL;34
3417;11109;CENTRO CONTROL;15
3418;11118;TIEMPO;17
3419;11125;Comp operadora;13
3420;11125;CENTRO CONTROL;8
3421;11125;TIEMPO;5
3422;11133;CENTRO CONTROL;26
3423;11143;CENTRO CONTROL;8
3424;11143;TIEMPO;44
3425;11155;Comp operadora;28
3426;11158;TIEMPO;89
3427;11159;CENTRO CONTROL;17
3428;11164;Comp operadora;14
3429;11164;CENTRO CONTROL;3
3430;11177;CENTRO CONTROL;24
3431;11180;CENTRO CONTROL;15
3432;11184;TIEMPO;14
3433;11184;CENTRO CONTROL;7
3434;11217;Comp operadora;62
3435;11217;CENTRO CONTROL;5
3436;11219;Comp operadora;18
3437;11221;CENTRO CONTROL;108
3438;11233;CENTRO CONTROL;15
3439;11234;CENTRO CONTROL;17
3440;11239;Comp operadora;74
3441;11257;Comp operadora;8
3442;11257;CENTRO CONTROL;7
3443;11257;TIEMPO;14
3444;11264;CENTRO CONTROL;16
3445;11268;CENTRO CONTROL;19
3446;11279;CENTRO CONTROL;1
3447;11279;TIEMPO;42
3448;11280;CENTRO CONTROL;16
3449;11282;Comp operadora;426
3450;11285;Comp operadora;15
3451;11285;CENTRO CONTROL;4
3452;11289;CENTRO CONTROL;39
3453;11291;Comp operadora;52
3454;11325;CENTRO CONTROL;21
3455;11328;CENTRO CONTROL;24
3456;11341;CENTRO CONTROL;25
3457;11348;CENTRO CONTROL;19
3458;11356;CENTRO CONTROL;28
3459;11357;CENTRO CONTROL;16
3460;11358;CENTRO CONTROL;18
3461;11364;Comp operadora;9
3462;11364;TIEMPO;12
3463;11365;CENTRO CONTROL;22
3464;11366;CENTRO CONTROL;15
3465;11370;CENTRO CONTROL;44
3466;11377;CENTRO CONTROL;5
3467;11377;TIEMPO;15
3468;11379;CENTRO CONTROL;2
3469;11379;TIEMPO;41
3470;11380;TIEMPO;50
3471;11381;CENTRO CONTROL;20
3472;11404;CENTRO CONTROL;31
3473;11408;CENTRO CONTROL;25
3474;11409;Comp operadora;34
3475;11416;CENTRO CONTROL;11
3476;11416;TIEMPO;13
3477;11417;Comp operadora;23
3478;11429;CENTRO CONTROL;15
3479;11430;CENTRO CONTROL;32
3480;11433;TIEMPO;239
3481;11436;Comp operadora;46
3482;11436;CENTRO CONTROL;9
3483;11437;CENTRO CONTROL;18
3484;11471;CENTRO CONTROL;27
3485;11493;Comp operadora;82
3486;11493;CENTRO CONTROL;2
3487;11497;Comp operadora;32
3488;11497;CENTRO CONTROL;2
3489;11498;CENTRO CONTROL;7
3490;11498;TIEMPO;16
3491;11499;Comp operadora;14
3492;11499;TIEMPO;1
3493;11503;TIEMPO;16
3494;11504;CENTRO CONTROL;42
3495;11507;CENTRO CONTROL;10
3496;11507;TIEMPO;17
3497;11510;CENTRO CONTROL;18
3498;11511;TIEMPO;17
3499;11512;CENTRO CONTROL;20
3500;11517;Comp operadora;9
3501;11517;CENTRO CONTROL;7
3502;11522;Comp operadora;34
3503;11522;CENTRO CONTROL;3
3504;11528;CENTRO CONTROL;8
3505;11528;TIEMPO;8
3506;11530;CENTRO CONTROL;22
3507;11534;Comp operadora;21
3508;11534;CENTRO CONTROL;1
3509;11538;CENTRO CONTROL;17
3510;11549;CENTRO CONTROL;20
3511;11553;CENTRO CONTROL;16
3512;11558;Comp operadora;50
3513;11558;CENTRO CONTROL;3
3514;11559;CENTRO CONTROL;16
3515;11567;Comp operadora;272
3516;11570;CENTRO CONTROL;43
3517;11571;Comp operadora;1
3518;11571;TIEMPO;23
3519;11573;Comp operadora;200
3520;11584;CENTRO CONTROL;16
3521;11584;TIEMPO;25
3522;11633;Comp operadora;1
3523;11633;CENTRO CONTROL;8
3524;11633;TIEMPO;11
3525;11635;Comp operadora;7
3526;11635;CENTRO CONTROL;11
3527;11644;TIEMPO;26
3528;11645;Comp operadora;10
3529;11645;CENTRO CONTROL;19
3530;11663;CENTRO CONTROL;16
3531;11665;Comp operadora;9
3532;11665;CENTRO CONTROL;12
3533;11665;TIEMPO;29
3534;11666;CENTRO CONTROL;17
3535;11680;CENTRO CONTROL;31
3536;11693;Comp operadora;9
3537;11693;CENTRO CONTROL;9
3538;11697;Comp operadora;115
3539;11699;CENTRO CONTROL;33
3540;11700;TIEMPO;35
3541;11705;CENTRO CONTROL;19
3542;11712;Comp operadora;1
3543;11712;TIEMPO;14
3544;11718;Comp operadora;17
3545;11718;CENTRO CONTROL;3
3546;11730;Comp operadora;79
3547;11730;CENTRO CONTROL;42
3548;11730;TIEMPO;11
3549;11731;CENTRO CONTROL;18
3550;11733;TIEMPO;357
3551;11735;CENTRO CONTROL;26
3552;11742;Comp operadora;10
3553;11742;TIEMPO;7
3554;11753;Comp operadora;135
3555;11759;Comp operadora;65
3556;11762;Comp operadora;5
3557;11762;CENTRO CONTROL;72
3558;11762;TIEMPO;65
3559;11763;Comp operadora;7
3560;11763;CENTRO CONTROL;27
3561;11763;TIEMPO;9
3562;11769;Comp operadora;2
3563;11769;TIEMPO;93
3564;11771;Comp operadora;19
3565;11771;CENTRO CONTROL;7
3566;11778;Comp operadora;8
3567;11778;CENTRO CONTROL;19
3568;11781;CENTRO CONTROL;10
3569;11781;TIEMPO;23
3570;11792;CENTRO CONTROL;31
3571;11797;CENTRO CONTROL;15
3572;11806;TIEMPO;22
3573;11813;TIEMPO;15
3574;11814;CENTRO CONTROL;5
3575;11814;TIEMPO;13
3576;11817;CENTRO CONTROL;13
3577;11817;TIEMPO;8
3578;11826;Comp operadora;21
3579;11830;CENTRO CONTROL;14
3580;11830;TIEMPO;21
3581;11832;TIEMPO;48
3582;11833;TIEMPO;20
3583;11852;Comp operadora;22
3584;11860;Comp operadora;25
3585;11860;CENTRO CONTROL;12
3586;11861;Comp operadora;10
3587;11861;CENTRO CONTROL;6
3588;11861;TIEMPO;19
3589;11862;Comp operadora;12
3590;11862;TIEMPO;3
3591;11864;Comp operadora;77
3592;11864;CENTRO CONTROL;27
3593;11867;TIEMPO;15
3594;11869;Comp operadora;14
3595;11869;CENTRO CONTROL;8
3596;11874;CENTRO CONTROL;29
3597;11876;Comp operadora;13
3598;11876;CENTRO CONTROL;25
3599;11879;CENTRO CONTROL;20
3600;11880;Comp operadora;9
3601;11880;CENTRO CONTROL;71
3602;11882;Comp operadora;128
3603;11882;TIEMPO;10
3604;11884;Comp operadora;64
3605;11888;Comp operadora;150
3606;11889;CENTRO CONTROL;30
3607;11891;CENTRO CONTROL;20
3608;11894;Comp operadora;92
3609;11901;Comp operadora;18
3610;11901;CENTRO CONTROL;8
3611;11913;CENTRO CONTROL;8
3612;11913;TIEMPO;7
3613;11914;Comp operadora;60
3614;11917;CENTRO CONTROL;18
3615;11919;Comp operadora;22
3616;11919;CENTRO CONTROL;7
3617;11925;CENTRO CONTROL;2
3618;11925;TIEMPO;20
3619;11928;Comp operadora;14
3620;11928;CENTRO CONTROL;4
3621;11929;CENTRO CONTROL;25
3622;11939;Comp operadora;13
3623;11939;CENTRO CONTROL;9
3624;11944;Comp operadora;5
3625;11944;TIEMPO;15
3626;11945;CENTRO CONTROL;15
3627;11952;Comp operadora;40
3628;11953;CENTRO CONTROL;20
3629;11962;CENTRO CONTROL;23
3630;11966;CENTRO CONTROL;17
3631;11970;CENTRO CONTROL;18
3632;11981;CENTRO CONTROL;15
3633;11982;Comp operadora;10
3634;11982;CENTRO CONTROL;15
3635;11986;TIEMPO;46
3636;12004;Comp operadora;18
3637;12004;CENTRO CONTROL;6
3638;12007;CENTRO CONTROL;43
3639;12020;CENTRO CONTROL;26
3640;12030;Comp operadora;16
3641;12030;TIEMPO;12
3642;12035;Comp operadora;12
3643;12035;CENTRO CONTROL;12
3644;12037;Comp operadora;23
3645;12037;CENTRO CONTROL;2
3646;12037;TIEMPO;32
3647;12038;CENTRO CONTROL;24
3648;12039;Comp operadora;6
3649;12039;CENTRO CONTROL;5
3650;12039;TIEMPO;7
3651;12051;Comp operadora;25
3652;12051;CENTRO CONTROL;7
3653;12053;Comp operadora;22
3654;12053;CENTRO CONTROL;2
3655;12053;TIEMPO;16
3656;12063;CENTRO CONTROL;29
3657;12066;CENTRO CONTROL;30
3658;12067;Comp operadora;31
3659;12067;CENTRO CONTROL;1
3660;12067;TIEMPO;21
3661;12081;CENTRO CONTROL;17
3662;12082;CENTRO CONTROL;4
3663;12082;TIEMPO;13
3664;12086;Comp operadora;25
3665;12086;CENTRO CONTROL;2
3666;12095;CENTRO CONTROL;9
3667;12095;TIEMPO;11
3668;12102;CENTRO CONTROL;15
3669;12106;CENTRO CONTROL;17
3670;12107;CENTRO CONTROL;1
3671;12107;TIEMPO;14
3672;12109;Comp operadora;50
3673;12114;Comp operadora;72
3674;12114;CENTRO CONTROL;2
3675;12124;Comp operadora;11
3676;12124;CENTRO CONTROL;18
3677;12124;TIEMPO;18
3678;12125;CENTRO CONTROL;15
3679;12142;CENTRO CONTROL;18
3680;12143;Comp operadora;58
3681;12143;CENTRO CONTROL;12
3682;12146;CENTRO CONTROL;16
3683;12147;Comp operadora;33
3684;12156;CENTRO CONTROL;25
3685;12159;CENTRO CONTROL;7
3686;12159;TIEMPO;14
3687;12167;CENTRO CONTROL;37
3688;12175;Comp operadora;10
3689;12175;CENTRO CONTROL;11
3690;12187;CENTRO CONTROL;17
3691;12199;Comp operadora;175
3692;12201;Comp operadora;144
3693;12211;Comp operadora;36
3694;12223;Comp operadora;81
3695;12223;CENTRO CONTROL;4
3696;12227;TIEMPO;21
3697;12238;Comp operadora;48
3698;12238;CENTRO CONTROL;4
3699;12251;Comp operadora;12
3700;12251;CENTRO CONTROL;7
3701;12251;TIEMPO;3
3702;12259;CENTRO CONTROL;15
3703;12260;Comp operadora;6
3704;12260;CENTRO CONTROL;19
3705;12271;CENTRO CONTROL;10
3706;12271;TIEMPO;9
3707;12272;Comp operadora;15
3708;12272;TIEMPO;16
3709;12279;Comp operadora;11
3710;12279;CENTRO CONTROL;4
3711;12286;Comp operadora;31
3712;12287;Comp operadora;128
3713;12292;CENTRO CONTROL;27
3714;12293;Comp operadora;3
3715;12293;CENTRO CONTROL;22
3716;12293;TIEMPO;10
3717;12294;CENTRO CONTROL;19
3718;12297;Comp operadora;19
3719;12297;TIEMPO;19
3720;12300;CENTRO CONTROL;6
3721;12300;TIEMPO;9
3722;12302;CENTRO CONTROL;22
3723;12302;TIEMPO;10
3724;12307;CENTRO CONTROL;21
3725;12309;Comp operadora;3
3726;12309;CENTRO CONTROL;1
3727;12309;TIEMPO;11
3728;12313;Comp operadora;46
3729;12313;TIEMPO;12
3730;12317;CENTRO CONTROL;11
3731;12317;TIEMPO;16
3732;12334;Comp operadora;15
3733;12334;TIEMPO;7
3734;12351;Comp operadora;20
3735;12351;CENTRO CONTROL;4
3736;12351;TIEMPO;10
3737;12354;Comp operadora;29
3738;12354;CENTRO CONTROL;8
3739;12359;Comp operadora;170
3740;12359;CENTRO CONTROL;5
3741;12360;CENTRO CONTROL;16
3742;12363;Comp operadora;26
3743;12363;CENTRO CONTROL;3
3744;12364;CENTRO CONTROL;16
3745;12368;TIEMPO;161
3746;12376;Comp operadora;11
3747;12376;CENTRO CONTROL;10
3748;12376;TIEMPO;1
3749;12380;CENTRO CONTROL;18
3750;12381;Comp operadora;102
3751;12395;Comp operadora;23
3752;12396;Comp operadora;17
3753;12396;CENTRO CONTROL;5
3754;12397;Comp operadora;19
3755;12397;CENTRO CONTROL;7
3756;12399;CENTRO CONTROL;17
3757;12401;Comp operadora;31
3758;12407;CENTRO CONTROL;28
3759;12413;Comp operadora;15
3760;12413;CENTRO CONTROL;13
3761;12414;CENTRO CONTROL;4
3762;12414;TIEMPO;27
3763;12416;CENTRO CONTROL;19
3764;12422;Comp operadora;1
3765;12422;CENTRO CONTROL;18
3766;12422;TIEMPO;18
3767;12431;CENTRO CONTROL;38
3768;12433;Comp operadora;80
3769;12433;CENTRO CONTROL;5
3770;12434;CENTRO CONTROL;24
3771;12435;Comp operadora;24
3772;12435;CENTRO CONTROL;29
3773;12456;Comp operadora;79
3774;12457;CENTRO CONTROL;15
3775;12458;Comp operadora;70
3776;12464;Comp operadora;205
3777;12469;Comp operadora;70
3778;12469;CENTRO CONTROL;14
3779;12473;CENTRO CONTROL;26
3780;12478;CENTRO CONTROL;17
3781;12483;CENTRO CONTROL;19
3782;12483;TIEMPO;13
3783;12489;CENTRO CONTROL;28
3784;12491;CENTRO CONTROL;23
3785;12496;CENTRO CONTROL;67
3786;12514;CENTRO CONTROL;2
3787;12514;TIEMPO;68
3788;12515;CENTRO CONTROL;17
3789;12516;Comp operadora;24
3790;12516;CENTRO CONTROL;18
3791;12517;CENTRO CONTROL;23
3792;12520;CENTRO CONTROL;25
3793;12523;Comp operadora;37
3794;12523;CENTRO CONTROL;6
3795;12534;Comp operadora;18
3796;12534;CENTRO CONTROL;14
3797;12541;TIEMPO;16
3798;12543;CENTRO CONTROL;18
3799;12549;CENTRO CONTROL;18
3800;12550;CENTRO CONTROL;31
3801;12550;TIEMPO;35
3802;12554;CENTRO CONTROL;15
3803;12560;CENTRO CONTROL;17
3804;12563;CENTRO CONTROL;41
3805;12564;CENTRO CONTROL;16
3806;12568;CENTRO CONTROL;16
3807;12570;Comp operadora;3
3808;12570;CENTRO CONTROL;21
3809;12570;TIEMPO;15
3810;12573;Comp operadora;8
3811;12573;CENTRO CONTROL;9
3812;12584;Comp operadora;18
3813;12588;CENTRO CONTROL;23
3814;12601;CENTRO CONTROL;29
3815;12602;Comp operadora;3
3816;12602;TIEMPO;26
3817;12619;Comp operadora;14
3818;12619;CENTRO CONTROL;18
3819;12624;Comp operadora;10
3820;12624;CENTRO CONTROL;3
3821;12624;TIEMPO;32
3822;12629;TIEMPO;27
3823;12630;CENTRO CONTROL;3
3824;12630;TIEMPO;22
3825;12637;Comp operadora;15
3826;12637;TIEMPO;7
3827;12637;TIEMPO;1
3828;12641;CENTRO CONTROL;2
3829;12641;TIEMPO;18
3830;12643;Comp operadora;17
3831;12643;CENTRO CONTROL;15
3832;12643;TIEMPO;17
3833;12646;CENTRO CONTROL;16
3834;12646;TIEMPO;10
3835;12649;TIEMPO;16
3836;12655;Comp operadora;27
3837;12655;CENTRO CONTROL;5
3838;12660;Comp operadora;62
3839;12662;TIEMPO;59
3840;12669;TIEMPO;22
3841;12670;Comp operadora;11
3842;12670;CENTRO CONTROL;11
3843;12670;TIEMPO;35
3844;12671;Comp operadora;4
3845;12671;CENTRO CONTROL;13
3846;12671;TIEMPO;126
3847;12672;TIEMPO;16
3848;12674;TIEMPO;27
3849;12676;Comp operadora;17
3850;12676;CENTRO CONTROL;20
3851;12676;TIEMPO;7
3852;12683;Comp operadora;1
3853;12683;CENTRO CONTROL;9
3854;12683;TIEMPO;22
3855;12684;CENTRO CONTROL;1
3856;12684;TIEMPO;28
3857;12692;Comp operadora;128
3858;12705;Comp operadora;8
3859;12705;CENTRO CONTROL;8
3860;12705;TIEMPO;8
3861;12706;Comp operadora;22
3862;12706;CENTRO CONTROL;21
3863;12708;Comp operadora;66
3864;12708;CENTRO CONTROL;4
3865;12710;Comp operadora;11
3866;12710;TIEMPO;6
3867;12718;Comp operadora;90
3868;12718;CENTRO CONTROL;4
3869;12718;TIEMPO;2
3870;12720;Comp operadora;69
3871;12720;TIEMPO;16
3872;12721;TIEMPO;92
3873;12723;CENTRO CONTROL;7
3874;12723;TIEMPO;57
3875;12728;CENTRO CONTROL;21
3876;12729;CENTRO CONTROL;3
3877;12729;TIEMPO;13
3878;12742;Comp operadora;96
3879;12743;TIEMPO;77
3880;12745;Comp operadora;54
3881;12745;TIEMPO;30
3882;12748;CENTRO CONTROL;28
3883;12757;CENTRO CONTROL;21
3884;12761;Comp operadora;33
3885;12763;TIEMPO;27
3886;12768;TIEMPO;198
3887;12771;TIEMPO;32
3888;12772;Comp operadora;4
3889;12772;CENTRO CONTROL;11
3890;12772;TIEMPO;3
3891;12776;TIEMPO;16
3892;12787;TIEMPO;22
3893;12789;CENTRO CONTROL;15
3894;12793;Comp operadora;85
3895;12793;CENTRO CONTROL;1
3896;12803;CENTRO CONTROL;19
3897;12805;Comp operadora;6
3898;12805;CENTRO CONTROL;9
3899;12806;Comp operadora;8
3900;12806;CENTRO CONTROL;32
3901;12806;TIEMPO;18
3902;12814;Comp operadora;204
3903;12821;TIEMPO;19
3904;12824;Comp operadora;8
3905;12824;TIEMPO;11
3906;12827;CENTRO CONTROL;7
3907;12827;TIEMPO;17
3908;12833;CENTRO CONTROL;32
3909;12834;CENTRO CONTROL;33
3910;12840;TIEMPO;57
3911;12844;TIEMPO;23
3912;12846;TIEMPO;28
3913;12847;CENTRO CONTROL;6
3914;12847;TIEMPO;25
3915;12851;CENTRO CONTROL;10
3916;12851;TIEMPO;15
3917;12852;Comp operadora;13
3918;12852;CENTRO CONTROL;5
3919;12855;Comp operadora;44
3920;12861;Comp operadora;3
3921;12861;CENTRO CONTROL;2
3922;12861;TIEMPO;12
3923;12863;CENTRO CONTROL;25
3924;12864;Comp operadora;61
3925;12864;TIEMPO;25
3926;12869;Comp operadora;16
3927;12875;CENTRO CONTROL;17
3928;12889;CENTRO CONTROL;15
3929;12890;Comp operadora;3
3930;12890;TIEMPO;13
3931;12894;Comp operadora;10
3932;12894;CENTRO CONTROL;12
3933;12895;TIEMPO;17
3934;12896;CENTRO CONTROL;5
3935;12896;TIEMPO;20
3936;12898;Comp operadora;119
3937;12898;CENTRO CONTROL;26
3938;12907;Comp operadora;9
3939;12907;CENTRO CONTROL;10
3940;12911;CENTRO CONTROL;16
3941;12913;Comp operadora;20
3942;12943;CENTRO CONTROL;23
3943;12960;CENTRO CONTROL;39
3944;12963;TIEMPO;22
3945;12982;CENTRO CONTROL;18
3946;12983;Comp operadora;6
3947;12983;CENTRO CONTROL;15
3948;12983;TIEMPO;8
3949;12985;TIEMPO;18
3950;12986;Comp operadora;115
3951;12991;TIEMPO;101
3952;12993;Comp operadora;25
3953;12993;CENTRO CONTROL;16
3954;12996;CENTRO CONTROL;15
3955;13007;Comp operadora;15
3956;13007;CENTRO CONTROL;25
3957;13008;Comp operadora;22
3958;13010;CENTRO CONTROL;11
3959;13010;TIEMPO;30
3960;13015;TIEMPO;42
3961;13027;Comp operadora;12
3962;13027;CENTRO CONTROL;3
3963;13028;Comp operadora;2
3964;13028;CENTRO CONTROL;17
3965;13035;CENTRO CONTROL;24
3966;13036;CENTRO CONTROL;7
3967;13036;TIEMPO;20
3968;13044;Comp operadora;8
3969;13044;CENTRO CONTROL;7
3970;13045;Comp operadora;231
3971;13045;CENTRO CONTROL;8
3972;13051;CENTRO CONTROL;16
3973;13052;CENTRO CONTROL;33
3974;13056;CENTRO CONTROL;29
3975;13058;TIEMPO;18
3976;13064;Comp operadora;1
3977;13064;CENTRO CONTROL;8
3978;13064;TIEMPO;9
3979;13074;TIEMPO;23
3980;13074;CENTRO CONTROL;15
3981;13084;CENTRO CONTROL;14
3982;13084;TIEMPO;47
3983;13088;Comp operadora;1
3984;13088;CENTRO CONTROL;18
3985;13097;CENTRO CONTROL;28
3986;13112;Comp operadora;27
3987;13115;CENTRO CONTROL;16
3988;13124;Comp operadora;48
3989;13126;Comp operadora;150
3990;13127;TIEMPO;141
3991;13132;Comp operadora;25
3992;13132;CENTRO CONTROL;1
3993;13132;TIEMPO;5
3994;13133;TIEMPO;90
3995;13142;CENTRO CONTROL;7
3996;13142;TIEMPO;18
3997;13144;Comp operadora;5
3998;13144;CENTRO CONTROL;23
3999;13148;CENTRO CONTROL;8
4000;13148;TIEMPO;17
4001;13150;Comp operadora;126
4002;13150;TIEMPO;4
4003;13152;CENTRO CONTROL;2
4004;13152;TIEMPO;122
4005;13172;Comp operadora;5
4006;13172;CENTRO CONTROL;11
4007;13176;Comp operadora;42
4008;13176;TIEMPO;5
4009;13176;TIEMPO;31
4010;13177;TIEMPO;56
4011;13190;Comp operadora;69
4012;13190;CENTRO CONTROL;18
4013;13191;CENTRO CONTROL;22
4014;13194;Comp operadora;39
4015;13198;Comp operadora;28
4016;13198;CENTRO CONTROL;10
4017;13198;TIEMPO;6
4018;13200;CENTRO CONTROL;20
4019;13201;Comp operadora;77
4020;13202;Comp operadora;50
4021;13202;TIEMPO;55
4022;13203;Comp operadora;37
4023;13203;TIEMPO;8
4024;13204;TIEMPO;88
4025;13205;TIEMPO;18
4026;13206;CENTRO CONTROL;17
4027;13206;TIEMPO;60
4028;13207;Comp operadora;66
4029;13211;TIEMPO;35
4030;13211;CENTRO CONTROL;20
4031;13217;CENTRO CONTROL;11
4032;13217;TIEMPO;4
4033;13231;Comp operadora;3
4034;13231;CENTRO CONTROL;7
4035;13231;TIEMPO;103
4036;13250;CENTRO CONTROL;17
4037;13260;CENTRO CONTROL;17
4038;13273;Comp operadora;9
4039;13273;CENTRO CONTROL;16
4040;13275;TIEMPO;21
4041;13276;Comp operadora;5
4042;13276;CENTRO CONTROL;23
4043;13279;Comp operadora;11
4044;13279;CENTRO CONTROL;4
4045;13283;Comp operadora;13
4046;13283;CENTRO CONTROL;17
4047;13283;TIEMPO;1
4048;13284;TIEMPO;19
4049;13286;CENTRO CONTROL;16
4050;13288;CENTRO CONTROL;28
4051;13289;CENTRO CONTROL;89
4052;13290;CENTRO CONTROL;15
4053;13293;Comp operadora;9
4054;13293;CENTRO CONTROL;11
4055;13293;TIEMPO;23
4056;13294;Comp operadora;16
4057;13294;TIEMPO;31
4058;13297;Comp operadora;10
4059;13297;TIEMPO;13
4060;13300;Comp operadora;8
4061;13300;CENTRO CONTROL;24
4062;13303;CENTRO CONTROL;22
4063;13305;CENTRO CONTROL;18
4064;13310;Comp operadora;35
4065;13310;CENTRO CONTROL;3
4066;13310;TIEMPO;8
4067;13322;Comp operadora;163
4068;13336;CENTRO CONTROL;16
4069;13342;Comp operadora;17
4070;13342;CENTRO CONTROL;5
4071;13342;TIEMPO;5
4072;13350;CENTRO CONTROL;18
4073;13354;TIEMPO;34
4074;13360;Comp operadora;13
4075;13360;CENTRO CONTROL;15
4076;13361;Comp operadora;62
4077;13361;CENTRO CONTROL;8
4078;13361;TIEMPO;49
4079;13362;TIEMPO;21
4080;13364;TIEMPO;105
4081;13371;TIEMPO;83
4082;13373;Comp operadora;80
4083;13373;CENTRO CONTROL;1
4084;13376;CENTRO CONTROL;7
4085;13376;TIEMPO;63
4086;13383;Comp operadora;57
4087;13385;CENTRO CONTROL;53
4088;13386;Comp operadora;34
4089;13392;Comp operadora;412
4090;13392;CENTRO CONTROL;11
4091;13395;CENTRO CONTROL;6
4092;13395;TIEMPO;9
4093;13397;CENTRO CONTROL;7
4094;13397;TIEMPO;10
4095;13398;CENTRO CONTROL;27
4096;13402;CENTRO CONTROL;15
4097;13403;Comp operadora;1
4098;13403;TIEMPO;15
4099;13408;CENTRO CONTROL;15
4100;13409;TIEMPO;42
4101;13414;Comp operadora;4
4102;13414;CENTRO CONTROL;8
4103;13414;TIEMPO;12
4104;13425;Comp operadora;10
4105;13425;TIEMPO;20
4106;13428;TIEMPO;16
4107;13433;TIEMPO;130
4108;13440;CENTRO CONTROL;17
4109;13444;Comp operadora;3
4110;13444;CENTRO CONTROL;3
4111;13444;TIEMPO;15
4112;13447;Comp operadora;18
4113;13447;TIEMPO;26
4114;13451;TIEMPO;19
4115;13452;CENTRO CONTROL;24
4116;13455;Comp operadora;44
4117;13455;CENTRO CONTROL;11
4118;13461;CENTRO CONTROL;5
4119;13461;TIEMPO;39
4120;13463;TIEMPO;33
4121;13464;Comp operadora;267
4122;13503;Comp operadora;12
4123;13503;CENTRO CONTROL;8
4124;13503;TIEMPO;1
4125;13508;CENTRO CONTROL;15
4126;13521;CENTRO CONTROL;17
4127;13523;Comp operadora;8
4128;13523;CENTRO CONTROL;2
4129;13523;TIEMPO;14
4130;13527;Comp operadora;17
4131;13527;CENTRO CONTROL;5
4132;13528;CENTRO CONTROL;15
4133;13543;CENTRO CONTROL;28
4134;13546;CENTRO CONTROL;20
4135;13553;TIEMPO;25
4136;13557;TIEMPO;25
4137;13561;Comp operadora;69
4138;13561;CENTRO CONTROL;10
4139;13564;TIEMPO;68
4140;13572;TIEMPO;17
4141;13579;Comp operadora;13
4142;13579;TIEMPO;11
4143;13583;Comp operadora;54
4144;13583;CENTRO CONTROL;3
4145;13584;Comp operadora;20
4146;13584;CENTRO CONTROL;15
4147;13593;Comp operadora;45
4148;13596;Comp operadora;100
4149;13596;CENTRO CONTROL;5
4150;13596;TIEMPO;5
4151;13602;Comp operadora;19
4152;13602;TIEMPO;31
4153;13605;Comp operadora;60
4154;13605;CENTRO CONTROL;1
4155;13605;TIEMPO;2
4156;13614;CENTRO CONTROL;17
4157;13617;TIEMPO;26
4158;13618;Comp operadora;59
4159;13618;CENTRO CONTROL;4
4160;13620;CENTRO CONTROL;3
4161;13620;TIEMPO;59
4162;13621;Comp operadora;1
4163;13621;CENTRO CONTROL;14
4164;13632;Comp operadora;65
4165;13632;TIEMPO;10
4166;13634;TIEMPO;50
4167;13636;Comp operadora;19
4168;13637;TIEMPO;16
4169;13643;Comp operadora;24
4170;13651;Comp operadora;66
4171;13652;CENTRO CONTROL;19
4172;13655;TIEMPO;42
4173;13658;CENTRO CONTROL;4
4174;13658;TIEMPO;88
4175;13663;CENTRO CONTROL;15
4176;13665;CENTRO CONTROL;15
4177;13682;CENTRO CONTROL;7
4178;13682;TIEMPO;53
4179;13691;CENTRO CONTROL;31
4180;13693;Comp operadora;15
4181;13693;CENTRO CONTROL;11
4182;13698;CENTRO CONTROL;42
4183;13702;Comp operadora;20
4184;13703;TIEMPO;15
4185;13715;CENTRO CONTROL;19
4186;13720;TIEMPO;26
4187;13720;CENTRO CONTROL;12
4188;13722;CENTRO CONTROL;19
4189;13726;Comp operadora;60
4190;13727;TIEMPO;60
4191;13742;CENTRO CONTROL;24
4192;13746;TIEMPO;27
4193;13754;CENTRO CONTROL;3
4194;13754;TIEMPO;49
4195;13757;CENTRO CONTROL;7
4196;13757;TIEMPO;25
4197;13758;TIEMPO;25
4198;13759;Comp operadora;12
4199;13759;CENTRO CONTROL;6
4200;13759;TIEMPO;8
4201;13762;CENTRO CONTROL;16
4202;13765;Comp operadora;37
4203;13768;CENTRO CONTROL;18
4204;13782;Comp operadora;5
4205;13782;CENTRO CONTROL;20
4206;13784;TIEMPO;21
4207;13792;Comp operadora;10
4208;13792;CENTRO CONTROL;21
4209;13800;CENTRO CONTROL;30
4210;13801;CENTRO CONTROL;22
4211;13804;CENTRO CONTROL;2
4212;13804;TIEMPO;21
4213;13807;TIEMPO;99
4214;13818;CENTRO CONTROL;21
4215;13825;Comp operadora;31
4216;13837;TIEMPO;52
4217;13837;CENTRO CONTROL;5
4218;13841;Comp operadora;27
4219;13841;TIEMPO;37
4220;13841;CENTRO CONTROL;1
4221;13844;TIEMPO;52
4222;13846;TIEMPO;123
4223;13855;CENTRO CONTROL;17
4224;13856;Comp operadora;14
4225;13856;CENTRO CONTROL;10
4226;13856;TIEMPO;8
4227;13857;TIEMPO;24
4228;13864;TIEMPO;28
4229;13869;CENTRO CONTROL;9
4230;13869;TIEMPO;10
4231;13872;Comp operadora;52
4232;13872;CENTRO CONTROL;6
4233;13881;Comp operadora;10
4234;13881;CENTRO CONTROL;16
4235;13889;Comp operadora;28
4236;13889;TIEMPO;19
4237;13891;Comp operadora;13
4238;13891;CENTRO CONTROL;14
4239;13891;TIEMPO;33
4240;13894;CENTRO CONTROL;15
4241;13901;Comp operadora;5
4242;13901;CENTRO CONTROL;12
4243;13904;CENTRO CONTROL;18
4244;13909;CENTRO CONTROL;30
4245;13920;Comp operadora;12
4246;13920;CENTRO CONTROL;8
4247;13921;Comp operadora;7
4248;13921;CENTRO CONTROL;9
4249;13924;Comp operadora;1
4250;13924;CENTRO CONTROL;29
4251;13926;CENTRO CONTROL;31
4252;13936;Comp operadora;5
4253;13936;CENTRO CONTROL;30
4254;13948;Comp operadora;20
4255;13948;CENTRO CONTROL;8
4256;13961;Comp operadora;22
4257;13961;CENTRO CONTROL;2
4258;13966;Comp operadora;75
4259;13966;TIEMPO;13
4260;13969;TIEMPO;75
4261;13976;TIEMPO;19
4262;13987;CENTRO CONTROL;26
4263;13988;Comp operadora;13
4264;13988;CENTRO CONTROL;17
4265;13991;CENTRO CONTROL;29
4266;14005;CENTRO CONTROL;529
4267;14007;Comp operadora;1
4268;14007;TIEMPO;26
4269;14014;CENTRO CONTROL;5
4270;14014;TIEMPO;20
4271;14034;Comp operadora;22
4272;14034;CENTRO CONTROL;7
4273;14038;CENTRO CONTROL;4
4274;14038;TIEMPO;14
4275;14049;TIEMPO;49
4276;14052;Comp operadora;44
4277;14056;TIEMPO;19
4278;14058;Comp operadora;8
4279;14058;CENTRO CONTROL;6
4280;14058;TIEMPO;13
4281;14060;Comp operadora;41
4282;14060;CENTRO CONTROL;25
4283;14078;CENTRO CONTROL;22
4284;14080;CENTRO CONTROL;17
4285;14085;Comp operadora;77
4286;14085;CENTRO CONTROL;7
4287;14090;CENTRO CONTROL;18
4288;14093;Comp operadora;15
4289;14093;CENTRO CONTROL;29
4290;14098;TIEMPO;52
4291;14112;Comp operadora;6
4292;14112;CENTRO CONTROL;22
4293;14114;TIEMPO;16
4294;14119;Comp operadora;41
4295;14120;Comp operadora;18
4296;14129;CENTRO CONTROL;4
4297;14129;TIEMPO;14
4298;14132;Comp operadora;9
4299;14132;CENTRO CONTROL;1
4300;14132;TIEMPO;8
4301;14143;Comp operadora;31
4302;14155;TIEMPO;8
4303;14155;CENTRO CONTROL;23
4304;14157;TIEMPO;21
4305;14162;CENTRO CONTROL;12
4306;14162;TIEMPO;5
4307;14171;Comp operadora;15
4308;14171;CENTRO CONTROL;8
4309;14174;CENTRO CONTROL;18
4310;14180;CENTRO CONTROL;11
4311;14180;TIEMPO;41
4312;14183;TIEMPO;34
4313;14190;Comp operadora;38
4314;14190;CENTRO CONTROL;1
4315;14206;CENTRO CONTROL;5
4316;14206;TIEMPO;26
4317;14210;CENTRO CONTROL;16
4318;14215;CENTRO CONTROL;22
4319;14216;Comp operadora;6
4320;14216;CENTRO CONTROL;19
4321;14218;Comp operadora;16
4322;14218;CENTRO CONTROL;13
4323;14227;Comp operadora;347
4324;14232;TIEMPO;52
4325;14233;TIEMPO;50
4326;14236;Comp operadora;12
4327;14236;CENTRO CONTROL;12
4328;14236;TIEMPO;7
4329;14237;CENTRO CONTROL;82
4330;14241;CENTRO CONTROL;16
4331;14256;Comp operadora;5
4332;14256;CENTRO CONTROL;6
4333;14256;TIEMPO;23
4334;14258;TIEMPO;26
4335;14279;Comp operadora;2
4336;14279;CENTRO CONTROL;21
4337;14282;TIEMPO;21
4338;14286;Comp operadora;12
4339;14286;TIEMPO;6
4340;14288;Comp operadora;98
4341;14290;Comp operadora;48
4342;14295;TIEMPO;9
4343;14295;CENTRO CONTROL;13
4344;14297;Comp operadora;11
4345;14297;CENTRO CONTROL;10
4346;14297;TIEMPO;9
4347;14300;Comp operadora;10
4348;14300;CENTRO CONTROL;9
4349;14304;CENTRO CONTROL;18
4350;14308;TIEMPO;28
4351;14309;TIEMPO;62
4352;14317;TIEMPO;25
4353;14319;Comp operadora;28
4354;14325;CENTRO CONTROL;18
4355;14329;CENTRO CONTROL;32
4356;14335;CENTRO CONTROL;22
4357;14340;TIEMPO;25
4358;14345;TIEMPO;73
4359;14349;CENTRO CONTROL;15
4360;14350;Comp operadora;6
4361;14350;CENTRO CONTROL;24
4362;14355;TIEMPO;87
4363;14356;TIEMPO;39
4364;14360;Comp operadora;9
4365;14360;CENTRO CONTROL;17
4366;14361;CENTRO CONTROL;34
4367;14364;Comp operadora;5
4368;14364;CENTRO CONTROL;8
4369;14364;TIEMPO;21
4370;14366;CENTRO CONTROL;6
4371;14366;TIEMPO;17
4372;14370;CENTRO CONTROL;4
4373;14370;TIEMPO;12
4374;14373;Comp operadora;11
4375;14373;CENTRO CONTROL;18
4376;14380;TIEMPO;82
4377;14391;Comp operadora;23
4378;14391;CENTRO CONTROL;17
4379;14394;Comp operadora;29
4380;14408;Comp operadora;5
4381;14408;CENTRO CONTROL;25
4382;14411;TIEMPO;58
4383;14415;CENTRO CONTROL;46
4384;14416;Comp operadora;139
4385;14424;Comp operadora;26
4386;14427;CENTRO CONTROL;8
4387;14427;TIEMPO;10
4388;14432;Comp operadora;109
4389;14432;TIEMPO;5
4390;14434;Comp operadora;7
4391;14434;CENTRO CONTROL;13
4392;14435;TIEMPO;19
4393;14442;Comp operadora;2
4394;14442;CENTRO CONTROL;21
4395;14444;Comp operadora;21
4396;14444;TIEMPO;16
4397;14445;CENTRO CONTROL;16
4398;14462;Comp operadora;6
4399;14462;CENTRO CONTROL;26
4400;14472;Comp operadora;2
4401;14472;CENTRO CONTROL;3
4402;14472;TIEMPO;12
4403;14473;Comp operadora;7
4404;14473;CENTRO CONTROL;9
4405;14473;TIEMPO;3
4406;14474;CENTRO CONTROL;17
4407;14478;CENTRO CONTROL;22
4408;14481;Comp operadora;8
4409;14481;TIEMPO;27
4410;14484;Comp operadora;199
4411;14488;TIEMPO;30
4412;14490;CENTRO CONTROL;33
4413;14491;TIEMPO;20
4414;14495;TIEMPO;16
4415;14508;CENTRO CONTROL;2
4416;14508;TIEMPO;16
4417;14525;Comp operadora;32
4418;14525;TIEMPO;12
4419;14526;TIEMPO;21
4420;14532;Comp operadora;26
4421;14532;CENTRO CONTROL;2
4422;14532;TIEMPO;39
4423;14535;Comp operadora;12
4424;14535;CENTRO CONTROL;8
4425;14536;CENTRO CONTROL;17
4426;14539;TIEMPO;42
4427;14545;CENTRO CONTROL;31
4428;14546;CENTRO CONTROL;7
4429;14546;TIEMPO;9
4430;14554;Comp operadora;20
4431;14562;CENTRO CONTROL;22
4432;14644;CENTRO CONTROL;16
4433;14678;Comp operadora;1
4434;14678;CENTRO CONTROL;22
4435;14696;Comp operadora;6
4436;14696;CENTRO CONTROL;14
4437;14723;Comp operadora;9
4438;14723;CENTRO CONTROL;46
4439;14723;TIEMPO;2
4440;14727;CENTRO CONTROL;23
4441;14741;CENTRO CONTROL;15
4442;14747;Comp operadora;11
4443;14747;CENTRO CONTROL;15
4444;14774;Comp operadora;1
4445;14774;CENTRO CONTROL;20
4446;14793;Comp operadora;16
4447;14795;Comp operadora;12
4448;14795;CENTRO CONTROL;13
4449;14796;TIEMPO;3
4450;14796;CENTRO CONTROL;24
4451;14798;CENTRO CONTROL;19
4452;14800;Comp operadora;16
4453;14800;CENTRO CONTROL;2
4454;14809;CENTRO CONTROL;1
4455;14809;TIEMPO;33
4456;14869;Comp operadora;1
4457;14869;CENTRO CONTROL;22
4458;14881;CENTRO CONTROL;31
4459;14884;TIEMPO;775
4460;14885;Comp operadora;356
4461;14889;Comp operadora;25
4462;14889;CENTRO CONTROL;3
4463;14895;Comp operadora;15
4464;14895;CENTRO CONTROL;16
4465;14906;Comp operadora;3
4466;14906;CENTRO CONTROL;13
4467;14912;CENTRO CONTROL;7
4468;14912;TIEMPO;10
4469;14919;Comp operadora;3
4470;14919;CENTRO CONTROL;12
4471;14932;Comp operadora;93
4472;14935;TIEMPO;79
4473;14950;Comp operadora;7
4474;14950;CENTRO CONTROL;38
4475;14952;Comp operadora;23
4476;14957;CENTRO CONTROL;18
4477;14994;TIEMPO;7
4478;14994;CENTRO CONTROL;6
4479;14994;TIEMPO;2
4480;14998;Comp operadora;3
4481;14998;CENTRO CONTROL;13
4482;15022;Comp operadora;7
4483;15022;CENTRO CONTROL;13
4484;15029;Comp operadora;32
4485;15029;CENTRO CONTROL;7
4486;15060;TIEMPO;11
4487;15060;CENTRO CONTROL;8
4488;15062;CENTRO CONTROL;21
4489;15063;CENTRO CONTROL;15
4490;15064;Comp operadora;2
4491;15064;CENTRO CONTROL;23
4492;15064;TIEMPO;6
4493;15066;Comp operadora;2
4494;15066;CENTRO CONTROL;22
4495;15067;Comp operadora;14
4496;15067;CENTRO CONTROL;16
4497;15067;TIEMPO;3
4498;15071;CENTRO CONTROL;15
4499;15076;Comp operadora;2
4500;15076;CENTRO CONTROL;13
4501;15078;Comp operadora;6
4502;15078;CENTRO CONTROL;32
4503;15093;Comp operadora;2
4504;15093;CENTRO CONTROL;18
4505;15093;TIEMPO;1
4506;15095;CENTRO CONTROL;20
4507;15101;CENTRO CONTROL;5
4508;15101;TIEMPO;10
4509;15111;Comp operadora;50
4510;15111;CENTRO CONTROL;39
4511;15113;Comp operadora;15
4512;15113;CENTRO CONTROL;35
4513;15113;TIEMPO;38
4514;15150;Comp operadora;30
4515;15150;CENTRO CONTROL;9
4516;15167;CENTRO CONTROL;8
4517;15167;TIEMPO;20
4518;15170;CENTRO CONTROL;5
4519;15170;TIEMPO;15
4520;15184;Comp operadora;1
4521;15184;CENTRO CONTROL;22
4522;15205;Comp operadora;6
4523;15205;CENTRO CONTROL;20
4524;15230;CENTRO CONTROL;17
4525;15231;CENTRO CONTROL;16
4526;15234;Comp operadora;7
4527;15234;CENTRO CONTROL;8
4528;15235;Comp operadora;83
4529;15235;CENTRO CONTROL;3
4530;15237;CENTRO CONTROL;45
4531;15242;CENTRO CONTROL;6
4532;15242;TIEMPO;64
4533;15251;Comp operadora;21
4534;15251;CENTRO CONTROL;14
4535;15253;Comp operadora;7
4536;15253;CENTRO CONTROL;13
4537;15259;Comp operadora;21
4538;15262;Comp operadora;19
4539;15262;CENTRO CONTROL;2
4540;15267;Comp operadora;29
4541;15267;CENTRO CONTROL;12
4542;15271;Comp operadora;16
4543;15271;CENTRO CONTROL;11
4544;15272;TIEMPO;80
4545;15279;Comp operadora;25
4546;15279;CENTRO CONTROL;8
4547;15280;Comp operadora;41
4548;15282;CENTRO CONTROL;34
4549;15282;TIEMPO;28
4550;15283;TIEMPO;31
4551;15286;CENTRO CONTROL;24
4552;15299;CENTRO CONTROL;3
4553;15299;TIEMPO;20
4554;15300;CENTRO CONTROL;19
4555;15305;CENTRO CONTROL;15
4556;15305;TIEMPO;21
4557;15308;Comp operadora;78
4558;15310;Comp operadora;12
4559;15310;CENTRO CONTROL;3
4560;15311;CENTRO CONTROL;3
4561;15311;TIEMPO;73
4562;15312;CENTRO CONTROL;10
4563;15312;TIEMPO;7
4564;15313;Comp operadora;19
4565;15313;CENTRO CONTROL;12
4566;15317;Comp operadora;42
4567;15326;Comp operadora;7
4568;15326;CENTRO CONTROL;23
4569;15333;Comp operadora;17
4570;15345;Comp operadora;23
4571;15345;CENTRO CONTROL;12
4572;15354;TIEMPO;18
4573;15357;Comp operadora;3
4574;15357;CENTRO CONTROL;20
4575;15358;CENTRO CONTROL;6
4576;15358;TIEMPO;26
4577;15359;CENTRO CONTROL;2
4578;15359;TIEMPO;43
4579;15360;Comp operadora;8
4580;15360;CENTRO CONTROL;7
4581;15363;Comp operadora;88
4582;15363;CENTRO CONTROL;12
4583;15376;Comp operadora;20
4584;15376;CENTRO CONTROL;4
4585;15378;CENTRO CONTROL;15
4586;15378;TIEMPO;7
4587;15379;CENTRO CONTROL;19
4588;15386;CENTRO CONTROL;20
4589;15386;TIEMPO;25
4590;15399;CENTRO CONTROL;2
4591;15399;TIEMPO;45
4592;15400;TIEMPO;51
4593;15405;Comp operadora;53
4594;15405;CENTRO CONTROL;1
4595;15406;Comp operadora;56
4596;15407;CENTRO CONTROL;15
4597;15408;Comp operadora;16
4598;15412;CENTRO CONTROL;7
4599;15412;TIEMPO;9
4600;15413;CENTRO CONTROL;21
4601;15413;TIEMPO;5
4602;15428;Comp operadora;23
4603;15428;CENTRO CONTROL;11
4604;15438;TIEMPO;24
4605;15458;CENTRO CONTROL;2
4606;15458;TIEMPO;29
4607;15463;CENTRO CONTROL;7
4608;15463;TIEMPO;12
4609;15478;Comp operadora;4
4610;15478;CENTRO CONTROL;15
4611;15486;CENTRO CONTROL;29
4612;15486;TIEMPO;23
4613;15487;TIEMPO;43
4614;15497;Comp operadora;5
4615;15497;CENTRO CONTROL;11
4616;15499;Comp operadora;6
4617;15499;CENTRO CONTROL;11
4618;15500;Comp operadora;17
4619;15500;CENTRO CONTROL;21
4620;15504;TIEMPO;16
4621;15512;Comp operadora;15
4622;15514;Comp operadora;33
4623;15518;CENTRO CONTROL;5
4624;15518;TIEMPO;13
4625;15526;CENTRO CONTROL;19
4626;15534;Comp operadora;15
4627;15537;Comp operadora;13
4628;15537;CENTRO CONTROL;9
4629;15544;CENTRO CONTROL;15
4630;15545;Comp operadora;5
4631;15545;CENTRO CONTROL;13
4632;15546;Comp operadora;22
4633;15549;TIEMPO;22
4634;15551;CENTRO CONTROL;19
4635;15551;TIEMPO;9
4636;15552;CENTRO CONTROL;9
4637;15552;TIEMPO;17
4638;15563;CENTRO CONTROL;3
4639;15563;TIEMPO;22
4640;15577;CENTRO CONTROL;8
4641;15577;TIEMPO;8
4642;15583;CENTRO CONTROL;17
4643;15590;CENTRO CONTROL;27
4644;15590;TIEMPO;16
4645;15605;CENTRO CONTROL;1
4646;15605;TIEMPO;16
4647;15611;TIEMPO;41
4648;15646;Comp operadora;41
4649;15646;CENTRO CONTROL;4
4650;15654;TIEMPO;57
4651;15661;TIEMPO;81
4652;15690;CENTRO CONTROL;18
4653;15710;CENTRO CONTROL;41
4654;15712;CENTRO CONTROL;20
4655;15714;Comp operadora;9
4656;15714;CENTRO CONTROL;6
4657;15716;TIEMPO;25
4658;15718;TIEMPO;18
4659;15748;TIEMPO;64
4660;15763;CENTRO CONTROL;19
4661;15772;Comp operadora;13
4662;15772;CENTRO CONTROL;7
4663;15778;Comp operadora;8
4664;15778;CENTRO CONTROL;12
4665;15780;CENTRO CONTROL;22
4666;15780;TIEMPO;29
4667;15781;Comp operadora;28
4668;15781;CENTRO CONTROL;1
4669;15803;Comp operadora;3
4670;15803;CENTRO CONTROL;17
4671;15807;TIEMPO;15
4672;15808;TIEMPO;29
4673;15831;CENTRO CONTROL;26
4674;15839;Comp operadora;6
4675;15839;CENTRO CONTROL;9
4676;15850;CENTRO CONTROL;5
4677;15850;TIEMPO;26
4678;15855;TIEMPO;29
4679;15858;Comp operadora;26
4680;15858;CENTRO CONTROL;21
4681;15862;Comp operadora;22
4682;15862;CENTRO CONTROL;30
4683;15874;Comp operadora;29
4684;15874;CENTRO CONTROL;16
4685;15876;Comp operadora;3
4686;15876;CENTRO CONTROL;16
4687;15880;TIEMPO;25
4688;15883;CENTRO CONTROL;4
4689;15883;TIEMPO;20
4690;15884;CENTRO CONTROL;16
4691;15891;Comp operadora;1
4692;15891;CENTRO CONTROL;37
4693;15894;Comp operadora;1
4694;15894;CENTRO CONTROL;21
4695;15895;Comp operadora;15
4696;15895;CENTRO CONTROL;13
4697;15898;CENTRO CONTROL;29
4698;15899;Comp operadora;79
4699;15905;TIEMPO;73
4700;15908;TIEMPO;42
4701;15910;Comp operadora;28
4702;15910;CENTRO CONTROL;11
4703;15919;Comp operadora;17
4704;15920;CENTRO CONTROL;21
4705;15926;CENTRO CONTROL;14
4706;15926;TIEMPO;129
4707;15928;CENTRO CONTROL;8
4708;15928;TIEMPO;9
4709;15932;Comp operadora;24
4710;15934;TIEMPO;31
4711;15941;CENTRO CONTROL;63
4712;15941;TIEMPO;72
4713;15950;TIEMPO;17
4714;15955;CENTRO CONTROL;21
4715;15955;TIEMPO;9
4716;15958;CENTRO CONTROL;26
4717;15964;Comp operadora;18
4718;15964;CENTRO CONTROL;12
4719;15965;Comp operadora;28
4720;15966;Comp operadora;16
4721;15966;CENTRO CONTROL;7
4722;15967;TIEMPO;129
4723;15968;TIEMPO;149
4724;15969;TIEMPO;157
4725;15984;CENTRO CONTROL;69
4726;15985;TIEMPO;53
4727;15988;CENTRO CONTROL;33
4728;15998;TIEMPO;42
4729;16001;CENTRO CONTROL;68
4730;16012;Comp operadora;35
4731;16012;CENTRO CONTROL;9
4732;16019;Comp operadora;26
4733;16022;TIEMPO;64
4734;16024;TIEMPO;21
4735;16032;Comp operadora;22
4736;16032;CENTRO CONTROL;5
4737;16037;TIEMPO;22
4738;16040;Comp operadora;23
4739;16043;Comp operadora;21
4740;16044;TIEMPO;20
4741;16049;CENTRO CONTROL;3
4742;16049;TIEMPO;63
4743;16051;Comp operadora;46
4744;16064;Comp operadora;15
4745;16064;CENTRO CONTROL;1
4746;16066;CENTRO CONTROL;4
4747;16066;TIEMPO;34
4748;16075;Comp operadora;17
4749;16075;CENTRO CONTROL;53
4750;16077;CENTRO CONTROL;15
4751;16078;CENTRO CONTROL;15
4752;16078;TIEMPO;3
4753;16079;CENTRO CONTROL;16
4754;16095;Comp operadora;21
4755;16095;CENTRO CONTROL;26
4756;16101;Comp operadora;79
4757;16103;Comp operadora;91
4758;16110;TIEMPO;42
4759;16114;CENTRO CONTROL;23
4760;16124;Comp operadora;52
4761;16124;CENTRO CONTROL;1
4762;16126;CENTRO CONTROL;18
4763;16134;CENTRO CONTROL;19
4764;16136;CENTRO CONTROL;16
4765;16136;TIEMPO;24
4766;16137;TIEMPO;15
4767;16139;TIEMPO;36
4768;16145;TIEMPO;25
4769;16159;Comp operadora;12
4770;16159;CENTRO CONTROL;16
4771;16166;CENTRO CONTROL;8
4772;16166;TIEMPO;31
4773;16184;CENTRO CONTROL;15
4774;16184;TIEMPO;3
4775;16202;CENTRO CONTROL;19
4776;16202;TIEMPO;7
4777;16210;TIEMPO;72
4778;16231;Comp operadora;12
4779;16231;CENTRO CONTROL;9
4780;16248;CENTRO CONTROL;1
4781;16248;TIEMPO;23
4782;16249;Comp operadora;10
4783;16249;CENTRO CONTROL;12
4784;16256;TIEMPO;25
4785;16259;Comp operadora;4
4786;16259;CENTRO CONTROL;31
4787;16264;Comp operadora;15
4788;16267;TIEMPO;48
4789;16269;CENTRO CONTROL;37
4790;16271;TIEMPO;18
4791;16278;CENTRO CONTROL;27
4792;16278;TIEMPO;13
4793;16279;Comp operadora;160
4794;16279;CENTRO CONTROL;12
4795;16280;TIEMPO;168
4796;16295;CENTRO CONTROL;3
4797;16295;TIEMPO;15
4798;16315;Comp operadora;13
4799;16315;CENTRO CONTROL;5
4800;16319;TIEMPO;35
4801;16327;Comp operadora;17
4802;16327;CENTRO CONTROL;7
4803;16328;TIEMPO;30
4804;16330;CENTRO CONTROL;67
4805;16336;CENTRO CONTROL;57
4806;16336;TIEMPO;13
4807;16340;CENTRO CONTROL;72
4808;16344;TIEMPO;29
4809;16346;Comp operadora;19
4810;16346;CENTRO CONTROL;2
4811;16350;CENTRO CONTROL;9
4812;16350;TIEMPO;28
4813;16356;TIEMPO;85
4814;16358;TIEMPO;41
4815;16359;TIEMPO;100
4816;16361;Comp operadora;51
4817;16361;CENTRO CONTROL;10
4818;16384;CENTRO CONTROL;24
4819;16388;CENTRO CONTROL;26
4820;16389;CENTRO CONTROL;17
4821;16389;TIEMPO;4
4822;16393;CENTRO CONTROL;4
4823;16393;TIEMPO;13
4824;16396;Comp operadora;1
4825;16396;CENTRO CONTROL;18
4826;16405;TIEMPO;76
4827;16407;CENTRO CONTROL;4
4828;16407;TIEMPO;39
4829;16417;CENTRO CONTROL;11
4830;16417;TIEMPO;75
4831;16418;CENTRO CONTROL;14
4832;16418;TIEMPO;5
4833;16419;CENTRO CONTROL;24
4834;16419;TIEMPO;33
4835;16427;Comp operadora;49
4836;16430;CENTRO CONTROL;4
4837;16430;TIEMPO;48
4838;16439;Comp operadora;4
4839;16439;CENTRO CONTROL;15
4840;16443;Comp operadora;19
4841;16443;CENTRO CONTROL;21
4842;16459;Comp operadora;59
4843;16459;CENTRO CONTROL;44
4844;16464;CENTRO CONTROL;24
4845;16475;CENTRO CONTROL;14
4846;16475;TIEMPO;2
4847;16477;CENTRO CONTROL;32
4848;16477;TIEMPO;31
4849;16486;Comp operadora;30
4850;16493;CENTRO CONTROL;15
4851;16510;CENTRO CONTROL;17
4852;16521;CENTRO CONTROL;43
4853;16524;CENTRO CONTROL;78
4854;16524;TIEMPO;45
4855;16526;CENTRO CONTROL;17
4856;16533;TIEMPO;25
4857;16536;CENTRO CONTROL;23
4858;16536;TIEMPO;27
4859;16538;CENTRO CONTROL;21
4860;16540;CENTRO CONTROL;17
4861;16563;Comp operadora;16
4862;16563;CENTRO CONTROL;5
4863;16569;CENTRO CONTROL;20
4864;16571;Comp operadora;30
4865;16571;CENTRO CONTROL;12
4866;16575;TIEMPO;17
4867;16578;CENTRO CONTROL;22
4868;16578;TIEMPO;4
4869;16580;CENTRO CONTROL;13
4870;16580;TIEMPO;4
4871;16584;TIEMPO;41
4872;16586;Comp operadora;264
4873;16594;Comp operadora;53
4874;16594;CENTRO CONTROL;8
4875;16595;CENTRO CONTROL;11
4876;16595;TIEMPO;19
4877;16597;Comp operadora;1
4878;16597;CENTRO CONTROL;22
4879;16600;TIEMPO;46
4880;16601;CENTRO CONTROL;13
4881;16601;TIEMPO;46
4882;16603;CENTRO CONTROL;24
4883;16603;TIEMPO;261
4884;16607;CENTRO CONTROL;15
4885;16615;Comp operadora;25
4886;16615;CENTRO CONTROL;11
4887;16619;CENTRO CONTROL;10
4888;16619;TIEMPO;13
4889;16625;CENTRO CONTROL;7
4890;16625;TIEMPO;12
4891;16628;TIEMPO;23
4892;16634;TIEMPO;61
4893;16653;Comp operadora;13
4894;16653;CENTRO CONTROL;16
4895;16673;Comp operadora;18
4896;16673;CENTRO CONTROL;6
4897;16674;TIEMPO;44
4898;16678;Comp operadora;16
4899;16678;CENTRO CONTROL;9
4900;16681;CENTRO CONTROL;5
4901;16681;TIEMPO;24
4902;16693;Comp operadora;30
4903;16695;Comp operadora;9
4904;16695;CENTRO CONTROL;6
4905;16699;Comp operadora;19
4906;16699;CENTRO CONTROL;22
4907;16701;TIEMPO;32
4908;16702;CENTRO CONTROL;8
4909;16702;TIEMPO;30
4910;16713;CENTRO CONTROL;5
4911;16713;TIEMPO;100
4912;16714;TIEMPO;23
4913;16715;CENTRO CONTROL;9
4914;16715;TIEMPO;27
4915;16730;CENTRO CONTROL;19
4916;16734;CENTRO CONTROL;24
4917;16734;TIEMPO;5
4918;16747;CENTRO CONTROL;5
4919;16747;TIEMPO;55
4920;16749;Comp operadora;21
4921;16749;CENTRO CONTROL;3
4922;16750;Comp operadora;34
4923;16755;Comp operadora;43
4924;16797;Comp operadora;5
4925;16797;CENTRO CONTROL;11
4926;16808;Comp operadora;20
4927;16820;CENTRO CONTROL;21
4928;16820;TIEMPO;7
4929;16828;TIEMPO;21
4930;16829;TIEMPO;21
4931;16831;TIEMPO;40
4932;16844;CENTRO CONTROL;24
4933;16850;TIEMPO;110
4934;16851;CENTRO CONTROL;5
4935;16851;TIEMPO;10
4936;16853;Comp operadora;4
4937;16853;CENTRO CONTROL;26
4938;16854;CENTRO CONTROL;59
4939;16857;Comp operadora;19
4940;16857;CENTRO CONTROL;13
4941;16862;Comp operadora;16
4942;16880;CENTRO CONTROL;28
4943;16903;TIEMPO;19
4944;16917;Comp operadora;12
4945;16917;CENTRO CONTROL;4
4946;16924;Comp operadora;14
4947;16924;CENTRO CONTROL;2
4948;16926;CENTRO CONTROL;3
4949;16926;TIEMPO;14
4950;16927;CENTRO CONTROL;1
4951;16927;TIEMPO;40
4952;16935;CENTRO CONTROL;25
4953;16937;CENTRO CONTROL;19
4954;16943;CENTRO CONTROL;20
4955;16951;Comp operadora;8
4956;16951;CENTRO CONTROL;7
4957;16956;CENTRO CONTROL;23
4958;16963;Comp operadora;9
4959;16963;CENTRO CONTROL;6
4960;16966;Comp operadora;50
4961;16966;CENTRO CONTROL;5
4962;16975;CENTRO CONTROL;7
4963;16975;TIEMPO;20
4964;16980;Comp operadora;54
4965;16988;TIEMPO;17
4966;16996;CENTRO CONTROL;23
4967;16996;TIEMPO;13
4968;16999;Comp operadora;3
4969;16999;CENTRO CONTROL;13
4970;17001;CENTRO CONTROL;19
4971;17016;Comp operadora;17
4972;17016;CENTRO CONTROL;9
4973;17019;TIEMPO;20
4974;17028;Comp operadora;23
4975;17031;Comp operadora;37
4976;17031;CENTRO CONTROL;6
4977;17034;TIEMPO;40
4978;17040;CENTRO CONTROL;12
4979;17040;TIEMPO;13
4980;17062;Comp operadora;24
4981;17077;Comp operadora;36
4982;17086;TIEMPO;31
4983;17089;CENTRO CONTROL;24
4984;17089;TIEMPO;14
4985;17091;Comp operadora;1
4986;17091;CENTRO CONTROL;18
4987;17100;Comp operadora;1
4988;17100;CENTRO CONTROL;18
4989;17104;CENTRO CONTROL;11
4990;17104;TIEMPO;9
4991;17111;CENTRO CONTROL;16
4992;17112;CENTRO CONTROL;4
4993;17112;TIEMPO;19
4994;17122;CENTRO CONTROL;2
4995;17122;TIEMPO;18
4996;17123;TIEMPO;36
4997;17135;CENTRO CONTROL;4
4998;17135;TIEMPO;18
4999;17170;Comp operadora;23
5000;17182;TIEMPO;28
5001;17196;CENTRO CONTROL;16
5002;17197;TIEMPO;19
5003;17200;CENTRO CONTROL;8
5004;17200;TIEMPO;10
5005;17204;TIEMPO;18
5006;17218;CENTRO CONTROL;4
5007;17218;TIEMPO;15
5008;17222;CENTRO CONTROL;32
5009;17222;TIEMPO;90
5010;17237;Comp operadora;24
5011;17237;CENTRO CONTROL;15
5012;17238;CENTRO CONTROL;22
5013;17238;TIEMPO;23
5014;17241;Comp operadora;21
5015;17242;Comp operadora;37
5016;17248;Comp operadora;33
5017;17249;Comp operadora;15
5018;17250;Comp operadora;8
5019;17250;TIEMPO;20
5020;17253;Comp operadora;21
5021;17253;SEGURIDAD;11
5022;17254;Comp operadora;35
5023;17254;TIEMPO;75
5024;17257;Comp operadora;85
5025;17259;Comp operadora;18
5026;17260;Comp operadora;16
5027;17261;Comp operadora;24
5028;17261;TIEMPO;6
5029;17264;Comp operadora;19
5030;17266;Comp operadora;27
5031;17268;Comp operadora;31
5032;17272;Comp operadora;36
5033;17272;CENTRO CONTROL;217
5034;17273;Comp operadora;26
5035;17278;Comp operadora;31
5036;17290;Comp operadora;26
5037;17307;Comp operadora;33
5038;17313;Comp operadora;89
5039;17314;Comp operadora;20
5040;17315;Comp operadora;19
5041;17464;Comp operadora;2
5042;17464;TIEMPO;16
5043;17467;Comp operadora;19
5044;17475;TIEMPO;48
5045;17478;Comp operadora;52
5046;17499;TIEMPO;27
5047;17502;Comp operadora;2
5048;17502;TIEMPO;14
5049;17508;Comp operadora;5
5050;17508;TIEMPO;22
5051;17510;Comp operadora;9
5052;17510;TIEMPO;13
5053;17512;Comp operadora;47
5054;17514;Comp operadora;2
5055;17514;TIEMPO;41
5056;17536;TIEMPO;78
5057;17539;TIEMPO;84
5058;17554;Comp operadora;8
5059;17554;TIEMPO;16
5060;17557;Comp operadora;15
5061;17560;TIEMPO;64
5062;17563;Comp operadora;46
5063;17563;TIEMPO;27
5064;17565;Comp operadora;4
5065;17565;TIEMPO;82
5066;17566;Comp operadora;91
5067;17568;Comp operadora;107
5068;17574;Comp operadora;18
5069;17595;Comp operadora;20
5070;17607;TIEMPO;32
5071;17610;Comp operadora;5
5072;17610;TIEMPO;21
5073;17613;Comp operadora;20
5074;17614;Comp operadora;1
5075;17614;TIEMPO;17
5076;17616;Comp operadora;1
5077;17616;TIEMPO;17
5078;17617;Comp operadora;2
5079;17617;TIEMPO;16
5080;17644;Comp operadora;7
5081;17644;TIEMPO;18
5082;17647;Comp operadora;3
5083;17647;TIEMPO;20
5084;17649;Comp operadora;44
5085;17652;TIEMPO;41
5086;17680;TIEMPO;62
5087;17688;Comp operadora;3
5088;17688;TIEMPO;35
5089;17691;Comp operadora;37
5090;17694;Comp operadora;11
5091;17694;TIEMPO;18
5092;17697;TIEMPO;28
5093;17700;TIEMPO;44
5094;17703;Comp operadora;53
5095;17706;TIEMPO;78
5096;17709;TIEMPO;74
5097;17760;Comp operadora;3
5098;17760;TIEMPO;47
5099;17763;TIEMPO;55
5100;17773;TIEMPO;44
5101;17774;CENTRO CONTROL;85
5102;17777;Comp operadora;25
5103;17789;Comp operadora;83
5104;17791;TIEMPO;30
5105;17792;TIEMPO;63
5106;17797;TIEMPO;46
5107;17806;CENTRO CONTROL;1
5108;17806;TIEMPO;38
5109;17809;Comp operadora;48
5110;17809;TIEMPO;2
5111;17826;TIEMPO;56
5112;17829;Comp operadora;53
5113;17829;TIEMPO;27
5114;17831;TIEMPO;93
5115;17831;CENTRO CONTROL;11
5116;17832;TIEMPO;229
5117;17832;CENTRO CONTROL;6
5118;17840;CENTRO CONTROL;1
5119;17840;TIEMPO;20
5120;17843;TIEMPO;36
5121;17850;Comp operadora;19
5122;17853;TIEMPO;137
5123;17855;CENTRO CONTROL;8
5124;17855;TIEMPO;23
5125;17856;Comp operadora;152
5126;17867;TIEMPO;17
5127;17868;TIEMPO;43
5128;17873;Comp operadora;6
5129;17873;TIEMPO;55
5130;17874;CENTRO CONTROL;22
5131;17874;TIEMPO;240
5132;17876;TIEMPO;64
5133;17882;Comp operadora;7
5134;17882;TIEMPO;31
5135;17906;Comp operadora;21
5136;17906;CENTRO CONTROL;2
5137;17911;CENTRO CONTROL;80
5138;17911;TIEMPO;160
5139;17912;CENTRO CONTROL;18
5140;17914;Comp operadora;5
5141;17914;TIEMPO;239
5142;17915;CENTRO CONTROL;64
5143;17915;TIEMPO;18
5144;17918;TIEMPO;59
5145;17921;TIEMPO;52
5146;17935;TIEMPO;102
5147;17938;TIEMPO;171
5148;17939;CENTRO CONTROL;240
5149;17940;TIEMPO;569
5150;17944;TIEMPO;88
5151;17947;Comp operadora;3
5152;17947;CENTRO CONTROL;4
5153;17947;TIEMPO;16
5154;17950;CENTRO CONTROL;4
5155;17950;TIEMPO;18
5156;17966;TIEMPO;34
5157;17967;TIEMPO;54
5158;17972;TIEMPO;46
5159;17989;CENTRO CONTROL;19
5160;17990;Comp operadora;131
5161;17992;CENTRO CONTROL;7
5162;17992;TIEMPO;37
5163;17995;Comp operadora;28
5164;17995;TIEMPO;18
5165;18001;TIEMPO;144
5166;18001;CENTRO CONTROL;16
5167;18002;TIEMPO;131
5168;18002;CENTRO CONTROL;57
5169;18007;TIEMPO;135
5170;18008;TIEMPO;150
5171;18018;TIEMPO;42
5172;18020;Comp operadora;35
5173;18020;TIEMPO;115
5174;18021;TIEMPO;161
5175;18028;TIEMPO;16
5176;18038;CENTRO CONTROL;4
5177;18038;TIEMPO;30
5178;18042;Comp operadora;1
5179;18042;TIEMPO;140
5180;18043;CENTRO CONTROL;16
5181;18043;TIEMPO;158
5182;18046;TIEMPO;16
5183;18048;TIEMPO;75
5184;18049;TIEMPO;44
5185;18049;CENTRO CONTROL;19
5186;18054;Comp operadora;26
5187;18054;CENTRO CONTROL;9
5188;18060;TIEMPO;84
5189;18066;TIEMPO;53
5190;18067;Comp operadora;67
5191;18072;TIEMPO;16
5192;18074;Comp operadora;3
5193;18074;TIEMPO;69
5194;18075;CENTRO CONTROL;14
5195;18075;TIEMPO;49
5196;18081;TIEMPO;26
5197;18081;CENTRO CONTROL;79
5198;18083;TIEMPO;25
5199;18085;TIEMPO;41
5200;18094;TIEMPO;65
5201;18097;Comp operadora;58
5202;18097;CENTRO CONTROL;6
5203;18099;Comp operadora;46
5204;18099;CENTRO CONTROL;9
5205;18108;CENTRO CONTROL;5
5206;18108;TIEMPO;67
5207;18109;TIEMPO;59
5208;18113;TIEMPO;119
5209;18113;CENTRO CONTROL;4
5210;18114;Comp operadora;111
5211;18114;TIEMPO;35
5212;18115;CENTRO CONTROL;9
5213;18115;TIEMPO;150
5214;18126;Comp operadora;47
5215;18131;CENTRO CONTROL;1
5216;18131;TIEMPO;17
5217;18138;Comp operadora;3
5218;18138;CENTRO CONTROL;18
5219;18138;TIEMPO;32
5220;18141;Comp operadora;32
5221;18151;CENTRO CONTROL;15
5222;18153;Comp operadora;19
5223;18157;TIEMPO;35
5224;18168;CENTRO CONTROL;22
5225;18170;CENTRO CONTROL;24
5226;18184;Comp operadora;18
5227;18184;CENTRO CONTROL;13
5228;18213;CENTRO CONTROL;15
5229;18218;Comp operadora;20
5230;18218;CENTRO CONTROL;1
5231;18221;TIEMPO;19
5232;18225;Comp operadora;17
5233;18225;CENTRO CONTROL;4
5234;18227;CENTRO CONTROL;16
5235;18229;Comp operadora;12
5236;18229;CENTRO CONTROL;6
5237;18229;TIEMPO;53
5238;18230;Comp operadora;2
5239;18230;TIEMPO;26
5240;18232;Comp operadora;49
5241;18232;CENTRO CONTROL;4
5242;18233;Comp operadora;19
5243;18233;TIEMPO;8
5244;18242;CENTRO CONTROL;27
5245;18243;Comp operadora;31
5246;18243;CENTRO CONTROL;6
5247;18268;CENTRO CONTROL;15
5248;18279;CENTRO CONTROL;15
5249;18283;Comp operadora;60
5250;18318;CENTRO CONTROL;1
5251;18318;TIEMPO;34
5252;18319;Comp operadora;12
5253;18319;TIEMPO;14
5254;18320;Comp operadora;42
5255;18320;CENTRO CONTROL;4
5256;18336;CENTRO CONTROL;20
5257;18338;Comp operadora;17
5258;18339;Comp operadora;19
5259;18364;CENTRO CONTROL;22
5260;18367;CENTRO CONTROL;13
5261;18367;TIEMPO;12
5262;18369;CENTRO CONTROL;18
5263;18384;Comp operadora;2
5264;18384;CENTRO CONTROL;7
5265;18384;TIEMPO;20
5266;18390;CENTRO CONTROL;4
5267;18390;TIEMPO;17
5268;18411;CENTRO CONTROL;5
5269;18411;TIEMPO;10
5270;18437;Comp operadora;50
5271;18440;CENTRO CONTROL;4
5272;18440;TIEMPO;47
5273;18454;Comp operadora;82
5274;18454;CENTRO CONTROL;8
5275;18461;Comp operadora;11
5276;18461;TIEMPO;4
5277;18464;Comp operadora;5
5278;18464;TIEMPO;11
5279;18488;Comp operadora;42
5280;18501;CENTRO CONTROL;19
5281;18506;Comp operadora;20
5282;18509;Comp operadora;13
5283;18509;TIEMPO;2
5284;18516;Comp operadora;7
5285;18516;CENTRO CONTROL;2
5286;18516;TIEMPO;92
5287;18519;CENTRO CONTROL;24
5288;18519;TIEMPO;16
5289;18521;Comp operadora;82
5290;18524;TIEMPO;58
5291;18531;CENTRO CONTROL;20
5292;18533;Comp operadora;33
5293;18536;TIEMPO;23
5294;18537;Comp operadora;6
5295;18537;CENTRO CONTROL;18
5296;18538;CENTRO CONTROL;16
5297;18541;Comp operadora;21
5298;18541;TIEMPO;14
5299;18553;Comp operadora;19
5300;18556;Comp operadora;29
5301;18556;CENTRO CONTROL;1
5302;18583;Comp operadora;1
5303;18583;TIEMPO;17
5304;18584;Comp operadora;35
5305;18602;CENTRO CONTROL;17
5306;18605;Comp operadora;2
5307;18605;TIEMPO;17
5308;18622;CENTRO CONTROL;19
5309;18635;CENTRO CONTROL;16
5310;18637;Comp operadora;26
5311;18637;CENTRO CONTROL;15
5312;18642;Comp operadora;12
5313;18642;TIEMPO;11
5314;18643;CENTRO CONTROL;1
5315;18643;TIEMPO;19
5316;18662;Comp operadora;11
5317;18662;CENTRO CONTROL;2
5318;18662;TIEMPO;68
5319;18665;Comp operadora;61
5320;18665;CENTRO CONTROL;6
5321;18665;TIEMPO;1
5322;18668;CENTRO CONTROL;3
5323;18668;TIEMPO;13
5324;18688;Comp operadora;105
5325;18693;Comp operadora;87
5326;18707;Comp operadora;6
5327;18707;CENTRO CONTROL;10
5328;18707;TIEMPO;7
5329;18714;Comp operadora;70
5330;18714;TIEMPO;22
5331;18726;Comp operadora;10
5332;18726;CENTRO CONTROL;7
5333;18732;CENTRO CONTROL;2
5334;18732;TIEMPO;17
5335;18736;CENTRO CONTROL;15
5336;18741;Comp operadora;26
5337;18745;CENTRO CONTROL;17
5338;18759;TIEMPO;80
5339;18762;Comp operadora;89
5340;18766;CENTRO CONTROL;16
5341;18768;CENTRO CONTROL;11
5342;18768;TIEMPO;14
5343;18769;Comp operadora;33
5344;18777;Comp operadora;39
5345;18777;TIEMPO;6
5346;18780;TIEMPO;31
5347;18782;Comp operadora;27
5348;18782;CENTRO CONTROL;7
5349;18797;Comp operadora;30
5350;18823;Comp operadora;4
5351;18823;CENTRO CONTROL;12
5352;18823;TIEMPO;19
5353;18864;CENTRO CONTROL;7
5354;18864;TIEMPO;20
5355;18866;CENTRO CONTROL;14
5356;18866;TIEMPO;9
5357;18868;Comp operadora;19
5358;18880;Comp operadora;14
5359;18880;CENTRO CONTROL;3
5360;18880;TIEMPO;99
5361;18883;Comp operadora;80
5362;18883;TIEMPO;29
5363;18902;CENTRO CONTROL;16
5364;18902;TIEMPO;13
5365;18907;Comp operadora;47
5366;18910;Comp operadora;1
5367;18910;TIEMPO;46
5368;18912;CENTRO CONTROL;15
5369;18920;Comp operadora;37
5370;18920;CENTRO CONTROL;11
5371;18920;TIEMPO;22
5372;18935;CENTRO CONTROL;23
5373;18946;TIEMPO;22
5374;18949;Comp operadora;23
5375;18949;CENTRO CONTROL;18
5376;18974;Comp operadora;12
5377;18974;CENTRO CONTROL;5
5378;18979;TIEMPO;28
5379;18980;TIEMPO;16
5380;18982;Comp operadora;15
5381;18982;CENTRO CONTROL;19
5382;18992;CENTRO CONTROL;20
5383;18994;Comp operadora;5
5384;18994;TIEMPO;32
5385;18995;Comp operadora;25
5386;18995;CENTRO CONTROL;15
5387;18995;TIEMPO;1
5388;19004;Comp operadora;10
5389;19004;CENTRO CONTROL;15
5390;19016;CENTRO CONTROL;17
5391;19020;CENTRO CONTROL;22
5392;19029;CENTRO CONTROL;19
5393;19050;CENTRO CONTROL;7
5394;19050;TIEMPO;12
5395;19056;Comp operadora;14
5396;19056;CENTRO CONTROL;16
5397;19058;Comp operadora;18
5398;19067;CENTRO CONTROL;2
5399;19067;TIEMPO;32
5400;19073;Comp operadora;6
5401;19073;CENTRO CONTROL;10
5402;19074;CENTRO CONTROL;19
5403;19082;Comp operadora;6
5404;19082;TIEMPO;22
5405;19096;CENTRO CONTROL;5
5406;19096;TIEMPO;23
5407;19098;CENTRO CONTROL;3
5408;19098;TIEMPO;12
5409;19111;CENTRO CONTROL;1
5410;19111;TIEMPO;24
5411;19137;Comp operadora;41
5412;19137;TIEMPO;2
5413;19141;Comp operadora;32
5414;19141;CENTRO CONTROL;8
5415;19157;Comp operadora;12
5416;19157;CENTRO CONTROL;17
5417;19165;Comp operadora;16
5418;19165;CENTRO CONTROL;10
5419;19180;Comp operadora;33
5420;19180;TIEMPO;32
5421;19202;Comp operadora;32
5422;19202;CENTRO CONTROL;4
5423;19202;TIEMPO;16
5424;19205;CENTRO CONTROL;3
5425;19205;TIEMPO;39
5426;19212;Comp operadora;22
5427;19212;CENTRO CONTROL;1
5428;19217;TIEMPO;60
5429;19220;Comp operadora;6
5430;19220;CENTRO CONTROL;8
5431;19220;TIEMPO;1
5432;19224;Comp operadora;6
5433;19224;CENTRO CONTROL;10
5434;19226;CENTRO CONTROL;3
5435;19226;TIEMPO;16
5436;19227;Comp operadora;34
5437;19250;Comp operadora;28
5438;19250;CENTRO CONTROL;9
5439;19267;TIEMPO;62
5440;19267;CENTRO CONTROL;6
5441;19267;TIEMPO;45
5442;19268;TIEMPO;107
5443;19270;Comp operadora;106
5444;19270;CENTRO CONTROL;13
5445;19323;CENTRO CONTROL;18
5446;19328;Comp operadora;15
5447;19328;CENTRO CONTROL;4
5448;19334;TIEMPO;39
5449;19337;Comp operadora;29
5450;19337;TIEMPO;18
5451;19339;TIEMPO;37
5452;19340;Comp operadora;105
5453;19340;CENTRO CONTROL;8
5454;19340;TIEMPO;9
5455;19342;Comp operadora;52
5456;19342;CENTRO CONTROL;1
5457;19349;Comp operadora;21
5458;19366;TIEMPO;21
5459;19372;CENTRO CONTROL;5
5460;19372;TIEMPO;14
5461;19384;Comp operadora;20
5462;19384;TIEMPO;7
5463;19388;CENTRO CONTROL;2
5464;19388;TIEMPO;14
5465;19389;CENTRO CONTROL;1
5466;19389;TIEMPO;80
5467;19396;CENTRO CONTROL;30
5468;19413;CENTRO CONTROL;6
5469;19413;TIEMPO;80
5470;19417;CENTRO CONTROL;33
5471;19417;TIEMPO;4
5472;19419;CENTRO CONTROL;84
5473;19419;TIEMPO;19
5474;19420;CENTRO CONTROL;80
5475;19431;Comp operadora;37
5476;19432;Comp operadora;45
5477;19432;TIEMPO;37
5478;19434;TIEMPO;33
5479;19435;TIEMPO;26
5480;19436;Comp operadora;9
5481;19436;TIEMPO;62
5482;19438;CENTRO CONTROL;35
5483;19438;TIEMPO;58
5484;19439;CENTRO CONTROL;76
5485;19448;CENTRO CONTROL;28
5486;19448;TIEMPO;111
5487;19449;CENTRO CONTROL;100
5488;19449;TIEMPO;3
5489;19450;CENTRO CONTROL;23
5490;19451;TIEMPO;22
5491;19453;CENTRO CONTROL;1
5492;19453;TIEMPO;63
5493;19454;TIEMPO;15
5494;19462;CENTRO CONTROL;44
5495;19463;CENTRO CONTROL;32
5496;19468;TIEMPO;11
5497;19468;CENTRO CONTROL;46
5498;19468;TIEMPO;98
5499;19475;Comp operadora;5
5500;19475;TIEMPO;23
5501;19477;TIEMPO;110
5502;19477;TIEMPO;23
5503;19478;CENTRO CONTROL;42
5504;19478;TIEMPO;9
5505;19479;Comp operadora;6
5506;19479;TIEMPO;79
5507;19480;CENTRO CONTROL;3
5508;19480;TIEMPO;84
5509;19485;CENTRO CONTROL;32
5510;19486;CENTRO CONTROL;30
5511;19488;Comp operadora;12
5512;19488;CENTRO CONTROL;4
5513;19492;CENTRO CONTROL;21
5514;19496;CENTRO CONTROL;2
5515;19496;TIEMPO;69
5516;19497;TIEMPO;45
5517;19498;TIEMPO;44
5518;19499;TIEMPO;86
5519;19501;CENTRO CONTROL;5
5520;19501;TIEMPO;44
5521;19502;CENTRO CONTROL;3
5522;19502;TIEMPO;95
5523;19504;Comp operadora;19
5524;19504;TIEMPO;6
5525;19505;TIEMPO;19
5526;19511;CENTRO CONTROL;88
5527;19511;TIEMPO;2
5528;19512;CENTRO CONTROL;36
5529;19512;TIEMPO;22
5530;19517;TIEMPO;26
5531;19518;CENTRO CONTROL;12
5532;19518;TIEMPO;80
5533;19522;CENTRO CONTROL;210
5534;19526;Comp operadora;37
5535;19526;TIEMPO;40
5536;19527;CENTRO CONTROL;1
5537;19527;TIEMPO;25
5538;19530;Comp operadora;33
5539;19533;Comp operadora;36
5540;19535;CENTRO CONTROL;60
5541;19535;TIEMPO;25
5542;19536;CENTRO CONTROL;26
5543;19536;TIEMPO;14
5544;19550;Comp operadora;8
5545;19550;TIEMPO;7
5546;19555;CENTRO CONTROL;50
5547;19556;CENTRO CONTROL;109
5548;19564;Comp operadora;21
5549;19565;Comp operadora;20
5550;19565;TIEMPO;11
5551;19567;CENTRO CONTROL;1
5552;19567;TIEMPO;15
5553;19568;CENTRO CONTROL;26
5554;19571;CENTRO CONTROL;4
5555;19571;TIEMPO;14
5556;19573;CENTRO CONTROL;96
5557;19573;TIEMPO;1
5558;19574;CENTRO CONTROL;58
5559;19574;TIEMPO;13
5560;19579;Comp operadora;39
5561;19585;Comp operadora;34
5562;19588;TIEMPO;32
5563;19589;CENTRO CONTROL;42
5564;19591;Comp operadora;75
5565;19592;Comp operadora;48
5566;19592;TIEMPO;49
5567;19593;TIEMPO;17
5568;19598;CENTRO CONTROL;18
5569;19599;TIEMPO;27
5570;19600;CENTRO CONTROL;13
5571;19600;TIEMPO;27
5572;19604;Comp operadora;5
5573;19604;TIEMPO;25
5574;19607;CENTRO CONTROL;38
5575;19607;TIEMPO;21
5576;19608;CENTRO CONTROL;90
5577;19608;TIEMPO;20
5578;19609;CENTRO CONTROL;86
5579;19610;CENTRO CONTROL;89
5580;19615;CENTRO CONTROL;21
5581;19616;CENTRO CONTROL;20
5582;19621;CENTRO CONTROL;108
5583;19622;CENTRO CONTROL;35
5584;19630;CENTRO CONTROL;6
5585;19630;TIEMPO;51
5586;19640;CENTRO CONTROL;32
5587;19640;TIEMPO;7
5588;19641;CENTRO CONTROL;36
5589;19642;CENTRO CONTROL;75
5590;19642;TIEMPO;25
5591;19643;CENTRO CONTROL;46
5592;19643;TIEMPO;15
5593;19656;Comp operadora;115
5594;19663;Comp operadora;34
5595;19663;CENTRO CONTROL;6
5596;19666;Comp operadora;19
5597;19672;CENTRO CONTROL;26
5598;19672;TIEMPO;16
5599;19673;CENTRO CONTROL;98
5600;19689;Comp operadora;55
5601;19689;CENTRO CONTROL;6
5602;19693;CENTRO CONTROL;15
5603;19702;Comp operadora;76
5604;19702;CENTRO CONTROL;9
5605;19706;Comp operadora;11
5606;19706;TIEMPO;102
5607;19713;CENTRO CONTROL;83
5608;19713;TIEMPO;6
5609;19715;Comp operadora;10
5610;19715;TIEMPO;13
5611;19716;Comp operadora;35
5612;19718;CENTRO CONTROL;54
5613;19718;TIEMPO;23
5614;19719;CENTRO CONTROL;55
5615;19719;TIEMPO;35
5616;19723;CENTRO CONTROL;5
5617;19723;TIEMPO;19
5618;19728;Comp operadora;29
5619;19735;CENTRO CONTROL;2
5620;19735;TIEMPO;51
5621;19736;TIEMPO;22
5622;19738;Comp operadora;19
5623;19738;CENTRO CONTROL;7
5624;19743;TIEMPO;17
5625;19744;CENTRO CONTROL;43
5626;19746;TIEMPO;4
5627;19746;CENTRO CONTROL;10
5628;19746;TIEMPO;77
5629;19747;TIEMPO;6
5630;19747;CENTRO CONTROL;92
5631;19747;TIEMPO;26
5632;19748;TIEMPO;17
5633;19749;CENTRO CONTROL;67
5634;19750;Comp operadora;13
5635;19750;CENTRO CONTROL;32
5636;19750;TIEMPO;7
5637;19753;Comp operadora;15
5638;19761;Comp operadora;39
5639;19761;TIEMPO;88
5640;19764;Comp operadora;4
5641;19764;TIEMPO;36
5642;19765;TIEMPO;30
5643;19775;CENTRO CONTROL;2
5644;19775;TIEMPO;27
5645;19776;CENTRO CONTROL;9
5646;19776;TIEMPO;85
5647;19779;Comp operadora;9
5648;19779;TIEMPO;38
5649;19780;Comp operadora;44
5650;19782;Comp operadora;28
5651;19782;TIEMPO;51
5652;19783;TIEMPO;96
5653;19788;Comp operadora;17
5654;19789;CENTRO CONTROL;15
5655;19794;TIEMPO;36
5656;19795;TIEMPO;42
5657;19799;Comp operadora;111
5658;19803;Comp operadora;15
5659;19808;TIEMPO;125
5660;19809;CENTRO CONTROL;14
5661;19809;TIEMPO;71
5662;19811;Comp operadora;21
5663;19811;TIEMPO;119
5664;19812;TIEMPO;80
5665;19823;CENTRO CONTROL;12
5666;19823;TIEMPO;64
5667;19824;CENTRO CONTROL;33
5668;19824;TIEMPO;15
5669;19825;CENTRO CONTROL;8
5670;19825;TIEMPO;74
5671;19838;CENTRO CONTROL;22
5672;19841;Comp operadora;21
5673;19841;CENTRO CONTROL;7
5674;19843;CENTRO CONTROL;2
5675;19843;TIEMPO;78
5676;19844;CENTRO CONTROL;2
5677;19844;TIEMPO;64
5678;19850;CENTRO CONTROL;41
5679;19852;CENTRO CONTROL;20
5680;19854;TIEMPO;21
5681;19869;Comp operadora;16
5682;19869;TIEMPO;49
5683;19870;TIEMPO;56
5684;19886;CENTRO CONTROL;64
5685;19888;CENTRO CONTROL;118
5686;19888;TIEMPO;4
5687;19889;CENTRO CONTROL;68
5688;19889;TIEMPO;5
5689;19896;Comp operadora;7
5690;19896;TIEMPO;42
5691;19897;TIEMPO;44
5692;19910;TIEMPO;117
5693;19919;CENTRO CONTROL;20
5694;19922;TIEMPO;64
5695;19922;CENTRO CONTROL;3
5696;19922;TIEMPO;10
5697;19923;TIEMPO;79
5698;19923;CENTRO CONTROL;28
5699;19934;CENTRO CONTROL;12
5700;19934;TIEMPO;109
5701;19945;CENTRO CONTROL;120
5702;19946;CENTRO CONTROL;1
5703;19946;TIEMPO;22
5704;19947;CENTRO CONTROL;95
5705;19947;TIEMPO;40
5706;19948;CENTRO CONTROL;152
5707;19948;TIEMPO;30
5708;19962;TIEMPO;38
5709;19971;CENTRO CONTROL;6
5710;19971;TIEMPO;45
5711;19976;CENTRO CONTROL;2
5712;19976;TIEMPO;59
5713;19979;CENTRO CONTROL;38
5714;19979;TIEMPO;3
5715;19980;CENTRO CONTROL;3
5716;19980;TIEMPO;36
5717;19982;CENTRO CONTROL;45
5718;19984;TIEMPO;77
5719;19993;CENTRO CONTROL;95
5720;19993;TIEMPO;5
5721;19994;CENTRO CONTROL;78
5722;19994;TIEMPO;10
5723;19995;CENTRO CONTROL;50
5724;19996;CENTRO CONTROL;54
5725;19996;TIEMPO;6
5726;20003;CENTRO CONTROL;55
5727;20009;Comp operadora;75
5728;20014;CENTRO CONTROL;34
5729;20015;CENTRO CONTROL;42
5730;20022;CENTRO CONTROL;99
5731;20022;TIEMPO;7
5732;20023;CENTRO CONTROL;33
5733;20023;TIEMPO;13
5734;20025;CENTRO CONTROL;29
5735;20026;CENTRO CONTROL;10
5736;20026;TIEMPO;8
5737;20028;CENTRO CONTROL;85
5738;20029;CENTRO CONTROL;65
5739;20031;Comp operadora;8
5740;20031;CENTRO CONTROL;7
5741;20043;TIEMPO;7
5742;20043;CENTRO CONTROL;74
5743;20043;TIEMPO;8
5744;20044;TIEMPO;24
5745;20044;TIEMPO;23
5746;20046;Comp operadora;15
5747;20046;CENTRO CONTROL;2
5748;20048;TIEMPO;100
5749;20049;CENTRO CONTROL;8
5750;20049;TIEMPO;159
5751;20058;CENTRO CONTROL;73
5752;20059;CENTRO CONTROL;56
5753;20059;TIEMPO;15
5754;20065;CENTRO CONTROL;30
5755;20069;TIEMPO;62
5756;20070;TIEMPO;63
5757;20072;Comp operadora;59
5758;20072;TIEMPO;44
5759;20073;CENTRO CONTROL;3
5760;20073;TIEMPO;92
5761;20081;CENTRO CONTROL;11
5762;20081;TIEMPO;11
5763;20083;CENTRO CONTROL;6
5764;20083;TIEMPO;19
5765;20084;TIEMPO;18
5766;20090;CENTRO CONTROL;5
5767;20090;TIEMPO;13
5768;20092;CENTRO CONTROL;19
5769;20092;TIEMPO;33
5770;20093;Comp operadora;10
5771;20093;TIEMPO;63
5772;20094;CENTRO CONTROL;6
5773;20094;TIEMPO;110
5774;20095;CENTRO CONTROL;12
5775;20095;TIEMPO;11
5776;20099;Comp operadora;18
5777;20099;CENTRO CONTROL;7
5778;20105;Comp operadora;9
5779;20105;CENTRO CONTROL;37
5780;20106;CENTRO CONTROL;39
5781;20107;CENTRO CONTROL;45
5782;20112;CENTRO CONTROL;36
5783;20113;CENTRO CONTROL;61
5784;20121;CENTRO CONTROL;24
5785;20122;CENTRO CONTROL;28
5786;20122;TIEMPO;5
5787;20124;TIEMPO;21
5788;20126;CENTRO CONTROL;36
5789;20126;TIEMPO;21
5790;20128;CENTRO CONTROL;8
5791;20128;TIEMPO;11
5792;20129;TIEMPO;20
5793;20134;Comp operadora;5
5794;20134;TIEMPO;12
5795;20139;TIEMPO;1
5796;20139;CENTRO CONTROL;6
5797;20139;TIEMPO;15
5798;20142;CENTRO CONTROL;46
5799;20142;TIEMPO;9
5800;20143;CENTRO CONTROL;51
5801;20148;CENTRO CONTROL;1
5802;20148;TIEMPO;39
5803;20153;CENTRO CONTROL;100
5804;20154;CENTRO CONTROL;70
5805;20154;TIEMPO;14
5806;20157;Comp operadora;47
5807;20159;CENTRO CONTROL;35
5808;20160;CENTRO CONTROL;72
5809;20160;TIEMPO;44
5810;20165;Comp operadora;29
5811;20165;CENTRO CONTROL;14
5812;20169;Comp operadora;15
5813;20172;CENTRO CONTROL;45
5814;20175;Comp operadora;5
5815;20175;CENTRO CONTROL;23
5816;20175;TIEMPO;15
5817;20186;Comp operadora;36
5818;20186;TIEMPO;10
5819;20187;TIEMPO;22
5820;20188;Comp operadora;45
5821;20188;TIEMPO;4
5822;20190;Comp operadora;61
5823;20198;CENTRO CONTROL;55
5824;20198;TIEMPO;22
5825;20199;CENTRO CONTROL;43
5826;20199;TIEMPO;14
5827;20201;CENTRO CONTROL;78
5828;20201;TIEMPO;46
5829;20202;CENTRO CONTROL;72
5830;20202;TIEMPO;22
5831;20204;TIEMPO;67
5832;20204;CENTRO CONTROL;19
5833;20204;TIEMPO;25
5834;20205;CENTRO CONTROL;61
5835;20209;Comp operadora;39
5836;20209;TIEMPO;32
5837;20210;Comp operadora;24
5838;20210;TIEMPO;74
5839;20212;CENTRO CONTROL;11
5840;20212;TIEMPO;6
5841;20213;CENTRO CONTROL;34
5842;20216;CENTRO CONTROL;12
5843;20216;TIEMPO;45
5844;20217;Comp operadora;12
5845;20217;CENTRO CONTROL;8
5846;20219;CENTRO CONTROL;55
5847;20220;CENTRO CONTROL;96
5848;20224;CENTRO CONTROL;29
5849;20226;CENTRO CONTROL;6
5850;20226;TIEMPO;27
5851;20227;TIEMPO;22
5852;20231;Comp operadora;75
5853;20231;TIEMPO;21
5854;20234;CENTRO CONTROL;29
5855;20234;TIEMPO;21
5856;20235;CENTRO CONTROL;74
5857;20235;TIEMPO;20
5858;20237;CENTRO CONTROL;16
5859;20238;CENTRO CONTROL;22
5860;20242;CENTRO CONTROL;7
5861;20242;TIEMPO;9
5862;20243;CENTRO CONTROL;104
5863;20244;CENTRO CONTROL;76
5864;20245;Comp operadora;4
5865;20245;TIEMPO;55
5866;20246;TIEMPO;53
5867;20247;Comp operadora;29
5868;20267;Comp operadora;159
5869;20267;TIEMPO;49
5870;20270;CENTRO CONTROL;47
5871;20271;CENTRO CONTROL;46
5872;20273;CENTRO CONTROL;42
5873;20274;TIEMPO;15
5874;20274;CENTRO CONTROL;13
5875;20276;CENTRO CONTROL;28
5876;20276;TIEMPO;27
5877;20277;CENTRO CONTROL;87
5878;20279;TIEMPO;34
5879;20280;CENTRO CONTROL;80
5880;20280;TIEMPO;17
5881;20297;CENTRO CONTROL;15
5882;20298;CENTRO CONTROL;38
5883;20300;CENTRO CONTROL;14
5884;20300;TIEMPO;90
5885;20301;CENTRO CONTROL;6
5886;20301;TIEMPO;75
5887;20303;CENTRO CONTROL;39
5888;20304;CENTRO CONTROL;1
5889;20304;TIEMPO;21
5890;20305;Comp operadora;76
5891;20305;TIEMPO;30
5892;20310;TIEMPO;41
5893;20315;CENTRO CONTROL;124
5894;20316;TIEMPO;4
5895;20316;TIEMPO;27
5896;20320;CENTRO CONTROL;61
5897;20320;TIEMPO;184
5898;20325;CENTRO CONTROL;27
5899;20325;TIEMPO;17
5900;20326;CENTRO CONTROL;3
5901;20326;TIEMPO;24
5902;20327;CENTRO CONTROL;11
5903;20327;TIEMPO;11
5904;20335;CENTRO CONTROL;38
5905;20338;CENTRO CONTROL;3
5906;20338;TIEMPO;52
5907;20342;CENTRO CONTROL;31
5908;20342;TIEMPO;25
5909;20343;CENTRO CONTROL;69
5910;20343;TIEMPO;5
5911;20350;Comp operadora;9
5912;20350;TIEMPO;28
5913;20351;CENTRO CONTROL;1
5914;20351;TIEMPO;17
5915;20362;CENTRO CONTROL;140
5916;20363;CENTRO CONTROL;117
5917;20363;TIEMPO;7
5918;20371;CENTRO CONTROL;51
5919;20371;TIEMPO;29
5920;20372;CENTRO CONTROL;2
5921;20372;TIEMPO;87
5922;20378;CENTRO CONTROL;6
5923;20378;TIEMPO;11
5924;20379;CENTRO CONTROL;50
5925;20379;TIEMPO;12
5926;20380;CENTRO CONTROL;80
5927;20380;TIEMPO;16
5928;20382;CENTRO CONTROL;4
5929;20382;TIEMPO;36
5930;20384;Comp operadora;21
5931;20384;CENTRO CONTROL;1
5932;20386;Comp operadora;12
5933;20386;TIEMPO;11
5934;20391;TIEMPO;82
5935;20391;TIEMPO;7
5936;20392;CENTRO CONTROL;65
5937;20392;TIEMPO;10
5938;20395;CENTRO CONTROL;12
5939;20395;TIEMPO;32
5940;20396;Comp operadora;8
5941;20396;TIEMPO;7
5942;20400;Comp operadora;7
5943;20400;TIEMPO;66
5944;20401;TIEMPO;42
5945;20412;CENTRO CONTROL;15
5946;20414;CENTRO CONTROL;2
5947;20414;TIEMPO;32
5948;20415;Comp operadora;55
5949;20423;Comp operadora;15
5950;20432;Comp operadora;11
5951;20432;CENTRO CONTROL;1
5952;20432;TIEMPO;25
5953;20438;TIEMPO;31
5954;20438;CENTRO CONTROL;43
5955;20438;TIEMPO;29
5956;20439;TIEMPO;51
5957;20439;CENTRO CONTROL;32
5958;20439;TIEMPO;12
5959;20441;CENTRO CONTROL;1
5960;20441;TIEMPO;44
5961;20443;CENTRO CONTROL;4
5962;20443;TIEMPO;61
5963;20448;CENTRO CONTROL;6
5964;20448;TIEMPO;27
5965;20451;CENTRO CONTROL;97
5966;20452;CENTRO CONTROL;5
5967;20452;TIEMPO;15
5968;20454;TIEMPO;135
5969;20462;Comp operadora;14
5970;20462;CENTRO CONTROL;2
5971;20462;TIEMPO;94
5972;20463;CENTRO CONTROL;9
5973;20463;TIEMPO;30
5974;20470;CENTRO CONTROL;87
5975;20471;CENTRO CONTROL;16
5976;20476;Comp operadora;14
5977;20476;TIEMPO;40
5978;20477;Comp operadora;954
5979;20482;TIEMPO;29
5980;20484;CENTRO CONTROL;22
5981;20484;TIEMPO;54
5982;20489;CENTRO CONTROL;1
5983;20489;TIEMPO;35
5984;20490;CENTRO CONTROL;3
5985;20490;TIEMPO;15
5986;20500;CENTRO CONTROL;13
5987;20500;TIEMPO;93
5988;20501;Comp operadora;6
5989;20501;TIEMPO;44
5990;20504;CENTRO CONTROL;17
5991;20505;CENTRO CONTROL;18
5992;20509;CENTRO CONTROL;5
5993;20509;TIEMPO;75
5994;20517;Comp operadora;140
5995;20522;Comp operadora;8
5996;20522;TIEMPO;38
5997;20527;CENTRO CONTROL;116
5998;20527;TIEMPO;4
5999;20528;CENTRO CONTROL;42
6000;20528;TIEMPO;3
6001;20540;CENTRO CONTROL;40
6002;20541;CENTRO CONTROL;43
6003;20541;TIEMPO;8
6004;20543;CENTRO CONTROL;16
6005;20543;TIEMPO;15
6006;20548;Comp operadora;33
6007;20548;CENTRO CONTROL;8
6008;20559;CENTRO CONTROL;17
6009;20559;TIEMPO;26
6010;20563;CENTRO CONTROL;2
6011;20563;TIEMPO;23
6012;20564;Comp operadora;4
6013;20564;CENTRO CONTROL;1
6014;20564;TIEMPO;10
6015;20568;CENTRO CONTROL;76
6016;20579;Comp operadora;42
6017;20579;TIEMPO;2
6018;20580;CENTRO CONTROL;69
6019;20581;CENTRO CONTROL;30
6020;20581;TIEMPO;44
6021;20582;CENTRO CONTROL;109
6022;20592;CENTRO CONTROL;21
6023;20595;CENTRO CONTROL;56
6024;20595;TIEMPO;2
6025;20596;CENTRO CONTROL;44
6026;20597;TIEMPO;25
6027;20600;CENTRO CONTROL;26
6028;20600;TIEMPO;37
6029;20601;CENTRO CONTROL;14
6030;20601;TIEMPO;1
6031;20604;CENTRO CONTROL;29
6032;20611;CENTRO CONTROL;67
6033;20611;TIEMPO;17
6034;20612;CENTRO CONTROL;86
6035;20612;TIEMPO;7
6036;20623;CENTRO CONTROL;102
6037;20623;TIEMPO;6
6038;20624;CENTRO CONTROL;88
6039;20624;TIEMPO;8
6040;20629;CENTRO CONTROL;22
6041;20630;TIEMPO;24
6042;20630;CENTRO CONTROL;9
6043;20631;TIEMPO;127
6044;20632;CENTRO CONTROL;82
6045;20633;CENTRO CONTROL;24
6046;20647;CENTRO CONTROL;70
6047;20647;TIEMPO;21
6048;20648;CENTRO CONTROL;28
6049;20648;TIEMPO;31
6050;20657;CENTRO CONTROL;6
6051;20657;TIEMPO;15
6052;20661;CENTRO CONTROL;33
6053;20664;Comp operadora;20
6054;20664;CENTRO CONTROL;3
6055;20665;Comp operadora;4
6056;20665;TIEMPO;48
6057;20666;Comp operadora;20
6058;20666;TIEMPO;10
6059;20668;CENTRO CONTROL;100
6060;20668;TIEMPO;6
6061;20669;CENTRO CONTROL;32
6062;20669;TIEMPO;10
6063;20675;Comp operadora;11
6064;20675;CENTRO CONTROL;5
6065;20675;TIEMPO;8
6066;20677;CENTRO CONTROL;32
6067;20677;TIEMPO;3
6068;20678;CENTRO CONTROL;27
6069;20681;CENTRO CONTROL;1
6070;20681;TIEMPO;28
6071;20682;TIEMPO;73
6072;20683;Comp operadora;3
6073;20683;TIEMPO;17
6074;20685;Comp operadora;13
6075;20685;TIEMPO;80
6076;20686;CENTRO CONTROL;3
6077;20686;TIEMPO;52
6078;20691;CENTRO CONTROL;7
6079;20691;TIEMPO;45
6080;20693;CENTRO CONTROL;29
6081;20695;CENTRO CONTROL;19
6082;20698;TIEMPO;20
6083;20700;CENTRO CONTROL;8
6084;20700;TIEMPO;68
6085;20701;CENTRO CONTROL;43
6086;20701;TIEMPO;20
6087;20709;CENTRO CONTROL;2
6088;20709;TIEMPO;13
6089;20710;Comp operadora;99
6090;20710;CENTRO CONTROL;6
6091;20712;CENTRO CONTROL;99
6092;20713;CENTRO CONTROL;32
6093;20713;TIEMPO;9
6094;20725;Comp operadora;10
6095;20725;TIEMPO;7
6096;20732;CENTRO CONTROL;24
6097;20733;TIEMPO;414
6098;20737;CENTRO CONTROL;8
6099;20737;TIEMPO;26
6100;20746;Comp operadora;18
6101;20746;CENTRO CONTROL;3
6102;20747;Comp operadora;18
6103;20747;CENTRO CONTROL;23
6104;20750;Comp operadora;14
6105;20750;CENTRO CONTROL;12
6106;20752;CENTRO CONTROL;25
6107;20752;TIEMPO;20
6108;20756;TIEMPO;16
6109;20757;Comp operadora;13
6110;20757;CENTRO CONTROL;7
6111;20757;TIEMPO;48
6112;20773;Comp operadora;73
6113;20775;Comp operadora;112
6114;20775;TIEMPO;12
6115;20776;Comp operadora;2
6116;20776;CENTRO CONTROL;1
6117;20776;TIEMPO;73
6118;20779;CENTRO CONTROL;22
6119;20779;TIEMPO;26
6120;20781;Comp operadora;40
6121;20784;SEGURIDAD;2
6122;20784;TIEMPO;34
6123;20788;CENTRO CONTROL;3
6124;20788;TIEMPO;55
6125;20792;CENTRO CONTROL;17
6126;20792;TIEMPO;7
6127;20793;Comp operadora;17
6128;20793;CENTRO CONTROL;5
6129;20793;TIEMPO;18
6130;20799;CENTRO CONTROL;44
6131;20800;TIEMPO;39
6132;20803;Comp operadora;12
6133;20803;CENTRO CONTROL;6
6134;20806;TIEMPO;45
6135;20808;TIEMPO;36
6136;20811;Comp operadora;22
6137;20811;CENTRO CONTROL;17
6138;20814;Comp operadora;2
6139;20814;CENTRO CONTROL;15
6140;20814;TIEMPO;39
6141;20838;Comp operadora;12
6142;20838;TIEMPO;12
6143;20843;CENTRO CONTROL;33
6144;20848;TIEMPO;101
6145;20851;Comp operadora;16
6146;20851;TIEMPO;3
6147;20854;CENTRO CONTROL;30
6148;20857;Comp operadora;1
6149;20857;TIEMPO;49
6150;20864;CENTRO CONTROL;29
6151;20869;Comp operadora;28
6152;20869;CENTRO CONTROL;12
6153;20880;CENTRO CONTROL;17
6154;20883;CENTRO CONTROL;18
6155;20887;Comp operadora;1
6156;20887;TIEMPO;26
6157;20888;CENTRO CONTROL;11
6158;20888;TIEMPO;27
6159;20889;CENTRO CONTROL;4
6160;20889;TIEMPO;37
6161;20895;Comp operadora;17
6162;20901;CENTRO CONTROL;2
6163;20901;TIEMPO;24
6164;20902;CENTRO CONTROL;1
6165;20902;TIEMPO;32
6166;20907;Comp operadora;106
6167;20907;CENTRO CONTROL;3
6168;20917;CENTRO CONTROL;25
6169;20919;Comp operadora;15
6170;20919;TIEMPO;11
6171;20921;Comp operadora;13
6172;20921;CENTRO CONTROL;1
6173;20921;TIEMPO;40
6174;20927;CENTRO CONTROL;20
6175;20928;CENTRO CONTROL;9
6176;20928;TIEMPO;13
6177;20935;Comp operadora;24
6178;20935;TIEMPO;12
6179;20936;Comp operadora;19
6180;20936;CENTRO CONTROL;12
6181;20936;TIEMPO;7
6182;20943;Comp operadora;5
6183;20943;CENTRO CONTROL;11
6184;20943;TIEMPO;8
6185;20948;Comp operadora;33
6186;20948;TIEMPO;6
6187;20950;CENTRO CONTROL;1
6188;20950;TIEMPO;68
6189;20953;CENTRO CONTROL;21
6190;20955;CENTRO CONTROL;3
6191;20955;TIEMPO;53
6192;20958;Comp operadora;15
6193;20958;TIEMPO;31
6194;20962;Comp operadora;73
6195;20962;CENTRO CONTROL;10
6196;20963;TIEMPO;72
6197;20972;CENTRO CONTROL;21
6198;20984;Comp operadora;30
6199;20987;CENTRO CONTROL;9
6200;20987;TIEMPO;30
6201;20989;Comp operadora;51
6202;20989;TIEMPO;69
6203;20998;CENTRO CONTROL;53
6204;20998;TIEMPO;12
6205;20999;TIEMPO;16
6206;21003;Comp operadora;18
6207;21003;CENTRO CONTROL;57
6208;21005;Comp operadora;11
6209;21005;CENTRO CONTROL;20
6210;21005;TIEMPO;68
6211;21007;Comp operadora;51
6212;21007;CENTRO CONTROL;11
6213;21007;TIEMPO;120
6214;21011;Comp operadora;3
6215;21011;TIEMPO;74
6216;21017;Comp operadora;17
6217;21017;TIEMPO;51
6218;21019;Comp operadora;5
6219;21019;CENTRO CONTROL;33
6220;21019;TIEMPO;36
6221;21023;CENTRO CONTROL;334
6222;21025;CENTRO CONTROL;24
6223;21031;CENTRO CONTROL;23
6224;21031;TIEMPO;9
6225;21038;Comp operadora;183
6226;21038;TIEMPO;15
6227;21046;CENTRO CONTROL;15
6228;21046;TIEMPO;14
6229;21053;CENTRO CONTROL;176
6230;21053;TIEMPO;29
6231;21054;CENTRO CONTROL;27
6232;21061;CENTRO CONTROL;78
6233;21062;CENTRO CONTROL;35
6234;21082;CENTRO CONTROL;3
6235;21082;TIEMPO;24
6236;21096;CENTRO CONTROL;131
6237;21097;Comp operadora;40
6238;21097;CENTRO CONTROL;5
6239;21098;CENTRO CONTROL;18
6240;21100;Comp operadora;16
6241;21110;TIEMPO;35
6242;21114;CENTRO CONTROL;64
6243;21118;Comp operadora;25
6244;21118;CENTRO CONTROL;5
6245;21119;Comp operadora;24
6246;21119;TIEMPO;44
6247;21123;CENTRO CONTROL;20
6248;21133;TIEMPO;193
6249;21135;CENTRO CONTROL;3
6250;21135;TIEMPO;101
6251;21136;Comp operadora;88
6252;21140;Comp operadora;6
6253;21140;CENTRO CONTROL;14
6254;21148;CENTRO CONTROL;27
6255;21148;TIEMPO;4
6256;21158;Comp operadora;14
6257;21158;TIEMPO;17
6258;21160;CENTRO CONTROL;24
6259;21180;TIEMPO;50
6260;21183;CENTRO CONTROL;24
6261;21183;TIEMPO;50
6262;21185;Comp operadora;6
6263;21185;CENTRO CONTROL;15
6264;21185;TIEMPO;20
6265;21188;CENTRO CONTROL;16
6266;21197;Comp operadora;54
6267;21228;Comp operadora;123
6268;21228;CENTRO CONTROL;10
6269;21230;CENTRO CONTROL;7
6270;21230;TIEMPO;109
6271;21234;CENTRO CONTROL;17
6272;21243;CENTRO CONTROL;5
6273;21243;TIEMPO;20
6274;21245;TIEMPO;37
6275;21246;Comp operadora;15
6276;21246;CENTRO CONTROL;1
6277;21247;Comp operadora;26
6278;21247;CENTRO CONTROL;32
6279;21247;TIEMPO;3
6280;21276;Comp operadora;30
6281;21279;Comp operadora;57
6282;21294;Comp operadora;13
6283;21294;CENTRO CONTROL;2
6284;21295;Comp operadora;22
6285;21295;CENTRO CONTROL;6
6286;21295;TIEMPO;8
6287;21307;CENTRO CONTROL;17
6288;21319;TIEMPO;51
6289;21319;CENTRO CONTROL;15
6290;21320;CENTRO CONTROL;63
6291;21328;TIEMPO;132
6292;21335;TIEMPO;39
6293;21336;TIEMPO;19
6294;21343;TIEMPO;25
6295;21345;TIEMPO;53
6296;21345;CENTRO CONTROL;20
6297;21346;CENTRO CONTROL;67
6298;21352;Comp operadora;18
6299;21352;CENTRO CONTROL;1
6300;21355;Comp operadora;71
6301;21355;CENTRO CONTROL;4
6302;21359;CENTRO CONTROL;18
6303;21360;Comp operadora;6
6304;21360;CENTRO CONTROL;77
6305;21366;TIEMPO;19
6306;21366;CENTRO CONTROL;17
6307;21388;CENTRO CONTROL;17
6308;21389;Comp operadora;19
6309;21389;CENTRO CONTROL;4
6310;21407;CENTRO CONTROL;22
6311;21410;Comp operadora;53
6312;21418;Comp operadora;85
6313;21418;CENTRO CONTROL;1
6314;21435;CENTRO CONTROL;32
6315;21438;Comp operadora;32
6316;21448;CENTRO CONTROL;20
6317;21483;CENTRO CONTROL;22
6318;21485;Comp operadora;9
6319;21485;CENTRO CONTROL;65
6320;21491;CENTRO CONTROL;216
6321;21493;CENTRO CONTROL;17
6322;21497;Comp operadora;10
6323;21497;CENTRO CONTROL;12
6324;21506;CENTRO CONTROL;23
6325;21514;Comp operadora;24
6326;21514;CENTRO CONTROL;6
6327;21534;CENTRO CONTROL;18
6328;21537;CENTRO CONTROL;31
6329;21565;CENTRO CONTROL;18
6330;21588;CENTRO CONTROL;21
6331;21618;CENTRO CONTROL;17
6332;21621;CENTRO CONTROL;17
6333;21628;CENTRO CONTROL;28
6334;21642;Comp operadora;21
6335;21642;CENTRO CONTROL;7
6336;21645;CENTRO CONTROL;57
6337;21650;CENTRO CONTROL;15
6338;21658;Comp operadora;14
6339;21658;CENTRO CONTROL;6
6340;21664;CENTRO CONTROL;28
6341;21697;CENTRO CONTROL;20
6342;21709;CENTRO CONTROL;20
6343;21712;Comp operadora;8
6344;21712;CENTRO CONTROL;5
6345;21712;TIEMPO;10
6346;21724;Comp operadora;31
6347;21728;CENTRO CONTROL;27
6348;21730;CENTRO CONTROL;15
6349;21732;CENTRO CONTROL;16
6350;21753;CENTRO CONTROL;24
6351;21753;TIEMPO;136
6352;21760;CENTRO CONTROL;17
6353;21767;CENTRO CONTROL;26
6354;21769;Comp operadora;18
6355;21769;CENTRO CONTROL;8
6356;21770;CENTRO CONTROL;22
6357;21778;CENTRO CONTROL;15
6358;21781;CENTRO CONTROL;34
6359;21783;Comp operadora;9
6360;21783;CENTRO CONTROL;11
6361;21788;Comp operadora;18
6362;21788;TIEMPO;105
6363;21788;CENTRO CONTROL;13
6364;21794;CENTRO CONTROL;17
6365;21798;Comp operadora;58
6366;21825;CENTRO CONTROL;93
6367;21826;CENTRO CONTROL;108
6368;21836;Comp operadora;60
6369;21849;Comp operadora;29
6370;21849;CENTRO CONTROL;6
6371;21875;Comp operadora;28
6372;21875;TIEMPO;5
6373;21879;CENTRO CONTROL;1
6374;21879;TIEMPO;91
6375;21889;CENTRO CONTROL;34
6376;21899;TIEMPO;59
6377;21899;CENTRO CONTROL;12
6378;21903;CENTRO CONTROL;19
6379;21904;Comp operadora;26
6380;21904;CENTRO CONTROL;2
6381;21904;TIEMPO;13
6382;21907;Comp operadora;13
6383;21907;CENTRO CONTROL;8
6384;21907;TIEMPO;2
6385;21909;Comp operadora;19
6386;21911;CENTRO CONTROL;27
6387;21916;Comp operadora;19
6388;21926;Comp operadora;9
6389;21926;CENTRO CONTROL;17
6390;21938;Comp operadora;11
6391;21938;CENTRO CONTROL;4
6392;21941;CENTRO CONTROL;15
6393;21942;CENTRO CONTROL;17
6394;21963;Comp operadora;23
6395;21963;CENTRO CONTROL;27
6396;21985;Comp operadora;65
6397;21985;CENTRO CONTROL;10
6398;22019;CENTRO CONTROL;20
6399;22020;CENTRO CONTROL;20
6400;22050;Comp operadora;17
6401;22050;CENTRO CONTROL;2
6402;22055;Comp operadora;8
6403;22055;CENTRO CONTROL;13
6404;22065;Comp operadora;41
6405;22068;CENTRO CONTROL;13
6406;22068;TIEMPO;7
6407;22087;CENTRO CONTROL;33
6408;22089;Comp operadora;3
6409;22089;CENTRO CONTROL;6
6410;22089;TIEMPO;17
6411;22092;Comp operadora;26
6412;22092;CENTRO CONTROL;4
6413;22094;Comp operadora;16
6414;22094;CENTRO CONTROL;15
6415;22100;CENTRO CONTROL;17
6416;22109;Comp operadora;17
6417;22110;CENTRO CONTROL;23
6418;22111;CENTRO CONTROL;30
6419;22114;CENTRO CONTROL;19
6420;22114;TIEMPO;13
6421;22117;Comp operadora;14
6422;22117;CENTRO CONTROL;15
6423;22118;Comp operadora;9
6424;22118;CENTRO CONTROL;11
6425;22123;TIEMPO;43
6426;22123;CENTRO CONTROL;33
6427;22127;TIEMPO;2
6428;22127;TIEMPO;24
6429;22128;TIEMPO;68
6430;22130;TIEMPO;31
6431;22138;Comp operadora;11
6432;22138;CENTRO CONTROL;8
6433;22157;CENTRO CONTROL;52
6434;22166;Comp operadora;49
6435;22166;TIEMPO;1
6436;22196;Comp operadora;10
6437;22196;CENTRO CONTROL;11
6438;22197;CENTRO CONTROL;17
6439;22207;Comp operadora;23
6440;22220;CENTRO CONTROL;15
6441;22240;Comp operadora;9
6442;22240;CENTRO CONTROL;20
6443;22240;TIEMPO;4
6444;22244;CENTRO CONTROL;28
6445;22245;CENTRO CONTROL;15
6446;22249;CENTRO CONTROL;33
6447;22250;Comp operadora;105
6448;22250;CENTRO CONTROL;4
6449;22263;Comp operadora;11
6450;22263;TIEMPO;301
6451;22266;CENTRO CONTROL;21
6452;22277;Comp operadora;29
6453;22304;Comp operadora;48
6454;22319;CENTRO CONTROL;115
6455;22326;CENTRO CONTROL;17
6456;22335;CENTRO CONTROL;19
6457;22336;Comp operadora;11
6458;22336;CENTRO CONTROL;7
6459;22336;TIEMPO;7
6460;22338;CENTRO CONTROL;104
6461;22346;Comp operadora;28
6462;22346;CENTRO CONTROL;8
6463;22349;CENTRO CONTROL;148
6464;22357;CENTRO CONTROL;17
6465;22368;Comp operadora;26
6466;22381;TIEMPO;64
6467;22382;CENTRO CONTROL;27
6468;22395;Comp operadora;26
6469;22424;Comp operadora;1
6470;22424;CENTRO CONTROL;21
6471;22424;TIEMPO;25
6472;22425;Comp operadora;16
6473;22425;CENTRO CONTROL;1
6474;22426;CENTRO CONTROL;24
6475;22430;Comp operadora;10
6476;22430;CENTRO CONTROL;21
6477;22440;Comp operadora;69
6478;22440;TIEMPO;30
6479;22471;Comp operadora;31
6480;22478;CENTRO CONTROL;16
6481;22505;CENTRO CONTROL;26
6482;22513;CENTRO CONTROL;30
6483;22525;Comp operadora;15
6484;22535;Comp operadora;9
6485;22535;CENTRO CONTROL;17
6486;22535;TIEMPO;15
6487;22538;Comp operadora;34
6488;22556;TIEMPO;17
6489;22558;Comp operadora;20
6490;22569;Comp operadora;18
6491;22582;Comp operadora;21
6492;22593;Comp operadora;9
6493;22593;CENTRO CONTROL;16
6494;22598;CENTRO CONTROL;24
6495;22602;CENTRO CONTROL;30
6496;22605;Comp operadora;5
6497;22605;TIEMPO;25
6498;22606;Comp operadora;8
6499;22606;CENTRO CONTROL;6
6500;22606;TIEMPO;58
6501;22611;CENTRO CONTROL;30
6502;22614;Comp operadora;37
6503;22615;Comp operadora;59
6504;22615;CENTRO CONTROL;9
6505;22616;CENTRO CONTROL;20
6506;22620;CENTRO CONTROL;32
6507;22621;Comp operadora;32
6508;22621;CENTRO CONTROL;10
6509;22624;TIEMPO;19
6510;22625;CENTRO CONTROL;22
6511;22627;Comp operadora;44
6512;22627;CENTRO CONTROL;1
6513;22628;Comp operadora;28
6514;22629;Comp operadora;15
6515;22642;Comp operadora;31
6516;22648;CENTRO CONTROL;18
6517;22649;CENTRO CONTROL;37
6518;22650;CENTRO CONTROL;21
6519;22655;CENTRO CONTROL;11
6520;22655;TIEMPO;19
6521;22657;Comp operadora;40
6522;22657;CENTRO CONTROL;34
6523;22663;Comp operadora;110
6524;22701;Comp operadora;21
6525;22716;CENTRO CONTROL;82
6526;22725;Comp operadora;16
6527;22725;CENTRO CONTROL;23
6528;22725;TIEMPO;72
6529;22743;CENTRO CONTROL;20
6530;22781;Comp operadora;18
6531;22799;Comp operadora;12
6532;22799;CENTRO CONTROL;7
6533;22829;CENTRO CONTROL;99
6534;22830;CENTRO CONTROL;17
6535;22831;CENTRO CONTROL;34
6536;22865;Comp operadora;8
6537;22865;CENTRO CONTROL;7
6538;22874;Comp operadora;4
6539;22874;TIEMPO;11
6540;22876;CENTRO CONTROL;22
6541;22882;Comp operadora;152
6542;22883;Comp operadora;12
6543;22883;CENTRO CONTROL;5
6544;22883;TIEMPO;3
6545;22897;CENTRO CONTROL;20
6546;22898;TIEMPO;41
6547;22898;CENTRO CONTROL;15
6548;22900;CENTRO CONTROL;21
6549;22902;CENTRO CONTROL;16
6550;22907;Comp operadora;247
6551;22907;TIEMPO;64
6552;22912;Comp operadora;19
6553;22916;CENTRO CONTROL;20
6554;22917;CENTRO CONTROL;20
6555;22918;CENTRO CONTROL;17
6556;22920;Comp operadora;15
6557;22925;Comp operadora;22
6558;22965;Comp operadora;49
6559;22975;Comp operadora;9
6560;22975;CENTRO CONTROL;11
6561;22999;TIEMPO;15
6562;23012;CENTRO CONTROL;20
6563;23021;Comp operadora;32
6564;23021;CENTRO CONTROL;7
6565;23023;TIEMPO;40
6566;23031;Comp operadora;21
6567;23031;CENTRO CONTROL;14
6568;23037;Comp operadora;17
6569;23037;CENTRO CONTROL;11
6570;23043;CENTRO CONTROL;44
6571;23067;CENTRO CONTROL;15
6572;23069;TIEMPO;116
6573;23073;Comp operadora;11
6574;23073;CENTRO CONTROL;11
6575;23093;Comp operadora;30
6576;23098;TIEMPO;30
6577;23099;TIEMPO;20
6578;23099;TIEMPO;7
6579;23100;TIEMPO;1
6580;23100;CENTRO CONTROL;1
6581;23100;TIEMPO;32
6582;23103;TIEMPO;15
6583;23103;CENTRO CONTROL;16
6584;23104;TIEMPO;22
6585;23104;CENTRO CONTROL;55
6586;23105;TIEMPO;33
6587;23106;TIEMPO;18
6588;23116;Comp operadora;19
6589;23117;CENTRO CONTROL;45
6590;23118;CENTRO CONTROL;41
6591;23119;CENTRO CONTROL;42
6592;23131;CENTRO CONTROL;24
6593;23159;Comp operadora;41
6594;23171;CENTRO CONTROL;18
6595;23172;CENTRO CONTROL;25
6596;23177;Comp operadora;20
6597;23177;CENTRO CONTROL;4
6598;23185;CENTRO CONTROL;17
6599;23210;CENTRO CONTROL;15
6600;23211;CENTRO CONTROL;22
6601;23213;CENTRO CONTROL;17
6602;23214;Comp operadora;22
6603;23214;CENTRO CONTROL;3
6604;23223;Comp operadora;26
6605;23223;CENTRO CONTROL;4
6606;23226;CENTRO CONTROL;25
6607;23234;Comp operadora;36
6608;23236;Comp operadora;12
6609;23236;CENTRO CONTROL;13
6610;23242;Comp operadora;27
6611;23242;CENTRO CONTROL;4
6612;23269;Comp operadora;69
6613;23272;CENTRO CONTROL;18
6614;23274;Comp operadora;4
6615;23274;TIEMPO;83
6616;23276;CENTRO CONTROL;5
6617;23276;TIEMPO;69
6618;23279;CENTRO CONTROL;33
6619;23279;TIEMPO;31
6620;23282;Comp operadora;251
6621;23282;CENTRO CONTROL;9
6622;23292;TIEMPO;29
6623;23292;CENTRO CONTROL;20
6624;23293;TIEMPO;33
6625;23294;Comp operadora;33
6626;23298;Comp operadora;16
6627;23298;TIEMPO;46
6628;23318;Comp operadora;15
6629;23318;CENTRO CONTROL;5
6630;23362;Comp operadora;132
6631;23373;Comp operadora;12
6632;23373;CENTRO CONTROL;5
6633;23382;CENTRO CONTROL;17
6634;23391;Comp operadora;17
6635;23392;Comp operadora;46
6636;23395;Comp operadora;66
6637;23395;TIEMPO;3
6638;23398;CENTRO CONTROL;17
6639;23404;Comp operadora;7
6640;23404;CENTRO CONTROL;7
6641;23404;TIEMPO;7
6642;23430;CENTRO CONTROL;12
6643;23430;TIEMPO;16
6644;23443;Comp operadora;20
6645;23477;Comp operadora;11
6646;23477;CENTRO CONTROL;13
6647;23504;TIEMPO;37
6648;23514;CENTRO CONTROL;21
6649;23528;CENTRO CONTROL;37
6650;23542;TIEMPO;19
6651;23542;CENTRO CONTROL;20
6652;23544;Comp operadora;12
6653;23544;TIEMPO;59
6654;23560;Comp operadora;82
6655;23574;CENTRO CONTROL;48
6656;23576;Comp operadora;60
6657;23576;CENTRO CONTROL;11
6658;23581;Comp operadora;75
6659;23581;CENTRO CONTROL;20
6660;23583;Comp operadora;24
6661;23584;Comp operadora;20
6662;23584;CENTRO CONTROL;2
6663;23586;CENTRO CONTROL;37
6664;23604;Comp operadora;5
6665;23604;CENTRO CONTROL;11
6666;23607;Comp operadora;10
6667;23607;CENTRO CONTROL;14
6668;23612;Comp operadora;73
6669;23617;Comp operadora;20
6670;23617;CENTRO CONTROL;17
6671;23618;Comp operadora;77
6672;23621;Comp operadora;13
6673;23621;CENTRO CONTROL;13
6674;23622;Comp operadora;23
6675;23622;CENTRO CONTROL;19
6676;23625;CENTRO CONTROL;29
6677;23630;Comp operadora;72
6678;23635;Comp operadora;35
6679;23636;Comp operadora;39
6680;23636;CENTRO CONTROL;12
6681;23638;Comp operadora;65
6682;23661;Comp operadora;67
6683;23663;Comp operadora;70
6684;23671;Comp operadora;17
6685;23673;CENTRO CONTROL;60
6686;23676;TIEMPO;69
6687;23676;CENTRO CONTROL;7
6688;23698;Comp operadora;49
6689;23699;Comp operadora;20
6690;23699;CENTRO CONTROL;9
6691;23703;CENTRO CONTROL;23
6692;23705;Comp operadora;35
6693;23707;Comp operadora;24
6694;23720;Comp operadora;16
6695;23722;Comp operadora;31
6696;23728;Comp operadora;31
6697;23732;TIEMPO;25
6698;23732;CENTRO CONTROL;5
6699;23736;Comp operadora;10
6700;23736;CENTRO CONTROL;7
6701;23745;Comp operadora;155
6702;23745;CENTRO CONTROL;8
6703;23747;CENTRO CONTROL;17
6704;23750;CENTRO CONTROL;17
6705;23764;CENTRO CONTROL;53
6706;23768;CENTRO CONTROL;100
6707;23771;CENTRO CONTROL;30
6708;23775;CENTRO CONTROL;83
6709;23783;CENTRO CONTROL;37
6710;23786;CENTRO CONTROL;73
6711;23787;TIEMPO;17
6712;23788;CENTRO CONTROL;41
6713;23799;TIEMPO;15
6714;23799;CENTRO CONTROL;6
6715;23801;TIEMPO;35
6716;23801;CENTRO CONTROL;3
6717;23810;Comp operadora;23
6718;23813;Comp operadora;20
6719;23816;CENTRO CONTROL;28
6720;23824;Comp operadora;23
6721;23834;CENTRO CONTROL;20
6722;23835;Comp operadora;16
6723;23835;CENTRO CONTROL;4
6724;23836;Comp operadora;2
6725;23836;CENTRO CONTROL;19
6726;23838;CENTRO CONTROL;17
6727;23840;CENTRO CONTROL;25
6728;23851;Comp operadora;25
6729;23859;TIEMPO;30
6730;23859;CENTRO CONTROL;20
6731;23862;CENTRO CONTROL;49
6732;23871;Comp operadora;32
6733;23878;Comp operadora;70
6734;23878;CENTRO CONTROL;10
6735;23883;CENTRO CONTROL;19
6736;23884;CENTRO CONTROL;39
6737;23885;Comp operadora;40
6738;23885;CENTRO CONTROL;15
6739;23889;Comp operadora;80
6740;23890;CENTRO CONTROL;35
6741;23893;CENTRO CONTROL;15
6742;23899;TIEMPO;57
6743;23902;CENTRO CONTROL;61
6744;23906;CENTRO CONTROL;26
6745;23916;Comp operadora;25
6746;23918;Comp operadora;17
6747;23923;Comp operadora;10
6748;23923;CENTRO CONTROL;23
6749;23924;CENTRO CONTROL;18
6750;23935;Comp operadora;90
6751;23935;CENTRO CONTROL;6
6752;23954;CENTRO CONTROL;35
6753;23955;CENTRO CONTROL;15
6754;23956;CENTRO CONTROL;16
6755;23959;CENTRO CONTROL;25
6756;23961;Comp operadora;10
6757;23961;CENTRO CONTROL;5
6758;23966;Comp operadora;16
6759;23969;Comp operadora;17
6760;23969;CENTRO CONTROL;10
6761;23975;Comp operadora;55
6762;23975;CENTRO CONTROL;14
6763;23999;Comp operadora;34
6764;24001;Comp operadora;165
6765;24002;CENTRO CONTROL;19
6766;24003;Comp operadora;20
6767;24003;CENTRO CONTROL;5
6768;24005;Comp operadora;115
6769;24006;TIEMPO;29
6770;24007;TIEMPO;40
6771;24007;CENTRO CONTROL;3
6772;24015;Comp operadora;20
6773;24015;CENTRO CONTROL;4
6774;24022;Comp operadora;38
6775;24047;Comp operadora;32
6776;24063;Comp operadora;17
6777;24064;Comp operadora;30
6778;24065;TIEMPO;55
6779;24065;CENTRO CONTROL;2
6780;24072;TIEMPO;29
6781;24072;CENTRO CONTROL;11
6782;24082;Comp operadora;41
6783;24082;CENTRO CONTROL;2
6784;24088;TIEMPO;10
6785;24088;CENTRO CONTROL;19
6786;24089;CENTRO CONTROL;29
6787;24093;CENTRO CONTROL;18
6788;24099;Comp operadora;48
6789;24100;Comp operadora;10
6790;24100;CENTRO CONTROL;17
6791;24108;CENTRO CONTROL;31
6792;24113;CENTRO CONTROL;37
6793;24115;CENTRO CONTROL;15
6794;24122;CENTRO CONTROL;309
6795;24126;Comp operadora;70
6796;24132;TIEMPO;399
6797;24141;Comp operadora;40
6798;24149;Comp operadora;7
6799;24149;CENTRO CONTROL;10
6800;24153;TIEMPO;139
6801;24153;CENTRO CONTROL;19
6802;24154;TIEMPO;45
6803;24154;CENTRO CONTROL;6
6804;24161;Comp operadora;37
6805;24167;TIEMPO;43
6806;24176;TIEMPO;21
6807;24178;Comp operadora;65
6808;24178;CENTRO CONTROL;28
6809;24184;Comp operadora;24
6810;24186;Comp operadora;60
6811;24186;CENTRO CONTROL;19
6812;24201;Comp operadora;18
6813;24205;CENTRO CONTROL;35
6814;24208;Comp operadora;92
6815;24219;Comp operadora;17
6816;24219;CENTRO CONTROL;2
6817;24230;TIEMPO;22
6818;24230;CENTRO CONTROL;21
6819;24232;Comp operadora;260
6820;24232;CENTRO CONTROL;9
6821;24236;CENTRO CONTROL;32
6822;24238;Comp operadora;85
6823;24244;CENTRO CONTROL;31
6824;24249;TIEMPO;23
6825;24249;CENTRO CONTROL;10
6826;24253;CENTRO CONTROL;82
6827;24257;Comp operadora;83
6828;24257;CENTRO CONTROL;3
6829;24259;TIEMPO;60
6830;24259;CENTRO CONTROL;3
6831;24260;Comp operadora;93
6832;24280;Comp operadora;22
6833;24281;Comp operadora;43
6834;24283;CENTRO CONTROL;20
6835;24304;TIEMPO;4
6836;24304;CENTRO CONTROL;39
6837;24319;CENTRO CONTROL;25
6838;24329;Comp operadora;26
6839;24341;TIEMPO;175
6840;24341;CENTRO CONTROL;27
6841;24344;TIEMPO;45
6842;24347;Comp operadora;20
6843;24347;CENTRO CONTROL;6
6844;24353;TIEMPO;110
6845;24353;CENTRO CONTROL;21
6846;24354;CENTRO CONTROL;75
6847;24358;Comp operadora;31
6848;24360;CENTRO CONTROL;179
6849;24365;Comp operadora;88
6850;24370;Comp operadora;20
6851;24372;CENTRO CONTROL;16
6852;24373;Comp operadora;28
6853;24390;Comp operadora;20
6854;24390;CENTRO CONTROL;8
6855;24391;Comp operadora;65
6856;24391;CENTRO CONTROL;3
6857;24392;Comp operadora;20
6858;24392;CENTRO CONTROL;5
6859;24410;CENTRO CONTROL;20
6860;24430;CENTRO CONTROL;16
6861;24432;CENTRO CONTROL;25
6862;24435;TIEMPO;75
6863;24435;CENTRO CONTROL;65
6864;24436;TIEMPO;15
6865;24437;CENTRO CONTROL;15
6866;24449;Comp operadora;19
6867;24466;CENTRO CONTROL;34
6868;24472;Comp operadora;65
6869;24472;CENTRO CONTROL;4
6870;24486;CENTRO CONTROL;25
6871;24493;CENTRO CONTROL;15
6872;24499;Comp operadora;24
6873;24499;CENTRO CONTROL;27
6874;24503;TIEMPO;15
6875;24503;CENTRO CONTROL;1
6876;24513;CENTRO CONTROL;17
6877;24517;TIEMPO;35
6878;24517;CENTRO CONTROL;69
6879;24525;TIEMPO;45
6880;24529;Comp operadora;10
6881;24529;CENTRO CONTROL;10
6882;24530;TIEMPO;15
6883;24530;CENTRO CONTROL;11
6884;24531;Comp operadora;34
6885;24536;TIEMPO;55
6886;24536;CENTRO CONTROL;11
6887;24544;Comp operadora;33
6888;24545;TIEMPO;81
6889;24558;CENTRO CONTROL;15
6890;24560;CENTRO CONTROL;20
6891;24561;TIEMPO;61
6892;24561;CENTRO CONTROL;3
6893;24566;Comp operadora;33
6894;24570;CENTRO CONTROL;15
6895;24580;CENTRO CONTROL;67
6896;24587;TIEMPO;80
6897;24587;CENTRO CONTROL;20
6898;24589;CENTRO CONTROL;49
6899;24600;TIEMPO;10
6900;24600;CENTRO CONTROL;75
6901;24601;Comp operadora;15
6902;24601;CENTRO CONTROL;13
6903;24626;CENTRO CONTROL;15
6904;24628;Comp operadora;53
6905;24634;Comp operadora;50
6906;24634;CENTRO CONTROL;4
6907;24636;Comp operadora;25
6908;24642;Comp operadora;15
6909;24642;CENTRO CONTROL;3
6910;24647;Comp operadora;50
6911;24647;CENTRO CONTROL;26
6912;24648;CENTRO CONTROL;15
6913;24650;CENTRO CONTROL;25
6914;24657;Comp operadora;15
6915;24662;Comp operadora;16
6916;24662;CENTRO CONTROL;6
6917;24664;Comp operadora;48
6918;24664;CENTRO CONTROL;10
6919;24665;CENTRO CONTROL;24
6920;24666;TIEMPO;42
6921;24672;Comp operadora;94
6922;24688;CENTRO CONTROL;8
6923;24688;TIEMPO;19
6924;24689;TIEMPO;33
6925;24690;CENTRO CONTROL;17
6926;24693;TIEMPO;17
6927;24699;CENTRO CONTROL;18
6928;24700;Comp operadora;25
6929;24700;CENTRO CONTROL;13
6930;24701;CENTRO CONTROL;28
6931;24708;TIEMPO;25
6932;24708;CENTRO CONTROL;31
6933;24709;Comp operadora;23
6934;24709;CENTRO CONTROL;12
6935;24710;Comp operadora;8
6936;24710;CENTRO CONTROL;22
6937;24729;Comp operadora;20
6938;24729;CENTRO CONTROL;8
6939;24731;Comp operadora;80
6940;24731;CENTRO CONTROL;19
6941;24739;CENTRO CONTROL;233
6942;24743;Comp operadora;31
6943;24755;CENTRO CONTROL;18
6944;24756;Comp operadora;26
6945;24777;Comp operadora;50
6946;24787;Comp operadora;28
6947;24797;CENTRO CONTROL;15
6948;24799;Comp operadora;24
6949;24799;TIEMPO;4
6950;24802;TIEMPO;21
6951;24819;CENTRO CONTROL;19
6952;24872;Comp operadora;32
6953;24873;Comp operadora;69
6954;24873;CENTRO CONTROL;1
6955;24884;CENTRO CONTROL;26
6956;24884;TIEMPO;1
6957;24891;Comp operadora;15
6958;24900;TIEMPO;23
6959;24937;CENTRO CONTROL;15
6960;24940;Comp operadora;18
6961;24954;Comp operadora;11
6962;24954;CENTRO CONTROL;4
6963;24958;Comp operadora;1
6964;24958;CENTRO CONTROL;12
6965;24958;TIEMPO;2
6966;24971;CENTRO CONTROL;37
6967;24977;TIEMPO;22
6968;24995;TIEMPO;23
6969;24996;TIEMPO;111
6970;24999;Comp operadora;70
6971;25013;TIEMPO;110
6972;25014;Comp operadora;42
6973;25014;CENTRO CONTROL;8
6974;25014;TIEMPO;2
6975;25023;Comp operadora;171
6976;25024;CENTRO CONTROL;27
6977;25024;TIEMPO;5
6978;25025;TIEMPO;53
6979;25026;CENTRO CONTROL;23
6980;25029;Comp operadora;17
6981;25030;Comp operadora;3
6982;25030;CENTRO CONTROL;16
6983;25031;CENTRO CONTROL;12
6984;25031;TIEMPO;5
6985;25032;CENTRO CONTROL;45
6986;25033;TIEMPO;177
6987;25051;Comp operadora;16
6988;25079;CENTRO CONTROL;10
6989;25079;TIEMPO;183
6990;25080;Comp operadora;240
6991;25095;Comp operadora;12
6992;25095;CENTRO CONTROL;4
6993;25104;CENTRO CONTROL;15
6994;25192;TIEMPO;130
6995;25199;TIEMPO;18
6996;25220;Comp operadora;2
6997;25220;CENTRO CONTROL;65
6998;25258;CENTRO CONTROL;19
6999;25345;Comp operadora;22
7000;25379;Comp operadora;50
7001;25379;CENTRO CONTROL;20
7002;25408;TIEMPO;24
7003;25423;Comp operadora;9
7004;25423;CENTRO CONTROL;8
7005;25446;TIEMPO;135
7006;25460;CENTRO CONTROL;9
7007;25460;TIEMPO;132
7008;25531;TIEMPO;34
7009;25534;Comp operadora;16
7010;25579;Comp operadora;22
7011;25579;CENTRO CONTROL;1
7012;25579;TIEMPO;1
7013;25583;TIEMPO;42
7014;25608;Comp operadora;9
7015;25608;CENTRO CONTROL;31
7016;25617;TIEMPO;28
7017;25718;CENTRO CONTROL;22
7018;25734;Comp operadora;2
7019;25734;CENTRO CONTROL;8
7020;25734;TIEMPO;10
7021;25760;CENTRO CONTROL;22
7022;25779;TIEMPO;19
7023;25790;TIEMPO;47
7024;25790;TIEMPO;19
7025;25791;TIEMPO;74
7026;25791;TIEMPO;17
7027;25804;CENTRO CONTROL;85
7028;25832;Comp operadora;20
7029;25873;CENTRO CONTROL;6
7030;25873;TIEMPO;13
7031;25914;Comp operadora;1
7032;25914;CENTRO CONTROL;42
7033;25917;TIEMPO;34
7034;25922;CENTRO CONTROL;105
7035;25925;TIEMPO;90
7036;25925;TIEMPO;1
7037;25926;TIEMPO;60
7038;25928;TIEMPO;1
7039;25928;TIEMPO;60
7040;25929;TIEMPO;85
7041;25932;TIEMPO;68
7042;25932;CENTRO CONTROL;9
7043;25933;CENTRO CONTROL;1
7044;25933;TIEMPO;70
7045;25937;TIEMPO;61
7046;25940;CENTRO CONTROL;4
7047;25940;TIEMPO;59
7048;25942;TIEMPO;76
7049;25947;TIEMPO;74
7050;25956;TIEMPO;40
7051;25959;TIEMPO;37
7052;25963;TIEMPO;32
7053;25966;CENTRO CONTROL;1
7054;25966;TIEMPO;32
7055;25996;CENTRO CONTROL;3
7056;25996;TIEMPO;38
7057;26007;CENTRO CONTROL;89
7058;26010;Comp operadora;8
7059;26010;TIEMPO;95
7060;26012;CENTRO CONTROL;16
7061;26013;Comp operadora;6
7062;26013;TIEMPO;16
7063;26015;TIEMPO;103
7064;26020;TIEMPO;26
7065;26022;TIEMPO;41
7066;26025;TIEMPO;30
7067;26027;CENTRO CONTROL;16
7068;26033;CENTRO CONTROL;54
7069;26036;TIEMPO;105
7070;26037;CENTRO CONTROL;5
7071;26037;TIEMPO;27
7072;26038;CENTRO CONTROL;28
7073;26041;Comp operadora;6
7074;26041;CENTRO CONTROL;4
7075;26041;TIEMPO;28
7076;26042;TIEMPO;115
7077;26044;TIEMPO;89
7078;26047;TIEMPO;78
7079;26049;TIEMPO;24
7080;26050;CENTRO CONTROL;6
7081;26050;TIEMPO;57
7082;26052;Comp operadora;8
7083;26052;CENTRO CONTROL;1
7084;26052;TIEMPO;9
7085;26054;TIEMPO;16
7086;26063;TIEMPO;23
7087;26065;Comp operadora;19
7088;26065;TIEMPO;57
7089;26066;TIEMPO;65
7090;26070;CENTRO CONTROL;19
7091;26071;Comp operadora;3
7092;26071;CENTRO CONTROL;3
7093;26071;TIEMPO;79
7094;26074;TIEMPO;118
7095;26075;Comp operadora;35
7096;26075;CENTRO CONTROL;17
7097;26075;TIEMPO;71
7098;26079;TIEMPO;71
7099;26081;CENTRO CONTROL;12
7100;26081;TIEMPO;17
7101;26082;CENTRO CONTROL;69
7102;26084;TIEMPO;12
7103;26084;CENTRO CONTROL;26
7104;26086;Comp operadora;4
7105;26086;CENTRO CONTROL;1
7106;26086;TIEMPO;66
7107;26091;TIEMPO;59
7108;26092;CENTRO CONTROL;5
7109;26092;TIEMPO;18
7110;26093;CENTRO CONTROL;1
7111;26093;TIEMPO;27
7112;26094;TIEMPO;109
7113;26103;TIEMPO;55
7114;26114;TIEMPO;44
7115;26115;Comp operadora;6
7116;26115;CENTRO CONTROL;29
7117;26115;TIEMPO;9
7118;26116;CENTRO CONTROL;8
7119;26116;TIEMPO;38
7120;26117;TIEMPO;30
7121;26119;Comp operadora;1
7122;26119;TIEMPO;21
7123;26126;TIEMPO;95
7124;26127;TIEMPO;87
7125;26130;CENTRO CONTROL;3
7126;26130;TIEMPO;44
7127;26135;TIEMPO;20
7128;26140;TIEMPO;84
7129;26141;TIEMPO;77
7130;26142;TIEMPO;37
7131;26146;Comp operadora;3
7132;26146;CENTRO CONTROL;2
7133;26146;TIEMPO;37
7134;26149;Comp operadora;6
7135;26149;CENTRO CONTROL;4
7136;26149;TIEMPO;47
7137;26150;CENTRO CONTROL;26
7138;26150;TIEMPO;2
7139;26154;TIEMPO;58
7140;26155;Comp operadora;2
7141;26155;CENTRO CONTROL;9
7142;26155;TIEMPO;12
7143;26156;TIEMPO;46
7144;26159;TIEMPO;33
7145;26162;TIEMPO;17
7146;26169;CENTRO CONTROL;78
7147;26169;TIEMPO;18
7148;26173;Comp operadora;15
7149;26173;TIEMPO;3
7150;26175;Comp operadora;5
7151;26175;TIEMPO;35
7152;26177;Comp operadora;159
7153;26177;CENTRO CONTROL;5
7154;26183;Comp operadora;6
7155;26183;CENTRO CONTROL;4
7156;26183;TIEMPO;104
7157;26184;CENTRO CONTROL;12
7158;26184;TIEMPO;18
7159;26185;TIEMPO;30
7160;26186;CENTRO CONTROL;6
7161;26186;TIEMPO;13
7162;26187;Comp operadora;28
7163;26187;TIEMPO;76
7164;26188;Comp operadora;35
7165;26190;CENTRO CONTROL;3
7166;26190;TIEMPO;49
7167;26192;CENTRO CONTROL;10
7168;26192;TIEMPO;75
7169;26194;Comp operadora;20
7170;26196;TIEMPO;29
7171;26197;CENTRO CONTROL;15
7172;26199;CENTRO CONTROL;81
7173;26204;CENTRO CONTROL;6
7174;26204;TIEMPO;52
7175;26231;CENTRO CONTROL;4
7176;26231;TIEMPO;29
7177;26233;Comp operadora;22
7178;26248;TIEMPO;72
7179;26251;TIEMPO;58
7180;26262;TIEMPO;106
7181;26263;CENTRO CONTROL;85
7182;26267;CENTRO CONTROL;116
7183;26268;TIEMPO;17
7184;26274;TIEMPO;3
7185;26274;CENTRO CONTROL;41
7186;26275;TIEMPO;39
7187;26277;TIEMPO;32
7188;26286;CENTRO CONTROL;10
7189;26286;TIEMPO;11
7190;26287;CENTRO CONTROL;35
7191;26292;CENTRO CONTROL;22
7192;26297;TIEMPO;100
7193;26298;TIEMPO;66
7194;26301;CENTRO CONTROL;29
7195;26301;TIEMPO;6
7196;26310;TIEMPO;21
7197;26311;Comp operadora;34
7198;26311;CENTRO CONTROL;12
7199;26313;Comp operadora;8
7200;26313;CENTRO CONTROL;10
7201;26321;TIEMPO;34
7202;26327;Comp operadora;10
7203;26327;TIEMPO;32
7204;26339;TIEMPO;89
7205;26341;TIEMPO;27
7206;26342;TIEMPO;32
7207;26343;TIEMPO;62
7208;26345;TIEMPO;21
7209;26348;TIEMPO;69
7210;26350;CENTRO CONTROL;4
7211;26350;TIEMPO;11
7212;26351;CENTRO CONTROL;72
7213;26351;TIEMPO;4
7214;26358;CENTRO CONTROL;31
7215;26362;Comp operadora;34
7216;26362;CENTRO CONTROL;3
7217;26368;Comp operadora;37
7218;26368;CENTRO CONTROL;9
7219;26372;CENTRO CONTROL;6
7220;26372;TIEMPO;41
7221;26373;CENTRO CONTROL;21
7222;26373;TIEMPO;27
7223;26380;TIEMPO;47
7224;26384;CENTRO CONTROL;53
7225;26384;TIEMPO;32
7226;26386;CENTRO CONTROL;85
7227;26390;Comp operadora;82
7228;26390;CENTRO CONTROL;7
7229;26391;TIEMPO;27
7230;26391;CENTRO CONTROL;4
7231;26392;CENTRO CONTROL;105
7232;26395;CENTRO CONTROL;8
7233;26395;TIEMPO;34
7234;26402;CENTRO CONTROL;19
7235;26405;TIEMPO;82
7236;26406;TIEMPO;58
7237;26410;Comp operadora;52
7238;26410;TIEMPO;2
7239;26412;CENTRO CONTROL;22
7240;26412;TIEMPO;57
7241;26419;CENTRO CONTROL;5
7242;26419;TIEMPO;11
7243;26422;TIEMPO;73
7244;26425;TIEMPO;73
7245;26429;TIEMPO;20
7246;26430;TIEMPO;50
7247;26431;CENTRO CONTROL;1
7248;26431;TIEMPO;125
7249;26432;TIEMPO;20
7250;26442;TIEMPO;32
7251;26448;Comp operadora;38
7252;26448;CENTRO CONTROL;3
7253;26450;TIEMPO;61
7254;26451;TIEMPO;78
7255;26454;Comp operadora;13
7256;26454;TIEMPO;5
7257;26456;TIEMPO;72
7258;26457;TIEMPO;51
7259;26458;Comp operadora;138
7260;26459;TIEMPO;84
7261;26461;TIEMPO;84
7262;26462;Comp operadora;4
7263;26462;TIEMPO;138
7264;26471;Comp operadora;78
7265;26473;TIEMPO;57
7266;26477;Comp operadora;28
7267;26477;CENTRO CONTROL;2
7268;26478;Comp operadora;10
7269;26478;CENTRO CONTROL;13
7270;26478;TIEMPO;8
7271;26479;Comp operadora;36
7272;26479;CENTRO CONTROL;1
7273;26479;TIEMPO;30
7274;26480;Comp operadora;2
7275;26480;CENTRO CONTROL;16
7276;26480;TIEMPO;4
7277;26481;TIEMPO;21
7278;26496;CENTRO CONTROL;4
7279;26496;TIEMPO;14
7280;26502;TIEMPO;105
7281;26502;CENTRO CONTROL;3
7282;26506;TIEMPO;2
7283;26506;CENTRO CONTROL;20
7284;26509;CENTRO CONTROL;66
7285;26509;TIEMPO;11
7286;26510;TIEMPO;47
7287;26514;CENTRO CONTROL;11
7288;26514;TIEMPO;46
7289;26547;TIEMPO;29
7290;26560;Comp operadora;49
7291;26562;TIEMPO;38
7292;26566;CENTRO CONTROL;90
7293;26566;TIEMPO;2
7294;26575;CENTRO CONTROL;1
7295;26575;TIEMPO;39
7296;26577;TIEMPO;48
7297;26595;Comp operadora;8
7298;26595;CENTRO CONTROL;13
7299;26598;TIEMPO;28
7300;26605;CENTRO CONTROL;16
7301;26605;TIEMPO;7
7302;26606;Comp operadora;2
7303;26606;TIEMPO;21
7304;26607;CENTRO CONTROL;9
7305;26607;TIEMPO;8
7306;26613;CENTRO CONTROL;72
7307;26630;Comp operadora;22
7308;26630;CENTRO CONTROL;5
7309;26630;TIEMPO;24
7310;26633;CENTRO CONTROL;4
7311;26633;TIEMPO;32
7312;26635;TIEMPO;29
7313;26646;TIEMPO;51
7314;26647;TIEMPO;60
7315;26652;TIEMPO;55
7316;26659;CENTRO CONTROL;4
7317;26659;TIEMPO;77
7318;26660;TIEMPO;29
7319;26661;TIEMPO;25
7320;26662;Comp operadora;25
7321;26662;TIEMPO;8
7322;26663;TIEMPO;82
7323;26664;Comp operadora;31
7324;26665;TIEMPO;25
7325;26666;TIEMPO;21
7326;26667;TIEMPO;37
7327;26668;TIEMPO;31
7328;26670;SEGURIDAD;21
7329;26671;TIEMPO;157
7330;26672;CENTRO CONTROL;1
7331;26672;TIEMPO;62
7332;26675;TIEMPO;63
7333;26676;TIEMPO;40
7334;26677;Comp operadora;96
7335;26677;TIEMPO;17
7336;26679;CENTRO CONTROL;20
7337;26680;Comp operadora;3
7338;26680;TIEMPO;14
7339;26692;TIEMPO;23
7340;26693;TIEMPO;37
7341;26701;Comp operadora;14
7342;26701;TIEMPO;4
7343;26725;Comp operadora;88
7344;26725;CENTRO CONTROL;4
7345;26733;CENTRO CONTROL;48
7346;26733;TIEMPO;23
7347;26747;TIEMPO;36
7348;26755;CENTRO CONTROL;67
7349;26755;TIEMPO;9
7350;26774;TIEMPO;63
7351;26775;Comp operadora;15
7352;26775;CENTRO CONTROL;11
7353;26775;TIEMPO;3
7354;26777;TIEMPO;59
7355;26805;TIEMPO;24
7356;26816;CENTRO CONTROL;15
7357;26816;TIEMPO;67
7358;26820;TIEMPO;70
7359;26833;TIEMPO;27
7360;26834;CENTRO CONTROL;2
7361;26834;TIEMPO;53
7362;26837;TIEMPO;32
7363;26864;TIEMPO;21
7364;26874;CENTRO CONTROL;80
7365;26884;CENTRO CONTROL;154
7366;26884;TIEMPO;3
7367;26885;CENTRO CONTROL;85
7368;26885;TIEMPO;13
7369;26891;Comp operadora;106
7370;26893;TIEMPO;1
7371;26893;CENTRO CONTROL;3
7372;26893;TIEMPO;27
7373;26894;CENTRO CONTROL;54
7374;26894;TIEMPO;6
7375;26896;TIEMPO;100
7376;26897;Comp operadora;20
7377;26897;CENTRO CONTROL;16
7378;26906;TIEMPO;148
7379;26907;TIEMPO;71
7380;26908;CENTRO CONTROL;2
7381;26908;TIEMPO;18
7382;26910;TIEMPO;35
7383;26922;CENTRO CONTROL;35
7384;26924;Comp operadora;31
7385;26924;CENTRO CONTROL;1
7386;26924;TIEMPO;82
7387;26933;CENTRO CONTROL;26
7388;26934;CENTRO CONTROL;19
7389;26941;CENTRO CONTROL;32
7390;26941;TIEMPO;5
7391;26942;CENTRO CONTROL;30
7392;26943;TIEMPO;33
7393;26945;TIEMPO;45
7394;26946;Comp operadora;34
7395;26948;Comp operadora;31
7396;26953;CENTRO CONTROL;5
7397;26953;TIEMPO;15
7398;26954;TIEMPO;19
7399;26965;Comp operadora;98
7400;26965;CENTRO CONTROL;5
7401;26986;CENTRO CONTROL;22
7402;26986;TIEMPO;15
7403;26987;CENTRO CONTROL;41
7404;26990;Comp operadora;6
7405;26990;TIEMPO;21
7406;26991;CENTRO CONTROL;15
7407;26997;Comp operadora;2
7408;26997;CENTRO CONTROL;1
7409;26997;TIEMPO;112
7410;27006;CENTRO CONTROL;51
7411;27007;CENTRO CONTROL;28
7412;27009;TIEMPO;76
7413;27010;TIEMPO;38
7414;27011;CENTRO CONTROL;26
7415;27011;TIEMPO;92
7416;27012;TIEMPO;124
7417;27018;CENTRO CONTROL;108
7418;27019;CENTRO CONTROL;127
7419;27027;Comp operadora;10
7420;27027;CENTRO CONTROL;9
7421;27035;CENTRO CONTROL;90
7422;27035;TIEMPO;15
7423;27036;CENTRO CONTROL;117
7424;27038;TIEMPO;15
7425;27040;CENTRO CONTROL;9
7426;27040;TIEMPO;11
7427;27043;TIEMPO;55
7428;27056;Comp operadora;37
7429;27056;CENTRO CONTROL;4
7430;27063;Comp operadora;16
7431;27068;CENTRO CONTROL;67
7432;27068;TIEMPO;28
7433;27069;CENTRO CONTROL;58
7434;27069;TIEMPO;1
7435;27076;Comp operadora;12
7436;27076;TIEMPO;95
7437;27077;TIEMPO;54
7438;27079;CENTRO CONTROL;102
7439;27080;CENTRO CONTROL;86
7440;27080;TIEMPO;1
7441;27085;CENTRO CONTROL;52
7442;27088;TIEMPO;118
7443;27090;CENTRO CONTROL;153
7444;27091;CENTRO CONTROL;57
7445;27091;TIEMPO;1
7446;27094;CENTRO CONTROL;124
7447;27094;TIEMPO;11
7448;27108;Comp operadora;2
7449;27108;CENTRO CONTROL;25
7450;27110;CENTRO CONTROL;116
7451;27113;Comp operadora;15
7452;27131;Comp operadora;118
7453;27131;CENTRO CONTROL;8
7454;27134;CENTRO CONTROL;11
7455;27134;TIEMPO;62
7456;27138;TIEMPO;59
7457;27154;CENTRO CONTROL;20
7458;27156;CENTRO CONTROL;15
7459;27168;Comp operadora;40
7460;27169;Comp operadora;16
7461;27169;TIEMPO;4
7462;27172;Comp operadora;5
7463;27172;CENTRO CONTROL;18
7464;27172;TIEMPO;1
7465;27177;Comp operadora;7
7466;27177;CENTRO CONTROL;15
7467;27177;TIEMPO;14
7468;27179;Comp operadora;4
7469;27179;CENTRO CONTROL;23
7470;27179;TIEMPO;83
7471;27182;Comp operadora;3
7472;27182;CENTRO CONTROL;16
7473;27185;TIEMPO;49
7474;27188;CENTRO CONTROL;125
7475;27189;CENTRO CONTROL;118
7476;27189;TIEMPO;6
7477;27203;Comp operadora;85
7478;27203;CENTRO CONTROL;15
7479;27203;TIEMPO;5
7480;27206;CENTRO CONTROL;107
7481;27207;CENTRO CONTROL;91
7482;27208;TIEMPO;44
7483;27210;TIEMPO;128
7484;27215;CENTRO CONTROL;14
7485;27215;TIEMPO;2
7486;27217;CENTRO CONTROL;17
7487;27219;CENTRO CONTROL;112
7488;27220;CENTRO CONTROL;118
7489;27220;TIEMPO;16
7490;27222;TIEMPO;16
7491;27226;CENTRO CONTROL;116
7492;27226;TIEMPO;17
7493;27229;CENTRO CONTROL;6
7494;27229;TIEMPO;11
7495;27232;TIEMPO;17
7496;27242;TIEMPO;52
7497;27243;Comp operadora;79
7498;27252;CENTRO CONTROL;109
7499;27253;CENTRO CONTROL;79
7500;27256;Comp operadora;83
7501;27257;Comp operadora;124
7502;27259;CENTRO CONTROL;142
7503;27260;CENTRO CONTROL;15
7504;27260;TIEMPO;122
7505;27263;Comp operadora;19
7506;27263;TIEMPO;28
7507;27266;CENTRO CONTROL;79
7508;27266;TIEMPO;47
7509;27268;CENTRO CONTROL;97
7510;27275;TIEMPO;36
7511;27276;CENTRO CONTROL;18
7512;27276;TIEMPO;69
7513;27277;Comp operadora;97
7514;27277;CENTRO CONTROL;12
7515;27278;CENTRO CONTROL;25
7516;27278;TIEMPO;109
7517;27293;Comp operadora;14
7518;27293;TIEMPO;36
7519;27299;Comp operadora;17
7520;27299;CENTRO CONTROL;12
7521;27305;TIEMPO;20
7522;27306;CENTRO CONTROL;9
7523;27306;TIEMPO;72
7524;27309;TIEMPO;79
7525;27311;TIEMPO;61
7526;27312;TIEMPO;47
7527;27314;TIEMPO;63
7528;27315;CENTRO CONTROL;6
7529;27315;TIEMPO;76
7530;27317;TIEMPO;57
7531;27318;TIEMPO;69
7532;27319;TIEMPO;117
7533;27321;TIEMPO;61
7534;27333;Comp operadora;16
7535;27334;TIEMPO;53
7536;27337;Comp operadora;5
7537;27337;CENTRO CONTROL;6
7538;27337;TIEMPO;16
7539;27338;TIEMPO;34
7540;27341;CENTRO CONTROL;17
7541;27341;TIEMPO;6
7542;27347;CENTRO CONTROL;113
7543;27347;TIEMPO;20
7544;27348;CENTRO CONTROL;112
7545;27350;CENTRO CONTROL;16
7546;27350;TIEMPO;4
7547;27351;Comp operadora;16
7548;27355;CENTRO CONTROL;37
7549;27355;TIEMPO;9
7550;27358;Comp operadora;44
7551;27362;CENTRO CONTROL;20
7552;27365;CENTRO CONTROL;27
7553;27372;Comp operadora;14
7554;27372;CENTRO CONTROL;7
7555;27384;CENTRO CONTROL;37
7556;27388;CENTRO CONTROL;11
7557;27388;TIEMPO;4
7558;27389;TIEMPO;108
7559;27394;CENTRO CONTROL;127
7560;27394;TIEMPO;1
7561;27399;CENTRO CONTROL;32
7562;27399;TIEMPO;77
7563;27400;CENTRO CONTROL;100
7564;27400;TIEMPO;27
7565;27403;TIEMPO;27
7566;27404;CENTRO CONTROL;3
7567;27404;TIEMPO;74
7568;27407;CENTRO CONTROL;103
7569;27407;TIEMPO;1
7570;27408;CENTRO CONTROL;83
7571;27417;CENTRO CONTROL;91
7572;27417;TIEMPO;17
7573;27418;CENTRO CONTROL;105
7574;27418;TIEMPO;7
7575;27420;Comp operadora;94
7576;27420;CENTRO CONTROL;9
7577;27422;TIEMPO;77
7578;27424;CENTRO CONTROL;17
7579;27424;TIEMPO;111
7580;27425;CENTRO CONTROL;98
7581;27428;TIEMPO;83
7582;27435;TIEMPO;114
7583;27436;CENTRO CONTROL;1
7584;27436;TIEMPO;112
7585;27438;Comp operadora;6
7586;27438;CENTRO CONTROL;11
7587;27440;TIEMPO;69
7588;27441;CENTRO CONTROL;26
7589;27441;TIEMPO;3
7590;27442;Comp operadora;12
7591;27442;TIEMPO;11
7592;27444;CENTRO CONTROL;64
7593;27444;TIEMPO;46
7594;27445;CENTRO CONTROL;11
7595;27445;TIEMPO;99
7596;27446;CENTRO CONTROL;56
7597;27447;TIEMPO;95
7598;27451;Comp operadora;3
7599;27451;TIEMPO;111
7600;27455;CENTRO CONTROL;8
7601;27455;TIEMPO;68
7602;27458;TIEMPO;68
7603;27478;CENTRO CONTROL;57
7604;27494;Comp operadora;14
7605;27494;CENTRO CONTROL;4
7606;27496;Comp operadora;22
7607;27496;CENTRO CONTROL;1
7608;27496;TIEMPO;1
7609;27500;TIEMPO;39
7610;27502;CENTRO CONTROL;134
7611;27503;CENTRO CONTROL;67
7612;27503;TIEMPO;39
7613;27516;TIEMPO;46
7614;27517;TIEMPO;99
7615;27527;CENTRO CONTROL;15
7616;27537;CENTRO CONTROL;18
7617;27549;TIEMPO;112
7618;27551;Comp operadora;16
7619;27551;TIEMPO;42
7620;27559;CENTRO CONTROL;26
7621;27570;CENTRO CONTROL;11
7622;27570;TIEMPO;6
7623;27577;Comp operadora;6
7624;27577;CENTRO CONTROL;25
7625;27581;CENTRO CONTROL;8
7626;27581;TIEMPO;20
7627;27590;CENTRO CONTROL;87
7628;27594;Comp operadora;61
7629;27594;CENTRO CONTROL;11
7630;27603;CENTRO CONTROL;142
7631;27613;Comp operadora;11
7632;27613;CENTRO CONTROL;4
7633;27619;CENTRO CONTROL;15
7634;27621;TIEMPO;31
7635;27627;CENTRO CONTROL;61
7636;27639;TIEMPO;141
7637;27640;TIEMPO;92
7638;27641;TIEMPO;40
7639;27642;TIEMPO;15
7640;27643;Comp operadora;38
7641;27662;TIEMPO;31
7642;27663;CENTRO CONTROL;19
7643;27663;TIEMPO;36
7644;27665;CENTRO CONTROL;18
7645;27681;CENTRO CONTROL;71
7646;27681;TIEMPO;18
7647;27682;CENTRO CONTROL;44
7648;27684;TIEMPO;18
7649;27690;TIEMPO;33
7650;27693;CENTRO CONTROL;111
7651;27694;CENTRO CONTROL;94
7652;27695;TIEMPO;91
7653;27697;TIEMPO;112
7654;27698;TIEMPO;71
7655;27700;TIEMPO;19
7656;27701;CENTRO CONTROL;13
7657;27701;TIEMPO;2
7658;27702;TIEMPO;19
7659;27707;Comp operadora;10
7660;27707;CENTRO CONTROL;8
7661;27708;TIEMPO;96
7662;27709;CENTRO CONTROL;5
7663;27709;TIEMPO;96
7664;27710;CENTRO CONTROL;42
7665;27710;TIEMPO;18
7666;27714;CENTRO CONTROL;82
7667;27715;CENTRO CONTROL;126
7668;27723;CENTRO CONTROL;18
7669;27725;TIEMPO;25
7670;27729;CENTRO CONTROL;36
7671;27733;Comp operadora;13
7672;27733;CENTRO CONTROL;2
7673;27734;Comp operadora;3
7674;27734;CENTRO CONTROL;20
7675;27735;CENTRO CONTROL;49
7676;27735;TIEMPO;2
7677;27737;CENTRO CONTROL;9
7678;27737;TIEMPO;19
7679;27738;Comp operadora;3
7680;27738;CENTRO CONTROL;24
7681;27750;TIEMPO;36
7682;27752;Comp operadora;5
7683;27752;TIEMPO;17
7684;27756;Comp operadora;9
7685;27756;CENTRO CONTROL;2
7686;27756;TIEMPO;61
7687;27762;CENTRO CONTROL;5
7688;27762;TIEMPO;28
7689;27788;Comp operadora;10
7690;27788;CENTRO CONTROL;7
7691;27788;TIEMPO;15
7692;27807;TIEMPO;20
7693;27815;CENTRO CONTROL;56
7694;27819;TIEMPO;32
7695;27836;CENTRO CONTROL;23
7696;27836;TIEMPO;5
7697;27874;CENTRO CONTROL;70
7698;27879;CENTRO CONTROL;7
7699;27879;TIEMPO;30
7700;27882;TIEMPO;30
7701;27891;TIEMPO;22
7702;27894;Comp operadora;133
7703;27896;Comp operadora;34
7704;27896;TIEMPO;24
7705;27899;CENTRO CONTROL;2
7706;27899;TIEMPO;21
7707;27902;Comp operadora;28
7708;27902;TIEMPO;11
7709;27908;TIEMPO;62
7710;27912;CENTRO CONTROL;10
7711;27912;TIEMPO;86
7712;27913;CENTRO CONTROL;6
7713;27913;TIEMPO;128
7714;27914;Comp operadora;1
7715;27914;TIEMPO;127
7716;27915;TIEMPO;86
7717;27924;Comp operadora;95
7718;27924;CENTRO CONTROL;12
7719;27937;CENTRO CONTROL;1
7720;27937;TIEMPO;64
7721;27938;TIEMPO;83
7722;27943;CENTRO CONTROL;15
7723;27946;Comp operadora;18
7724;27947;CENTRO CONTROL;3
7725;27947;TIEMPO;18
7726;27950;TIEMPO;17
7727;27955;TIEMPO;125
7728;27956;CENTRO CONTROL;2
7729;27956;TIEMPO;98
7730;27958;CENTRO CONTROL;20
7731;27960;Comp operadora;25
7732;27964;CENTRO CONTROL;76
7733;27976;CENTRO CONTROL;35
7734;27976;TIEMPO;5
7735;27977;CENTRO CONTROL;27
7736;27985;CENTRO CONTROL;31
7737;27985;TIEMPO;1
7738;27997;Comp operadora;47
7739;28000;CENTRO CONTROL;6
7740;28000;TIEMPO;51
7741;28012;Comp operadora;47
7742;28012;CENTRO CONTROL;7
7743;28018;Comp operadora;33
7744;28018;CENTRO CONTROL;9
7745;28019;CENTRO CONTROL;36
7746;28019;TIEMPO;42
7747;28023;TIEMPO;41
7748;28035;CENTRO CONTROL;63
7749;28035;TIEMPO;3
7750;28038;Comp operadora;27
7751;28038;CENTRO CONTROL;5
7752;28042;CENTRO CONTROL;5
7753;28042;TIEMPO;22
7754;28046;TIEMPO;35
7755;28055;CENTRO CONTROL;104
7756;28056;CENTRO CONTROL;131
7757;28061;CENTRO CONTROL;7
7758;28061;TIEMPO;215
7759;28091;CENTRO CONTROL;3
7760;28091;TIEMPO;45
7761;28097;CENTRO CONTROL;17
7762;28100;Comp operadora;14
7763;28100;TIEMPO;12
7764;28105;TIEMPO;21
7765;28114;Comp operadora;56
7766;28115;CENTRO CONTROL;18
7767;28133;TIEMPO;41
7768;28133;CENTRO CONTROL;27
7769;28136;CENTRO CONTROL;106
7770;28145;CENTRO CONTROL;17
7771;28145;TIEMPO;64
7772;28146;CENTRO CONTROL;5
7773;28146;TIEMPO;73
7774;28148;CENTRO CONTROL;83
7775;28148;TIEMPO;4
7776;28151;Comp operadora;55
7777;28152;CENTRO CONTROL;33
7778;28157;CENTRO CONTROL;3
7779;28157;TIEMPO;19
7780;28160;TIEMPO;59
7781;28161;TIEMPO;33
7782;28165;CENTRO CONTROL;29
7783;28179;Comp operadora;15
7784;28185;Comp operadora;17
7785;28186;TIEMPO;20
7786;28187;CENTRO CONTROL;19
7787;28188;CENTRO CONTROL;51
7788;28192;Comp operadora;86
7789;28193;TIEMPO;18
7790;28194;TIEMPO;25
7791;28220;CENTRO CONTROL;88
7792;28220;TIEMPO;11
7793;28222;Comp operadora;46
7794;28238;TIEMPO;16
7795;28239;TIEMPO;62
7796;28240;TIEMPO;136
7797;28246;TIEMPO;87
7798;28248;Comp operadora;11
7799;28248;TIEMPO;9
7800;28251;CENTRO CONTROL;4
7801;28251;SEGURIDAD;5
7802;28251;TIEMPO;20
7803;28255;Comp operadora;17
7804;28281;Comp operadora;127
7805;28281;CENTRO CONTROL;1
7806;28281;TIEMPO;31
7807;28283;CENTRO CONTROL;19
7808;28284;Comp operadora;178
7809;28288;Comp operadora;3
7810;28288;TIEMPO;37
7811;28294;CENTRO CONTROL;111
7812;28304;CENTRO CONTROL;29
7813;28304;TIEMPO;148
7814;28305;CENTRO CONTROL;107
7815;28305;TIEMPO;3
7816;28312;CENTRO CONTROL;11
7817;28312;TIEMPO;97
7818;28313;TIEMPO;104
7819;28314;CENTRO CONTROL;15
7820;28320;CENTRO CONTROL;17
7821;28326;TIEMPO;47
7822;28334;CENTRO CONTROL;17
7823;28356;Comp operadora;93
7824;28356;CENTRO CONTROL;18
7825;28357;TIEMPO;89
7826;28365;CENTRO CONTROL;20
7827;28365;TIEMPO;7
7828;28368;CENTRO CONTROL;12
7829;28368;TIEMPO;12
7830;28382;TIEMPO;58
7831;28388;TIEMPO;83
7832;28392;CENTRO CONTROL;144
7833;28405;Comp operadora;17
7834;28405;CENTRO CONTROL;8
7835;28407;Comp operadora;31
7836;28407;TIEMPO;5
7837;28411;TIEMPO;23
7838;28424;CENTRO CONTROL;16
7839;28436;Comp operadora;126
7840;28436;TIEMPO;21
7841;28440;Comp operadora;13
7842;28440;TIEMPO;57
7843;28449;CENTRO CONTROL;16
7844;28452;Comp operadora;68
7845;28452;CENTRO CONTROL;3
7846;28452;TIEMPO;3
7847;28453;TIEMPO;19
7848;28457;CENTRO CONTROL;133
7849;28459;Comp operadora;20
7850;28470;CENTRO CONTROL;12
7851;28470;TIEMPO;3
7852;28473;TIEMPO;130
7853;28474;TIEMPO;59
7854;28515;CENTRO CONTROL;36
7855;28515;TIEMPO;6
7856;28516;CENTRO CONTROL;22
7857;28516;TIEMPO;107
7858;28519;CENTRO CONTROL;128
7859;28524;TIEMPO;66
7860;28528;CENTRO CONTROL;135
7861;28557;TIEMPO;30
7862;28558;CENTRO CONTROL;3
7863;28558;TIEMPO;32
7864;28564;TIEMPO;48
7865;28575;TIEMPO;31
7866;28589;TIEMPO;79
7867;28591;Comp operadora;32
7868;28593;Comp operadora;10
7869;28593;CENTRO CONTROL;3
7870;28593;TIEMPO;6
7871;28599;CENTRO CONTROL;17
7872;28607;Comp operadora;8
7873;28607;CENTRO CONTROL;17
7874;28608;CENTRO CONTROL;28
7875;28612;TIEMPO;28
7876;28641;CENTRO CONTROL;31
7877;28641;TIEMPO;68
7878;28642;TIEMPO;74
7879;28649;Comp operadora;1
7880;28649;CENTRO CONTROL;8
7881;28649;TIEMPO;17
7882;28663;CENTRO CONTROL;143
7883;28668;Comp operadora;10
7884;28668;CENTRO CONTROL;2
7885;28668;TIEMPO;20
7886;28669;Comp operadora;1
7887;28669;CENTRO CONTROL;3
7888;28669;TIEMPO;40
7889;28673;Comp operadora;59
7890;28673;TIEMPO;10
7891;28676;TIEMPO;56
7892;28678;TIEMPO;95
7893;28679;TIEMPO;52
7894;28688;Comp operadora;35
7895;28688;CENTRO CONTROL;2
7896;28689;TIEMPO;20
7897;28733;Comp operadora;23
7898;28733;CENTRO CONTROL;5
7899;28758;Comp operadora;10
7900;28758;CENTRO CONTROL;8
7901;28824;Comp operadora;23
7902;28824;CENTRO CONTROL;2
7903;28845;Comp operadora;20
7904;28845;CENTRO CONTROL;19
7905;28857;Comp operadora;24
7906;28876;CENTRO CONTROL;28
7907;28885;CENTRO CONTROL;31
7908;28887;CENTRO CONTROL;27
7909;28890;CENTRO CONTROL;126
7910;28892;CENTRO CONTROL;45
7911;28892;TIEMPO;9
7912;28906;CENTRO CONTROL;95
7913;28910;Comp operadora;69
7914;28910;CENTRO CONTROL;40
7915;28910;TIEMPO;125
7916;28917;CENTRO CONTROL;27
7917;28917;TIEMPO;118
7918;28918;CENTRO CONTROL;15
7919;28922;Comp operadora;14
7920;28922;TIEMPO;96
7921;28923;Comp operadora;13
7922;28923;TIEMPO;23
7923;28932;Comp operadora;41
7924;28933;Comp operadora;9
7925;28933;CENTRO CONTROL;37
7926;28936;CENTRO CONTROL;20
7927;28937;Comp operadora;31
7928;28938;CENTRO CONTROL;28
7929;28944;Comp operadora;13
7930;28944;CENTRO CONTROL;11
7931;28946;Comp operadora;63
7932;28950;CENTRO CONTROL;101
7933;28961;Comp operadora;71
7934;28962;Comp operadora;13
7935;28962;CENTRO CONTROL;11
7936;28962;TIEMPO;91
7937;28968;Comp operadora;43
7938;28968;CENTRO CONTROL;18
7939;28971;Comp operadora;15
7940;28976;Comp operadora;37
7941;28979;CENTRO CONTROL;38
7942;28991;Comp operadora;7
7943;28991;CENTRO CONTROL;20
7944;28992;Comp operadora;29
7945;29005;CENTRO CONTROL;35
7946;29011;CENTRO CONTROL;19
7947;29013;CENTRO CONTROL;37
7948;29018;CENTRO CONTROL;20
7949;29019;CENTRO CONTROL;24
7950;29020;Comp operadora;83
7951;29033;CENTRO CONTROL;23
7952;29052;Comp operadora;56
7953;29058;CENTRO CONTROL;25
7954;29061;CENTRO CONTROL;71
7955;29073;Comp operadora;11
7956;29073;CENTRO CONTROL;38
7957;29077;CENTRO CONTROL;4
7958;29077;TIEMPO;166
7959;29080;Comp operadora;12
7960;29080;TIEMPO;112
7961;29089;Comp operadora;7
7962;29089;CENTRO CONTROL;6
7963;29089;TIEMPO;133
7964;29093;CENTRO CONTROL;125
7965;29103;CENTRO CONTROL;50
7966;29108;CENTRO CONTROL;65
7967;29110;CENTRO CONTROL;17
7968;29123;Comp operadora;64
7969;29123;TIEMPO;346
7970;29140;Comp operadora;160
7971;29145;Comp operadora;10
7972;29145;CENTRO CONTROL;13
7973;29146;Comp operadora;8
7974;29146;TIEMPO;26
7975;29150;Comp operadora;15
7976;29152;Comp operadora;166
7977;29152;CENTRO CONTROL;19
7978;29155;CENTRO CONTROL;61
7979;29155;TIEMPO;2
7980;29157;CENTRO CONTROL;39
7981;29158;CENTRO CONTROL;73
7982;29160;Comp operadora;5
7983;29160;TIEMPO;57
7984;29165;Comp operadora;9
7985;29165;TIEMPO;112
7986;29170;Comp operadora;29
7987;29172;Comp operadora;14
7988;29172;CENTRO CONTROL;13
7989;29173;Comp operadora;36
7990;29173;CENTRO CONTROL;26
7991;29175;Comp operadora;9
7992;29175;CENTRO CONTROL;13
7993;29179;CENTRO CONTROL;23
7994;29181;CENTRO CONTROL;134
7995;29182;CENTRO CONTROL;36
7996;29186;CENTRO CONTROL;42
7997;29186;TIEMPO;28
7998;29189;TIEMPO;16
7999;29191;TIEMPO;69
8000;29193;CENTRO CONTROL;103
8001;29194;CENTRO CONTROL;47
8002;29197;CENTRO CONTROL;1
8003;29197;TIEMPO;35
8004;29200;CENTRO CONTROL;33
8005;29204;CENTRO CONTROL;30
8006;29212;CENTRO CONTROL;18
8007;29216;Comp operadora;3
8008;29216;TIEMPO;15
8009;29224;TIEMPO;69
8010;29228;CENTRO CONTROL;30
8011;29236;Comp operadora;20
8012;29236;TIEMPO;2
8013;29247;Comp operadora;5
8014;29247;TIEMPO;16
8015;29252;CENTRO CONTROL;28
8016;29253;CENTRO CONTROL;44
8017;29256;CENTRO CONTROL;2
8018;29256;TIEMPO;162
8019;29259;Comp operadora;12
8020;29259;CENTRO CONTROL;8
8021;29262;CENTRO CONTROL;20
8022;29266;TIEMPO;146
8023;29268;Comp operadora;56
8024;29268;TIEMPO;55
8025;29285;CENTRO CONTROL;16
8026;29289;TIEMPO;128
8027;29298;CENTRO CONTROL;170
8028;29299;TIEMPO;81
8029;29324;TIEMPO;17
8030;29331;CENTRO CONTROL;109
8031;29332;CENTRO CONTROL;6
8032;29332;TIEMPO;31
8033;29336;CENTRO CONTROL;28
8034;29338;CENTRO CONTROL;59
8035;29341;Comp operadora;6
8036;29341;CENTRO CONTROL;29
8037;29341;TIEMPO;9
8038;29348;CENTRO CONTROL;67
8039;29349;CENTRO CONTROL;94
8040;29358;Comp operadora;65
8041;29358;TIEMPO;15
8042;29361;CENTRO CONTROL;17
8043;29362;Comp operadora;112
8044;29364;TIEMPO;77
8045;29365;Comp operadora;15
8046;29365;TIEMPO;105
8047;29366;CENTRO CONTROL;5
8048;29366;TIEMPO;40
8049;29373;CENTRO CONTROL;12
8050;29373;TIEMPO;65
8051;29374;Comp operadora;23
8052;29374;CENTRO CONTROL;1
8053;29378;Comp operadora;73
8054;29380;CENTRO CONTROL;32
8055;29384;Comp operadora;11
8056;29384;CENTRO CONTROL;4
8057;29384;TIEMPO;31
8058;29387;Comp operadora;12
8059;29387;CENTRO CONTROL;8
8060;29390;CENTRO CONTROL;31
8061;29391;CENTRO CONTROL;138
8062;29415;Comp operadora;27
8063;29418;TIEMPO;37
8064;29427;Comp operadora;28
8065;29443;Comp operadora;142
8066;29443;CENTRO CONTROL;19
8067;29449;CENTRO CONTROL;27
8068;29450;Comp operadora;65
8069;29451;Comp operadora;83
8070;29451;TIEMPO;12
8071;29455;CENTRO CONTROL;28
8072;29456;Comp operadora;18
8073;29464;CENTRO CONTROL;16
8074;29465;Comp operadora;21
8075;29465;CENTRO CONTROL;2
8076;29477;Comp operadora;13
8077;29477;TIEMPO;63
8078;29478;Comp operadora;6
8079;29478;TIEMPO;17
8080;29484;TIEMPO;26
8081;29504;Comp operadora;8
8082;29504;CENTRO CONTROL;1
8083;29504;TIEMPO;10
8084;29506;Comp operadora;30
8085;29510;TIEMPO;113
8086;29515;CENTRO CONTROL;24
8087;29515;TIEMPO;6
8088;29516;CENTRO CONTROL;30
8089;29517;CENTRO CONTROL;25
8090;29519;CENTRO CONTROL;2
8091;29519;TIEMPO;31
8092;29529;CENTRO CONTROL;14
8093;29529;TIEMPO;22
8094;29533;Comp operadora;10
8095;29533;TIEMPO;21
8096;29539;CENTRO CONTROL;3
8097;29539;TIEMPO;45
8098;29541;CENTRO CONTROL;102
8099;29542;CENTRO CONTROL;106
8100;29546;Comp operadora;255
8101;29546;CENTRO CONTROL;25
8102;29549;CENTRO CONTROL;16
8103;29554;CENTRO CONTROL;32
8104;29556;TIEMPO;262
8105;29558;TIEMPO;63
8106;29567;CENTRO CONTROL;39
8107;29568;Comp operadora;116
8108;29569;Comp operadora;25
8109;29569;CENTRO CONTROL;21
8110;29580;Comp operadora;15
8111;29580;CENTRO CONTROL;11
8112;29580;TIEMPO;13
8113;29584;Comp operadora;40
8114;29584;CENTRO CONTROL;7
8115;29593;Comp operadora;6
8116;29593;TIEMPO;17
8117;29597;CENTRO CONTROL;30
8118;29609;TIEMPO;24
8119;29611;Comp operadora;7
8120;29611;CENTRO CONTROL;1
8121;29611;TIEMPO;21
8122;29618;CENTRO CONTROL;29
8123;29622;CENTRO CONTROL;45
8124;29623;TIEMPO;50
8125;29624;TIEMPO;75
8126;29626;Comp operadora;24
8127;29628;CENTRO CONTROL;15
8128;29629;CENTRO CONTROL;63
8129;29632;TIEMPO;47
8130;29637;TIEMPO;52
8131;29638;TIEMPO;19
8132;29638;CENTRO CONTROL;57
8133;29643;TIEMPO;21
8134;29645;TIEMPO;30
8135;29651;TIEMPO;20
8136;29653;CENTRO CONTROL;17
8137;29657;CENTRO CONTROL;6
8138;29657;TIEMPO;27
8139;29660;Comp operadora;16
8140;29662;Comp operadora;10
8141;29662;TIEMPO;6
8142;29664;CENTRO CONTROL;60
8143;29665;CENTRO CONTROL;105
8144;29666;CENTRO CONTROL;26
8145;29666;TIEMPO;9
8146;29667;CENTRO CONTROL;35
8147;29669;Comp operadora;7
8148;29669;TIEMPO;26
8149;29670;Comp operadora;8
8150;29670;TIEMPO;35
8151;29676;Comp operadora;163
8152;29676;TIEMPO;58
8153;29682;Comp operadora;258
8154;29682;CENTRO CONTROL;16
8155;29692;CENTRO CONTROL;25
8156;29695;TIEMPO;52
8157;29697;Comp operadora;19
8158;29697;CENTRO CONTROL;16
8159;29700;Comp operadora;18
8160;29700;CENTRO CONTROL;2
8161;29707;TIEMPO;72
8162;29715;CENTRO CONTROL;47
8163;29715;TIEMPO;86
8164;29716;CENTRO CONTROL;81
8165;29725;Comp operadora;23
8166;29730;CENTRO CONTROL;20
8167;29732;Comp operadora;4
8168;29732;TIEMPO;45
8169;29738;TIEMPO;112
8170;29740;CENTRO CONTROL;32
8171;29748;TIEMPO;37
8172;29752;CENTRO CONTROL;53
8173;29752;TIEMPO;14
8174;29757;Comp operadora;30
8175;29767;TIEMPO;21
8176;29777;CENTRO CONTROL;2
8177;29777;TIEMPO;13
8178;29780;CENTRO CONTROL;18
8179;29781;Comp operadora;51
8180;29787;CENTRO CONTROL;26
8181;29795;CENTRO CONTROL;23
8182;29804;CENTRO CONTROL;5
8183;29804;TIEMPO;19
8184;29805;CENTRO CONTROL;19
8185;29811;TIEMPO;157
8186;29819;Comp operadora;181
8187;29829;CENTRO CONTROL;17
8188;29832;CENTRO CONTROL;5
8189;29832;TIEMPO;84
8190;29846;Comp operadora;19
8191;29855;CENTRO CONTROL;31
8192;29855;TIEMPO;65
8193;29856;CENTRO CONTROL;2
8194;29856;TIEMPO;111
8195;29857;CENTRO CONTROL;26
8196;29862;Comp operadora;64
8197;29862;TIEMPO;146
8198;29864;Comp operadora;148
8199;29864;CENTRO CONTROL;10
8200;29864;TIEMPO;64
8201;29873;TIEMPO;154
8202;29873;CENTRO CONTROL;2
8203;29873;TIEMPO;4
8204;29878;CENTRO CONTROL;5
8205;29878;TIEMPO;19
8206;29890;CENTRO CONTROL;28
8207;29899;CENTRO CONTROL;11
8208;29899;TIEMPO;23
8209;29901;CENTRO CONTROL;22
8210;29903;TIEMPO;17
8211;29905;CENTRO CONTROL;7
8212;29905;TIEMPO;52
8213;29915;CENTRO CONTROL;164
8214;29916;CENTRO CONTROL;137
8215;29923;TIEMPO;18
8216;29927;CENTRO CONTROL;29
8217;29928;CENTRO CONTROL;44
8218;29935;Comp operadora;11
8219;29935;TIEMPO;15
8220;29942;CENTRO CONTROL;102
8221;29946;CENTRO CONTROL;42
8222;29947;Comp operadora;6
8223;29947;CENTRO CONTROL;15
8224;29948;Comp operadora;3
8225;29948;TIEMPO;15
8226;29950;CENTRO CONTROL;21
8227;29954;Comp operadora;30
8228;29954;TIEMPO;8
8229;29957;Comp operadora;249
8230;29962;TIEMPO;43
8231;29964;CENTRO CONTROL;42
8232;29967;CENTRO CONTROL;5
8233;29967;TIEMPO;35
8234;29969;CENTRO CONTROL;62
8235;29970;CENTRO CONTROL;143
8236;29970;TIEMPO;21
8237;29977;Comp operadora;57
8238;29977;TIEMPO;122
8239;29986;CENTRO CONTROL;15
8240;29988;Comp operadora;13
8241;29988;CENTRO CONTROL;5
8242;29989;CENTRO CONTROL;62
8243;29991;Comp operadora;24
8244;29991;CENTRO CONTROL;13
8245;29994;CENTRO CONTROL;5
8246;29994;TIEMPO;17
8247;29995;CENTRO CONTROL;1
8248;29995;TIEMPO;73
8249;29996;CENTRO CONTROL;17
8250;29997;Comp operadora;7
8251;29997;CENTRO CONTROL;12
8252;29998;CENTRO CONTROL;46
8253;30016;TIEMPO;215
8254;30027;TIEMPO;63
8255;30029;CENTRO CONTROL;132
8256;30030;TIEMPO;129
8257;30037;Comp operadora;23
8258;30050;CENTRO CONTROL;69
8259;30051;TIEMPO;28
8260;30055;CENTRO CONTROL;36
8261;30055;TIEMPO;59
8262;30058;Comp operadora;9
8263;30058;CENTRO CONTROL;15
8264;30060;CENTRO CONTROL;53
8265;30060;TIEMPO;12
8266;30061;CENTRO CONTROL;15
8267;30065;CENTRO CONTROL;21
8268;30074;Comp operadora;15
8269;30074;TIEMPO;16
8270;30075;Comp operadora;81
8271;30075;TIEMPO;42
8272;30077;CENTRO CONTROL;130
8273;30096;TIEMPO;42
8274;30097;Comp operadora;58
8275;30097;TIEMPO;75
8276;30103;TIEMPO;21
8277;30105;CENTRO CONTROL;18
8278;30128;TIEMPO;31
8279;30134;Comp operadora;33
8280;30134;TIEMPO;120
8281;30161;CENTRO CONTROL;17
8282;30162;CENTRO CONTROL;15
8283;30163;Comp operadora;21
8284;30166;TIEMPO;85
8285;30176;CENTRO CONTROL;5
8286;30176;TIEMPO;16
8287;30177;Comp operadora;57
8288;30177;TIEMPO;115
8289;30185;TIEMPO;23
8290;30187;CENTRO CONTROL;89
8291;30188;CENTRO CONTROL;97
8292;30188;TIEMPO;42
8293;30190;TIEMPO;184
8294;30191;Comp operadora;4
8295;30191;TIEMPO;14
8296;30193;CENTRO CONTROL;15
8297;30195;TIEMPO;32
8298;30196;TIEMPO;21
8299;30224;TIEMPO;64
8300;30242;Comp operadora;23
8301;30242;TIEMPO;10
8302;30244;Comp operadora;36
8303;30244;CENTRO CONTROL;11
8304;30245;Comp operadora;55
8305;30247;Comp operadora;14
8306;30247;CENTRO CONTROL;1
8307;30247;TIEMPO;147
8308;30251;Comp operadora;4
8309;30251;TIEMPO;15
8310;30252;TIEMPO;86
8311;30253;CENTRO CONTROL;37
8312;30254;CENTRO CONTROL;31
8313;30255;Comp operadora;7
8314;30255;TIEMPO;59
8315;30256;TIEMPO;39
8316;30262;Comp operadora;22
8317;30262;CENTRO CONTROL;1
8318;30266;CENTRO CONTROL;17
8319;30267;CENTRO CONTROL;49
8320;30267;TIEMPO;14
8321;30275;TIEMPO;34
8322;30278;CENTRO CONTROL;1
8323;30278;TIEMPO;16
8324;30295;CENTRO CONTROL;17
8325;30295;TIEMPO;21
8326;30297;CENTRO CONTROL;27
8327;30303;Comp operadora;7
8328;30303;CENTRO CONTROL;3
8329;30303;TIEMPO;37
8330;30304;CENTRO CONTROL;48
8331;30305;Comp operadora;83
8332;30305;TIEMPO;62
8333;30307;CENTRO CONTROL;35
8334;30310;TIEMPO;49
8335;30311;CENTRO CONTROL;27
8336;30315;CENTRO CONTROL;20
8337;30315;TIEMPO;9
8338;30328;CENTRO CONTROL;11
8339;30328;TIEMPO;9
8340;30331;CENTRO CONTROL;12
8341;30331;TIEMPO;4
8342;30339;TIEMPO;44
8343;30342;TIEMPO;50
8344;30344;TIEMPO;73
8345;30345;CENTRO CONTROL;20
8346;30353;CENTRO CONTROL;15
8347;30367;Comp operadora;9
8348;30367;CENTRO CONTROL;10
8349;30381;Comp operadora;53
8350;30387;Comp operadora;80
8351;30387;CENTRO CONTROL;1
8352;30389;Comp operadora;13
8353;30389;CENTRO CONTROL;10
8354;30391;TIEMPO;52
8355;30394;CENTRO CONTROL;6
8356;30394;TIEMPO;16
8357;30397;TIEMPO;196
8358;30398;Comp operadora;37
8359;30407;TIEMPO;117
8360;30411;TIEMPO;79
8361;30414;CENTRO CONTROL;6
8362;30414;TIEMPO;27
8363;30427;TIEMPO;36
8364;30450;TIEMPO;28
8365;30453;TIEMPO;32
8366;30454;CENTRO CONTROL;21
8367;30457;CENTRO CONTROL;21
8368;30466;Comp operadora;8
8369;30466;TIEMPO;19
8370;30473;CENTRO CONTROL;38
8371;30478;CENTRO CONTROL;7
8372;30478;TIEMPO;21
8373;30479;CENTRO CONTROL;33
8374;30486;Comp operadora;75
8375;30489;CENTRO CONTROL;58
8376;30490;CENTRO CONTROL;33
8377;30492;TIEMPO;62
8378;30493;CENTRO CONTROL;2
8379;30493;TIEMPO;73
8380;30496;CENTRO CONTROL;23
8381;30497;CENTRO CONTROL;82
8382;30498;CENTRO CONTROL;42
8383;30498;TIEMPO;14
8384;30500;CENTRO CONTROL;17
8385;30501;CENTRO CONTROL;36
8386;30502;CENTRO CONTROL;20
8387;30504;Comp operadora;78
8388;30505;CENTRO CONTROL;15
8389;30505;TIEMPO;19
8390;30506;CENTRO CONTROL;42
8391;30509;Comp operadora;16
8392;30509;TIEMPO;102
8393;30520;CENTRO CONTROL;24
8394;30520;TIEMPO;2
8395;30525;CENTRO CONTROL;39
8396;30526;CENTRO CONTROL;64
8397;30526;TIEMPO;4
8398;30527;Comp operadora;43
8399;30527;TIEMPO;69
8400;30529;Comp operadora;24
8401;30529;CENTRO CONTROL;14
8402;30530;Comp operadora;24
8403;30531;Comp operadora;15
8404;30532;Comp operadora;90
8405;30532;CENTRO CONTROL;209
8406;30537;Comp operadora;32
8407;30544;Comp operadora;108
8408;30544;CENTRO CONTROL;1
8409;30545;CENTRO CONTROL;217
8410;30548;CENTRO CONTROL;17
8411;30553;TIEMPO;20
8412;30553;CENTRO CONTROL;8
8413;30553;TIEMPO;274
8414;30554;CENTRO CONTROL;26
8415;30557;Comp operadora;16
8416;30557;CENTRO CONTROL;3
8417;30557;TIEMPO;215
8418;30561;CENTRO CONTROL;86
8419;30566;CENTRO CONTROL;267
8420;30569;TIEMPO;7
8421;30569;TIEMPO;131
8422;30570;TIEMPO;84
8423;30571;CENTRO CONTROL;15
8424;30578;CENTRO CONTROL;98
8425;30580;Comp operadora;73
8426;30580;TIEMPO;28
8427;30583;CENTRO CONTROL;41
8428;30595;CENTRO CONTROL;1
8429;30595;TIEMPO;130
8430;30596;TIEMPO;92
8431;30608;Comp operadora;9
8432;30608;CENTRO CONTROL;23
8433;30641;CENTRO CONTROL;9
8434;30641;TIEMPO;6
8435;30642;CENTRO CONTROL;15
8436;30644;TIEMPO;17
8437;30645;CENTRO CONTROL;34
8438;30646;CENTRO CONTROL;92
8439;30647;CENTRO CONTROL;42
8440;30648;TIEMPO;42
8441;30649;CENTRO CONTROL;21
8442;30650;CENTRO CONTROL;40
8443;30651;CENTRO CONTROL;42
8444;30652;CENTRO CONTROL;15
8445;30654;CENTRO CONTROL;22
8446;30655;TIEMPO;135
8447;30656;Comp operadora;16
8448;30657;CENTRO CONTROL;51
8449;30659;CENTRO CONTROL;1
8450;30659;TIEMPO;56
8451;30660;CENTRO CONTROL;134
8452;30660;TIEMPO;10
8453;30661;CENTRO CONTROL;50
8454;30661;TIEMPO;29
8455;30665;TIEMPO;22
8456;30668;CENTRO CONTROL;61
8457;30677;TIEMPO;41
8458;30679;TIEMPO;115
8459;30680;TIEMPO;35
8460;30684;CENTRO CONTROL;6
8461;30684;TIEMPO;17
8462;30699;CENTRO CONTROL;20
8463;30710;Comp operadora;90
8464;30710;CENTRO CONTROL;9
8465;30720;TIEMPO;29
8466;30722;Comp operadora;15
8467;30722;CENTRO CONTROL;1
8468;30726;TIEMPO;27
8469;30728;Comp operadora;37
8470;30728;TIEMPO;50
8471;30729;TIEMPO;65
8472;30735;CENTRO CONTROL;24
8473;30744;TIEMPO;87
8474;30750;CENTRO CONTROL;165
8475;30752;CENTRO CONTROL;6
8476;30752;TIEMPO;54
8477;30753;TIEMPO;68
8478;30754;Comp operadora;62
8479;30754;CENTRO CONTROL;8
8480;30760;Comp operadora;11
8481;30760;CENTRO CONTROL;14
8482;30767;Comp operadora;9
8483;30767;CENTRO CONTROL;17
8484;30768;TIEMPO;83
8485;30791;TIEMPO;33
8486;30800;CENTRO CONTROL;62
8487;30801;CENTRO CONTROL;237
8488;30802;Comp operadora;12
8489;30802;TIEMPO;86
8490;30808;Comp operadora;109
8491;30811;Comp operadora;51
8492;30812;Comp operadora;72
8493;30818;Comp operadora;19
8494;30818;CENTRO CONTROL;15
8495;30820;CENTRO CONTROL;112
8496;30821;TIEMPO;47
8497;30829;TIEMPO;112
8498;30831;CENTRO CONTROL;50
8499;30832;CENTRO CONTROL;78
8500;30836;Comp operadora;4
8501;30836;TIEMPO;42
8502;30838;CENTRO CONTROL;1
8503;30838;TIEMPO;65
8504;30861;CENTRO CONTROL;18
8505;30862;CENTRO CONTROL;18
8506;30865;CENTRO CONTROL;16
8507;30869;Comp operadora;19
8508;30878;Comp operadora;15
8509;30879;Comp operadora;9
8510;30879;TIEMPO;51
8511;30893;Comp operadora;27
8512;30895;TIEMPO;15
8513;30896;CENTRO CONTROL;146
8514;30918;Comp operadora;27
8515;30928;CENTRO CONTROL;21
8516;30929;Comp operadora;61
8517;30937;Comp operadora;12
8518;30937;CENTRO CONTROL;18
8519;30941;CENTRO CONTROL;18
8520;30941;TIEMPO;6
8521;30946;Comp operadora;18
8522;30946;CENTRO CONTROL;11
8523;30946;TIEMPO;14
8524;30948;TIEMPO;82
8525;30949;CENTRO CONTROL;19
8526;30949;TIEMPO;50
8527;30952;CENTRO CONTROL;45
8528;30957;Comp operadora;16
8529;30958;Comp operadora;38
8530;30959;CENTRO CONTROL;49
8531;30961;CENTRO CONTROL;40
8532;30962;CENTRO CONTROL;21
8533;30964;CENTRO CONTROL;1
8534;30964;TIEMPO;195
8535;30967;CENTRO CONTROL;131
8536;30969;CENTRO CONTROL;18
8537;30974;CENTRO CONTROL;67
8538;30974;TIEMPO;1
8539;30975;CENTRO CONTROL;52
8540;30975;TIEMPO;7
8541;30984;TIEMPO;13
8542;30984;TIEMPO;27
8543;30985;Comp operadora;17
8544;30987;Comp operadora;7
8545;30987;TIEMPO;81
8546;30989;Comp operadora;67
8547;30989;CENTRO CONTROL;5
8548;30991;CENTRO CONTROL;144
8549;30991;TIEMPO;95
8550;30992;CENTRO CONTROL;32
8551;31001;CENTRO CONTROL;18
8552;31004;TIEMPO;59
8553;31006;CENTRO CONTROL;15
8554;31006;TIEMPO;20
8555;31014;CENTRO CONTROL;23
8556;31019;Comp operadora;3
8557;31019;TIEMPO;17
8558;31023;Comp operadora;94
8559;31031;Comp operadora;236
8560;31034;CENTRO CONTROL;17
8561;31035;Comp operadora;52
8562;31035;TIEMPO;92
8563;31036;Comp operadora;74
8564;31042;CENTRO CONTROL;185
8565;31042;TIEMPO;96
8566;31052;Comp operadora;22
8567;31052;CENTRO CONTROL;1
8568;31062;TIEMPO;125
8569;31067;CENTRO CONTROL;114
8570;31068;Comp operadora;37
8571;31068;TIEMPO;23
8572;31070;Comp operadora;58
8573;31083;CENTRO CONTROL;18
8574;31089;Comp operadora;33
8575;31089;TIEMPO;100
8576;31092;TIEMPO;21
8577;31093;CENTRO CONTROL;21
8578;31096;Comp operadora;12
8579;31096;CENTRO CONTROL;15
8580;31097;CENTRO CONTROL;29
8581;31101;CENTRO CONTROL;32
8582;31103;Comp operadora;43
8583;31106;CENTRO CONTROL;3
8584;31106;TIEMPO;35
8585;31114;TIEMPO;76
8586;31115;Comp operadora;46
8587;31118;CENTRO CONTROL;16
8588;31119;Comp operadora;8
8589;31119;TIEMPO;11
8590;31120;CENTRO CONTROL;22
8591;31123;Comp operadora;13
8592;31123;CENTRO CONTROL;25
8593;31124;CENTRO CONTROL;18
8594;31125;CENTRO CONTROL;16
8595;31125;TIEMPO;19
8596;31126;CENTRO CONTROL;24
8597;31131;Comp operadora;15
8598;31131;CENTRO CONTROL;2
8599;31137;Comp operadora;7
8600;31137;CENTRO CONTROL;47
8601;31142;CENTRO CONTROL;21
8602;31145;Comp operadora;24
8603;31145;CENTRO CONTROL;3
8604;31147;TIEMPO;76
8605;31148;CENTRO CONTROL;19
8606;31152;CENTRO CONTROL;17
8607;31163;Comp operadora;124
8608;31163;CENTRO CONTROL;4
8609;31163;TIEMPO;106
8610;31165;Comp operadora;22
8611;31165;CENTRO CONTROL;6
8612;31169;Comp operadora;35
8613;31170;CENTRO CONTROL;22
8614;31170;TIEMPO;165
8615;31172;CENTRO CONTROL;15
8616;31175;Comp operadora;17
8617;31179;TIEMPO;27
8618;31181;Comp operadora;6
8619;31181;TIEMPO;15
8620;31184;CENTRO CONTROL;15
8621;31185;Comp operadora;65
8622;31185;CENTRO CONTROL;46
8623;31190;Comp operadora;6
8624;31190;CENTRO CONTROL;11
8625;31193;Comp operadora;17
8626;31193;TIEMPO;41
8627;31194;CENTRO CONTROL;32
8628;31201;TIEMPO;74
8629;31202;CENTRO CONTROL;15
8630;31205;Comp operadora;49
8631;31205;TIEMPO;12
8632;31207;Comp operadora;32
8633;31207;CENTRO CONTROL;2
8634;31208;Comp operadora;18
8635;31209;Comp operadora;29
8636;31213;CENTRO CONTROL;18
8637;31214;Comp operadora;10
8638;31214;TIEMPO;10
8639;31217;CENTRO CONTROL;123
8640;31217;TIEMPO;16
8641;31219;Comp operadora;14
8642;31219;CENTRO CONTROL;4
8643;31219;TIEMPO;42
8644;31225;CENTRO CONTROL;55
8645;31230;Comp operadora;70
8646;31230;TIEMPO;41
8647;31238;Comp operadora;22
8648;31238;CENTRO CONTROL;11
8649;31244;Comp operadora;86
8650;31245;CENTRO CONTROL;29
8651;31247;CENTRO CONTROL;17
8652;31248;TIEMPO;15
8653;31249;CENTRO CONTROL;16
8654;31267;CENTRO CONTROL;29
8655;31268;Comp operadora;12
8656;31268;CENTRO CONTROL;1
8657;31268;TIEMPO;10
8658;31274;TIEMPO;119
8659;31282;Comp operadora;51
8660;31289;Comp operadora;6
8661;31289;TIEMPO;103
8662;31300;TIEMPO;74
8663;31304;Comp operadora;10
8664;31304;CENTRO CONTROL;11
8665;31304;TIEMPO;52
8666;31306;CENTRO CONTROL;27
8667;31315;CENTRO CONTROL;56
8668;31319;Comp operadora;5
8669;31319;TIEMPO;112
8670;31326;TIEMPO;59
8671;31331;CENTRO CONTROL;34
8672;31361;Comp operadora;17
8673;31366;Comp operadora;22
8674;31366;TIEMPO;52
8675;31380;TIEMPO;128
8676;31389;TIEMPO;41
8677;31390;CENTRO CONTROL;3
8678;31390;TIEMPO;23
8679;31394;Comp operadora;17
8680;31394;TIEMPO;6
8681;31404;Comp operadora;20
8682;31404;TIEMPO;34
8683;31409;Comp operadora;22
8684;31409;TIEMPO;116
8685;31418;CENTRO CONTROL;15
8686;31419;Comp operadora;21
8687;31419;CENTRO CONTROL;1
8688;31435;Comp operadora;82
8689;31439;TIEMPO;62
8690;31451;CENTRO CONTROL;61
8691;31453;Comp operadora;8
8692;31453;TIEMPO;32
8693;31458;CENTRO CONTROL;33
8694;31466;CENTRO CONTROL;39
8695;31473;Comp operadora;87
8696;31473;CENTRO CONTROL;13
8697;31484;CENTRO CONTROL;141
8698;31485;CENTRO CONTROL;160
8699;31487;Comp operadora;11
8700;31487;TIEMPO;180
8701;31493;Comp operadora;50
8702;31509;CENTRO CONTROL;40
8703;31510;TIEMPO;53
8704;31523;TIEMPO;150
8705;31524;Comp operadora;18
8706;31524;TIEMPO;53
8707;31526;Comp operadora;12
8708;31526;TIEMPO;84
8709;31531;Comp operadora;5
8710;31531;TIEMPO;37
8711;31536;Comp operadora;56
8712;31545;CENTRO CONTROL;20
8713;31546;Comp operadora;5
8714;31546;TIEMPO;53
8715;31547;Comp operadora;30
8716;31549;Comp operadora;26
8717;31549;TIEMPO;1
8718;31557;TIEMPO;61
8719;31560;CENTRO CONTROL;151
8720;31561;CENTRO CONTROL;123
8721;31563;Comp operadora;15
8722;31563;TIEMPO;107
8723;31564;CENTRO CONTROL;5
8724;31564;TIEMPO;42
8725;31570;CENTRO CONTROL;16
8726;31576;TIEMPO;85
8727;31577;TIEMPO;23
8728;31587;CENTRO CONTROL;74
8729;31587;TIEMPO;6
8730;31595;Comp operadora;18
8731;31598;Comp operadora;31
8732;31600;Comp operadora;4
8733;31600;TIEMPO;14
8734;31605;Comp operadora;19
8735;31618;TIEMPO;95
8736;31622;TIEMPO;110
8737;31635;Comp operadora;36
8738;31635;CENTRO CONTROL;8
8739;31637;Comp operadora;8
8740;31637;CENTRO CONTROL;22
8741;31638;Comp operadora;15
8742;31644;Comp operadora;19
8743;31645;Comp operadora;34
8744;31649;CENTRO CONTROL;22
8745;31660;CENTRO CONTROL;19
8746;31662;Comp operadora;9
8747;31662;CENTRO CONTROL;30
8748;31670;Comp operadora;29
8749;31671;Comp operadora;19
8750;31680;Comp operadora;6
8751;31680;TIEMPO;17
8752;31685;Comp operadora;45
8753;31685;CENTRO CONTROL;1
8754;31694;CENTRO CONTROL;32
8755;31694;TIEMPO;5
8756;31697;TIEMPO;104
8757;31703;TIEMPO;107
8758;31709;Comp operadora;24
8759;31709;TIEMPO;22
8760;31715;TIEMPO;39
8761;31723;Comp operadora;56
8762;31725;CENTRO CONTROL;19
8763;31730;Comp operadora;45
8764;31730;CENTRO CONTROL;6
8765;31730;TIEMPO;36
8766;31745;Comp operadora;6
8767;31745;TIEMPO;27
8768;31753;CENTRO CONTROL;35
8769;31753;TIEMPO;47
8770;31763;Comp operadora;16
8771;31769;Comp operadora;7
8772;31769;TIEMPO;37
8773;31777;Comp operadora;7
8774;31777;TIEMPO;48
8775;31799;CENTRO CONTROL;21
8776;31818;Comp operadora;15
8777;31830;CENTRO CONTROL;95
8778;31834;Comp operadora;28
8779;31855;CENTRO CONTROL;15
8780;31855;TIEMPO;4
8781;31888;TIEMPO;73
8782;31891;CENTRO CONTROL;4
8783;31891;TIEMPO;49
8784;31892;CENTRO CONTROL;19
8785;31895;TIEMPO;35
8786;31896;TIEMPO;32
8787;31898;Comp operadora;5
8788;31898;TIEMPO;20
8789;31901;CENTRO CONTROL;16
8790;31904;CENTRO CONTROL;1
8791;31904;TIEMPO;69
8792;31920;TIEMPO;16
8793;31939;CENTRO CONTROL;7
8794;31939;TIEMPO;102
8795;31959;CENTRO CONTROL;22
8796;31966;Comp operadora;20
8797;31968;Comp operadora;22
8798;31971;Comp operadora;31
8799;31971;CENTRO CONTROL;8
8800;31978;Comp operadora;24
8801;31978;TIEMPO;155
8802;31980;Comp operadora;19
8803;31989;Comp operadora;109
8804;31989;CENTRO CONTROL;9
8805;31996;TIEMPO;15
8806;31996;TIEMPO;136
8807;32005;Comp operadora;52
8808;32005;CENTRO CONTROL;7
8809;32014;Comp operadora;70
8810;32016;CENTRO CONTROL;7
8811;32016;TIEMPO;52
8812;32022;Comp operadora;49
8813;32044;CENTRO CONTROL;21
8814;32048;TIEMPO;61
8815;32059;Comp operadora;17
8816;32059;CENTRO CONTROL;15
8817;32080;CENTRO CONTROL;33
8818;32089;Comp operadora;77
8819;32089;CENTRO CONTROL;14
8820;32112;Comp operadora;33
8821;32112;TIEMPO;2
8822;32121;Comp operadora;40
8823;32121;TIEMPO;77
8824;32126;CENTRO CONTROL;23
8825;32128;Comp operadora;16
8826;32128;CENTRO CONTROL;22
8827;32130;Comp operadora;22
8828;32130;CENTRO CONTROL;18
8829;32130;TIEMPO;54
8830;32134;Comp operadora;10
8831;32134;CENTRO CONTROL;5
8832;32144;Comp operadora;114
8833;32146;CENTRO CONTROL;16
8834;32159;CENTRO CONTROL;21
8835;32164;Comp operadora;16
8836;32164;CENTRO CONTROL;11
8837;32167;CENTRO CONTROL;59
8838;32169;Comp operadora;74
8839;32169;CENTRO CONTROL;18
8840;32169;TIEMPO;93
8841;32170;CENTRO CONTROL;7
8842;32170;TIEMPO;99
8843;32172;CENTRO CONTROL;101
8844;32174;CENTRO CONTROL;155
8845;32183;Comp operadora;5
8846;32183;CENTRO CONTROL;13
8847;32185;CENTRO CONTROL;178
8848;32190;CENTRO CONTROL;27
8849;32195;Comp operadora;3
8850;32195;CENTRO CONTROL;18
8851;32197;Comp operadora;65
8852;32197;TIEMPO;50
8853;32199;Comp operadora;4
8854;32199;CENTRO CONTROL;13
8855;32201;CENTRO CONTROL;24
8856;32202;Comp operadora;3
8857;32202;CENTRO CONTROL;20
8858;32220;CENTRO CONTROL;20
8859;32220;TIEMPO;73
8860;32242;CENTRO CONTROL;34
8861;32245;CENTRO CONTROL;6
8862;32245;TIEMPO;20
8863;32250;Comp operadora;13
8864;32250;CENTRO CONTROL;11
8865;32262;Comp operadora;213
8866;32263;CENTRO CONTROL;171
8867;32266;CENTRO CONTROL;54
8868;32270;CENTRO CONTROL;31
8869;32272;CENTRO CONTROL;8
8870;32272;TIEMPO;299
8871;32275;Comp operadora;69
8872;32278;Comp operadora;23
8873;32278;CENTRO CONTROL;5
8874;32279;Comp operadora;17
8875;32280;CENTRO CONTROL;18
8876;32281;CENTRO CONTROL;16
8877;32282;Comp operadora;223
8878;32284;Comp operadora;4
8879;32284;CENTRO CONTROL;11
8880;32286;Comp operadora;31
8881;32286;CENTRO CONTROL;14
8882;32287;TIEMPO;16
8883;32288;CENTRO CONTROL;18
8884;32292;Comp operadora;1
8885;32292;CENTRO CONTROL;16
8886;32297;Comp operadora;17
8887;32297;TIEMPO;30
8888;32302;Comp operadora;27
8889;32322;Comp operadora;20
8890;32322;CENTRO CONTROL;13
8891;32322;TIEMPO;18
8892;32323;Comp operadora;48
8893;32332;CENTRO CONTROL;15
8894;32353;Comp operadora;5
8895;32353;CENTRO CONTROL;10
8896;32358;CENTRO CONTROL;21
8897;32360;CENTRO CONTROL;47
8898;32371;CENTRO CONTROL;4
8899;32371;TIEMPO;97
8900;32372;Comp operadora;10
8901;32372;CENTRO CONTROL;3
8902;32372;TIEMPO;113
8903;32393;TIEMPO;29
8904;32393;CENTRO CONTROL;2
8905;32402;Comp operadora;23
8906;32402;CENTRO CONTROL;95
8907;32432;CENTRO CONTROL;23
8908;32437;Comp operadora;108
8909;32437;CENTRO CONTROL;5
8910;32437;TIEMPO;17
8911;32441;CENTRO CONTROL;37
8912;32444;CENTRO CONTROL;19
8913;32444;TIEMPO;4
8914;32459;TIEMPO;69
8915;32462;TIEMPO;53
8916;32465;TIEMPO;35
8917;32476;TIEMPO;16
8918;32483;Comp operadora;1
8919;32483;CENTRO CONTROL;17
8920;32491;CENTRO CONTROL;111
8921;32506;CENTRO CONTROL;16
8922;32507;CENTRO CONTROL;24
8923;32507;TIEMPO;205
8924;32534;Comp operadora;19
8925;32534;CENTRO CONTROL;9
8926;32540;Comp operadora;104
8927;32544;CENTRO CONTROL;59
8928;32561;TIEMPO;19
8929;32562;Comp operadora;75
8930;32562;CENTRO CONTROL;18
8931;32569;Comp operadora;1
8932;32569;CENTRO CONTROL;16
8933;32574;Comp operadora;2
8934;32574;CENTRO CONTROL;17
8935;32578;CENTRO CONTROL;18
8936;32582;CENTRO CONTROL;26
8937;32587;Comp operadora;19
8938;32587;TIEMPO;16
8939;32589;CENTRO CONTROL;21
8940;32590;Comp operadora;11
8941;32590;CENTRO CONTROL;16
8942;32599;CENTRO CONTROL;16
8943;32606;CENTRO CONTROL;70
8944;32607;Comp operadora;26
8945;32607;CENTRO CONTROL;9
8946;32613;Comp operadora;3
8947;32613;CENTRO CONTROL;35
8948;32613;TIEMPO;1
8949;32614;CENTRO CONTROL;14
8950;32614;SEGURIDAD;2
8951;32620;CENTRO CONTROL;1
8952;32620;TIEMPO;102
8953;32622;Comp operadora;3
8954;32622;TIEMPO;27
8955;32627;Comp operadora;3
8956;32627;CENTRO CONTROL;18
8957;32646;Comp operadora;2
8958;32646;CENTRO CONTROL;36
8959;32670;CENTRO CONTROL;6
8960;32670;TIEMPO;13
8961;32675;Comp operadora;5
8962;32675;CENTRO CONTROL;3
8963;32675;TIEMPO;24
8964;32696;CENTRO CONTROL;27
8965;32706;CENTRO CONTROL;18
8966;32718;CENTRO CONTROL;28
8967;32722;Comp operadora;22
8968;32722;CENTRO CONTROL;3
8969;32723;CENTRO CONTROL;25
8970;32739;Comp operadora;39
8971;32752;Comp operadora;80
8972;32764;TIEMPO;43
8973;32777;CENTRO CONTROL;31
8974;32794;CENTRO CONTROL;58
8975;32797;Comp operadora;111
8976;32797;CENTRO CONTROL;7
8977;32805;SEGURIDAD;37
8978;32817;CENTRO CONTROL;15
8979;32819;CENTRO CONTROL;17
8980;32821;Comp operadora;15
8981;32821;CENTRO CONTROL;10
8982;32826;Comp operadora;3
8983;32826;CENTRO CONTROL;13
8984;32834;CENTRO CONTROL;21
8985;32835;Comp operadora;6
8986;32835;CENTRO CONTROL;13
8987;32837;CENTRO CONTROL;18
8988;32838;Comp operadora;1
8989;32838;TIEMPO;52
8990;32846;Comp operadora;64
8991;32846;CENTRO CONTROL;12
8992;32847;TIEMPO;49
8993;32873;CENTRO CONTROL;17
8994;32877;CENTRO CONTROL;16
8995;32883;Comp operadora;135
8996;32883;CENTRO CONTROL;1
8997;32901;Comp operadora;9
8998;32901;CENTRO CONTROL;33
8999;32920;Comp operadora;15
9000;32920;CENTRO CONTROL;13
9001;32920;TIEMPO;1
9002;32926;Comp operadora;48
9003;32962;Comp operadora;19
9004;32962;CENTRO CONTROL;23
9005;32975;CENTRO CONTROL;24
9006;32979;CENTRO CONTROL;20
9007;32985;Comp operadora;5
9008;32985;CENTRO CONTROL;22
9009;32997;CENTRO CONTROL;4
9010;32997;TIEMPO;29
9011;33004;Comp operadora;16
9012;33012;Comp operadora;32
9013;33045;TIEMPO;22
9014;33058;Comp operadora;62
9015;33080;Comp operadora;17
9016;33081;CENTRO CONTROL;18
9017;33100;CENTRO CONTROL;24
9018;33101;Comp operadora;39
9019;33101;TIEMPO;6
9020;33114;CENTRO CONTROL;32
9021;33116;Comp operadora;2
9022;33116;CENTRO CONTROL;19
9023;33121;Comp operadora;3
9024;33121;CENTRO CONTROL;12
9025;33133;Comp operadora;7
9026;33133;CENTRO CONTROL;11
9027;33139;TIEMPO;20
9028;33157;Comp operadora;37
9029;33161;TIEMPO;98
9030;33181;Comp operadora;18
9031;33181;CENTRO CONTROL;7
9032;33188;CENTRO CONTROL;42
9033;33196;CENTRO CONTROL;27
9034;33198;CENTRO CONTROL;46
9035;33202;CENTRO CONTROL;16
9036;33202;TIEMPO;7
9037;33208;CENTRO CONTROL;90
9038;33209;CENTRO CONTROL;39
9039;33211;Comp operadora;7
9040;33211;CENTRO CONTROL;19
9041;33212;CENTRO CONTROL;74
9042;33213;Comp operadora;32
9043;33213;CENTRO CONTROL;13
9044;33216;CENTRO CONTROL;80
9045;33227;CENTRO CONTROL;40
9046;33228;Comp operadora;8
9047;33228;CENTRO CONTROL;35
9048;33233;CENTRO CONTROL;46
9049;33240;Comp operadora;1
9050;33240;CENTRO CONTROL;81
9051;33241;CENTRO CONTROL;17
9052;33244;Comp operadora;128
9053;33244;CENTRO CONTROL;42
9054;33251;CENTRO CONTROL;57
9055;33265;Comp operadora;10
9056;33265;CENTRO CONTROL;86
9057;33266;CENTRO CONTROL;92
9058;33267;CENTRO CONTROL;64
9059;33271;Comp operadora;5
9060;33271;CENTRO CONTROL;130
9061;33278;Comp operadora;62
9062;33278;CENTRO CONTROL;71
9063;33279;Comp operadora;32
9064;33279;CENTRO CONTROL;14
9065;33284;CENTRO CONTROL;141
9066;33284;TIEMPO;30
9067;33286;Comp operadora;13
9068;33286;CENTRO CONTROL;10
9069;33287;Comp operadora;9
9070;33287;CENTRO CONTROL;97
9071;33287;TIEMPO;7
9072;33303;CENTRO CONTROL;4
9073;33303;TIEMPO;140
9074;33312;Comp operadora;21
9075;33313;Comp operadora;8
9076;33313;CENTRO CONTROL;11
9077;33315;Comp operadora;55
9078;33315;TIEMPO;31
9079;33325;CENTRO CONTROL;32
9080;33338;CENTRO CONTROL;19
9081;33345;Comp operadora;6
9082;33345;CENTRO CONTROL;15
9083;33354;Comp operadora;15
9084;33354;CENTRO CONTROL;1
9085;33354;TIEMPO;7
9086;33358;Comp operadora;71
9087;33360;Comp operadora;3
9088;33360;CENTRO CONTROL;20
9089;33362;TIEMPO;51
9090;33364;Comp operadora;10
9091;33364;CENTRO CONTROL;17
9092;33364;TIEMPO;3
9093;33377;Comp operadora;20
9094;33377;CENTRO CONTROL;73
9095;33378;CENTRO CONTROL;159
9096;33382;CENTRO CONTROL;49
9097;33394;CENTRO CONTROL;4
9098;33394;TIEMPO;19
9099;33404;Comp operadora;16
9100;33404;CENTRO CONTROL;112
9101;33407;Comp operadora;7
9102;33407;TIEMPO;56
9103;33420;Comp operadora;2
9104;33420;TIEMPO;59
9105;33421;TIEMPO;23
9106;33430;Comp operadora;19
9107;33430;CENTRO CONTROL;6
9108;33430;TIEMPO;83
9109;33433;Comp operadora;17
9110;33433;CENTRO CONTROL;9
9111;33442;CENTRO CONTROL;17
9112;33445;CENTRO CONTROL;55
9113;33455;Comp operadora;6
9114;33455;CENTRO CONTROL;100
9115;33464;Comp operadora;8
9116;33464;CENTRO CONTROL;10
9117;33471;CENTRO CONTROL;15
9118;33477;CENTRO CONTROL;17
9119;33479;CENTRO CONTROL;16
9120;33482;Comp operadora;6
9121;33482;CENTRO CONTROL;14
9122;33484;CENTRO CONTROL;24
9123;33486;CENTRO CONTROL;19
9124;33494;CENTRO CONTROL;77
9125;33507;Comp operadora;20
9126;33507;TIEMPO;9
9127;33508;Comp operadora;8
9128;33508;TIEMPO;11
9129;33513;Comp operadora;33
9130;33524;Comp operadora;1
9131;33524;CENTRO CONTROL;107
9132;33524;TIEMPO;1
9133;33527;Comp operadora;77
9134;33527;CENTRO CONTROL;9
9135;33538;CENTRO CONTROL;17
9136;33551;Comp operadora;112
9137;33552;CENTRO CONTROL;52
9138;33564;Comp operadora;7
9139;33564;CENTRO CONTROL;12
9140;33564;TIEMPO;114
9141;33566;Comp operadora;17
9142;33566;CENTRO CONTROL;12
9143;33570;CENTRO CONTROL;34
9144;33574;CENTRO CONTROL;23
9145;33591;CENTRO CONTROL;21
9146;33598;Comp operadora;8
9147;33598;CENTRO CONTROL;7
9148;33601;Comp operadora;83
9149;33603;Comp operadora;11
9150;33603;CENTRO CONTROL;8
9151;33612;Comp operadora;26
9152;33614;CENTRO CONTROL;68
9153;33618;Comp operadora;49
9154;33618;CENTRO CONTROL;4
9155;33626;Comp operadora;116
9156;33628;Comp operadora;5
9157;33628;CENTRO CONTROL;141
9158;33629;Comp operadora;13
9159;33629;CENTRO CONTROL;39
9160;33634;Comp operadora;4
9161;33634;CENTRO CONTROL;13
9162;33634;TIEMPO;5
9163;33635;TIEMPO;18
9164;33636;CENTRO CONTROL;35
9165;33640;Comp operadora;7
9166;33640;CENTRO CONTROL;40
9167;33641;Comp operadora;54
9168;33651;CENTRO CONTROL;11
9169;33651;TIEMPO;6
9170;33660;TIEMPO;19
9171;33666;CENTRO CONTROL;19
9172;33674;TIEMPO;34
9173;33682;Comp operadora;2
9174;33682;CENTRO CONTROL;11
9175;33682;TIEMPO;8
9176;33688;Comp operadora;9
9177;33688;TIEMPO;16
9178;33691;Comp operadora;16
9179;33695;CENTRO CONTROL;31
9180;33710;Comp operadora;4
9181;33710;TIEMPO;27
9182;33712;CENTRO CONTROL;17
9183;33713;TIEMPO;37
9184;33714;Comp operadora;4
9185;33714;TIEMPO;20
9186;33718;Comp operadora;4
9187;33718;CENTRO CONTROL;12
9188;33720;CENTRO CONTROL;106
9189;33720;TIEMPO;44
9190;33735;CENTRO CONTROL;17
9191;33738;Comp operadora;5
9192;33738;CENTRO CONTROL;12
9193;33770;Comp operadora;29
9194;33770;CENTRO CONTROL;106
9195;33771;Comp operadora;21
9196;33778;CENTRO CONTROL;15
9197;33790;Comp operadora;3
9198;33790;CENTRO CONTROL;23
9199;33797;Comp operadora;26
9200;33798;Comp operadora;21
9201;33798;CENTRO CONTROL;17
9202;33807;Comp operadora;1
9203;33807;CENTRO CONTROL;20
9204;33822;CENTRO CONTROL;1
9205;33822;TIEMPO;14
9206;33828;Comp operadora;1
9207;33828;CENTRO CONTROL;32
9208;33829;CENTRO CONTROL;25
9209;33841;CENTRO CONTROL;28
9210;33865;Comp operadora;11
9211;33865;CENTRO CONTROL;22
9212;33868;CENTRO CONTROL;78
9213;33869;Comp operadora;14
9214;33869;CENTRO CONTROL;7
9215;33869;TIEMPO;12
9216;33878;Comp operadora;38
9217;33878;CENTRO CONTROL;122
9218;33886;CENTRO CONTROL;54
9219;33890;CENTRO CONTROL;38
9220;33894;Comp operadora;12
9221;33894;CENTRO CONTROL;39
9222;33898;Comp operadora;4
9223;33898;CENTRO CONTROL;17
9224;33899;Comp operadora;26
9225;33899;CENTRO CONTROL;10
9226;33900;Comp operadora;12
9227;33900;CENTRO CONTROL;7
9228;33900;TIEMPO;9
9229;33902;Comp operadora;47
9230;33907;CENTRO CONTROL;9
9231;33907;TIEMPO;21
9232;33913;CENTRO CONTROL;25
9233;33917;Comp operadora;28
9234;33935;CENTRO CONTROL;17
9235;33942;Comp operadora;18
9236;33943;Comp operadora;1
9237;33943;CENTRO CONTROL;15
9238;33950;CENTRO CONTROL;41
9239;33968;CENTRO CONTROL;18
9240;33981;CENTRO CONTROL;16
9241;33991;CENTRO CONTROL;17
9242;34012;CENTRO CONTROL;112
9243;34014;Comp operadora;11
9244;34014;CENTRO CONTROL;2
9245;34014;TIEMPO;4
9246;34018;CENTRO CONTROL;16
9247;34020;CENTRO CONTROL;19
9248;34028;CENTRO CONTROL;18
9249;34054;Comp operadora;9
9250;34054;CENTRO CONTROL;80
9251;34058;Comp operadora;6
9252;34058;CENTRO CONTROL;19
9253;34066;Comp operadora;21
9254;34066;CENTRO CONTROL;8
9255;34068;Comp operadora;11
9256;34068;CENTRO CONTROL;6
9257;34080;Comp operadora;128
9258;34081;TIEMPO;83
9259;34088;Comp operadora;3
9260;34088;CENTRO CONTROL;18
9261;34088;TIEMPO;13
9262;34089;Comp operadora;149
9263;34095;CENTRO CONTROL;20
9264;34097;Comp operadora;6
9265;34097;TIEMPO;41
9266;34098;Comp operadora;14
9267;34098;CENTRO CONTROL;7
9268;34098;TIEMPO;7
9269;34101;TIEMPO;33
9270;34109;CENTRO CONTROL;21
9271;34115;Comp operadora;6
9272;34115;CENTRO CONTROL;9
9273;34118;Comp operadora;29
9274;34128;CENTRO CONTROL;18
9275;34137;Comp operadora;3
9276;34137;CENTRO CONTROL;15
9277;34138;CENTRO CONTROL;15
9278;34138;TIEMPO;10
9279;34139;CENTRO CONTROL;17
9280;34146;Comp operadora;299
9281;34146;TIEMPO;17
9282;34149;Comp operadora;13
9283;34149;CENTRO CONTROL;12
9284;34159;CENTRO CONTROL;23
9285;34161;Comp operadora;1
9286;34161;CENTRO CONTROL;23
9287;34166;Comp operadora;13
9288;34166;CENTRO CONTROL;2
9289;34170;CENTRO CONTROL;42
9290;34172;Comp operadora;74
9291;34185;Comp operadora;3
9292;34185;CENTRO CONTROL;21
9293;34196;Comp operadora;19
9294;34196;CENTRO CONTROL;20
9295;34196;TIEMPO;3
9296;34199;Comp operadora;59
9297;34201;CENTRO CONTROL;48
9298;34202;TIEMPO;18
9299;34209;CENTRO CONTROL;25
9300;34212;Comp operadora;62
9301;34216;Comp operadora;103
9302;34216;CENTRO CONTROL;1
9303;34220;TIEMPO;40
9304;34231;CENTRO CONTROL;24
9305;34232;Comp operadora;13
9306;34232;CENTRO CONTROL;12
9307;34233;Comp operadora;16
9308;34233;TIEMPO;4
9309;34234;Comp operadora;51
9310;34235;Comp operadora;56
9311;34235;CENTRO CONTROL;4
9312;34239;Comp operadora;8
9313;34239;TIEMPO;41
9314;34260;Comp operadora;2
9315;34260;CENTRO CONTROL;19
9316;34262;Comp operadora;31
9317;34262;CENTRO CONTROL;13
9318;34276;Comp operadora;6
9319;34276;TIEMPO;9
9320;34283;CENTRO CONTROL;44
9321;34286;CENTRO CONTROL;100
9322;34293;CENTRO CONTROL;17
9323;34298;Comp operadora;22
9324;34306;Comp operadora;4
9325;34306;TIEMPO;40
9326;34307;Comp operadora;95
9327;34307;TIEMPO;54
9328;34343;Comp operadora;30
9329;34343;CENTRO CONTROL;3
9330;34347;Comp operadora;3
9331;34347;CENTRO CONTROL;30
9332;34356;Comp operadora;20
9333;34356;CENTRO CONTROL;43
9334;34364;CENTRO CONTROL;28
9335;34365;CENTRO CONTROL;3
9336;34365;TIEMPO;20
9337;34366;Comp operadora;24
9338;34366;CENTRO CONTROL;7
9339;34368;CENTRO CONTROL;17
9340;34368;TIEMPO;25
9341;34369;CENTRO CONTROL;38
9342;34370;Comp operadora;9
9343;34370;CENTRO CONTROL;9
9344;34375;Comp operadora;11
9345;34375;CENTRO CONTROL;12
9346;34375;TIEMPO;6
9347;34376;Comp operadora;1
9348;34376;CENTRO CONTROL;1
9349;34376;TIEMPO;19
9350;34379;Comp operadora;14
9351;34379;TIEMPO;1
9352;34381;Comp operadora;4
9353;34381;CENTRO CONTROL;66
9354;34400;CENTRO CONTROL;21
9355;34404;Comp operadora;1
9356;34404;CENTRO CONTROL;14
9357;34407;Comp operadora;50
9358;34407;CENTRO CONTROL;27
9359;34426;Comp operadora;2
9360;34426;CENTRO CONTROL;36
9361;34428;Comp operadora;11
9362;34428;CENTRO CONTROL;50
9363;34433;CENTRO CONTROL;15
9364;34434;Comp operadora;7
9365;34434;CENTRO CONTROL;22
9366;34434;TIEMPO;6
9367;34436;Comp operadora;5
9368;34436;TIEMPO;18
9369;34438;TIEMPO;114
9370;34442;Comp operadora;13
9371;34442;CENTRO CONTROL;15
9372;34442;TIEMPO;4
9373;34443;CENTRO CONTROL;21
9374;34444;Comp operadora;3
9375;34444;CENTRO CONTROL;31
9376;34448;Comp operadora;163
9377;34448;CENTRO CONTROL;2
9378;34463;Comp operadora;5
9379;34463;TIEMPO;13
9380;34483;Comp operadora;20
9381;34483;CENTRO CONTROL;14
9382;34483;TIEMPO;1
9383;34486;Comp operadora;3
9384;34486;CENTRO CONTROL;17
9385;34488;Comp operadora;3
9386;34488;CENTRO CONTROL;24
9387;34490;CENTRO CONTROL;41
9388;34495;Comp operadora;15
9389;34496;CENTRO CONTROL;95
9390;34502;Comp operadora;1
9391;34502;CENTRO CONTROL;17
9392;34502;TIEMPO;6
9393;34511;CENTRO CONTROL;16
9394;34513;CENTRO CONTROL;18
9395;34513;SEGURIDAD;5
9396;34519;CENTRO CONTROL;25
9397;34523;Comp operadora;35
9398;34539;Comp operadora;29
9399;34539;CENTRO CONTROL;10
9400;34545;CENTRO CONTROL;26
9401;34555;CENTRO CONTROL;22
9402;34561;TIEMPO;18
9403;34562;CENTRO CONTROL;1
9404;34562;TIEMPO;49
9405;34580;CENTRO CONTROL;2
9406;34580;TIEMPO;81
9407;34585;TIEMPO;53
9408;34587;Comp operadora;1
9409;34587;TIEMPO;19
9410;34588;Comp operadora;8
9411;34588;CENTRO CONTROL;11
9412;34597;CENTRO CONTROL;17
9413;34598;CENTRO CONTROL;14
9414;34598;TIEMPO;3
9415;34601;Comp operadora;2
9416;34601;CENTRO CONTROL;16
9417;34612;CENTRO CONTROL;16
9418;34613;Comp operadora;76
9419;34613;CENTRO CONTROL;5
9420;34615;CENTRO CONTROL;53
9421;34615;TIEMPO;3
9422;34621;CENTRO CONTROL;28
9423;34621;TIEMPO;23
9424;34625;CENTRO CONTROL;127
9425;34627;Comp operadora;4
9426;34627;CENTRO CONTROL;16
9427;34632;Comp operadora;10
9428;34632;CENTRO CONTROL;11
9429;34635;CENTRO CONTROL;20
9430;34636;CENTRO CONTROL;26
9431;34645;Comp operadora;4
9432;34645;CENTRO CONTROL;12
9433;34656;CENTRO CONTROL;15
9434;34663;Comp operadora;186
9435;34665;Comp operadora;11
9436;34665;CENTRO CONTROL;27
9437;34666;Comp operadora;4
9438;34666;CENTRO CONTROL;11
9439;34668;Comp operadora;15
9440;34668;CENTRO CONTROL;6
9441;34670;CENTRO CONTROL;16
9442;34675;CENTRO CONTROL;45
9443;34676;CENTRO CONTROL;14
9444;34676;TIEMPO;7
9445;34684;CENTRO CONTROL;16
9446;34691;Comp operadora;4
9447;34691;CENTRO CONTROL;17
9448;34692;CENTRO CONTROL;19
9449;34695;Comp operadora;76
9450;34702;Comp operadora;1
9451;34702;CENTRO CONTROL;21
9452;34711;CENTRO CONTROL;132
9453;34718;Comp operadora;30
9454;34720;CENTRO CONTROL;22
9455;34728;Comp operadora;7
9456;34728;CENTRO CONTROL;17
9457;34732;CENTRO CONTROL;27
9458;34748;CENTRO CONTROL;20
9459;34749;Comp operadora;4
9460;34749;CENTRO CONTROL;21
9461;34775;Comp operadora;1
9462;34775;CENTRO CONTROL;14
9463;34782;Comp operadora;4
9464;34782;CENTRO CONTROL;24
9465;34786;CENTRO CONTROL;15
9466;34798;CENTRO CONTROL;15
9467;34798;TIEMPO;14
9468;34799;Comp operadora;24
9469;34804;Comp operadora;46
9470;34804;TIEMPO;48
9471;34807;Comp operadora;12
9472;34807;CENTRO CONTROL;3
9473;34812;TIEMPO;77
9474;34826;Comp operadora;9
9475;34826;TIEMPO;28
9476;34827;Comp operadora;55
9477;34827;TIEMPO;2
9478;34828;Comp operadora;3
9479;34828;CENTRO CONTROL;11
9480;34828;TIEMPO;2
9481;34830;CENTRO CONTROL;24
9482;34831;Comp operadora;1
9483;34831;CENTRO CONTROL;15
9484;34834;CENTRO CONTROL;19
9485;34836;Comp operadora;78
9486;34836;TIEMPO;11
9487;34847;Comp operadora;84
9488;34857;Comp operadora;7
9489;34857;TIEMPO;41
9490;34864;Comp operadora;3
9491;34864;CENTRO CONTROL;18
9492;34864;TIEMPO;6
9493;34866;Comp operadora;6
9494;34866;CENTRO CONTROL;9
9495;34879;Comp operadora;13
9496;34879;CENTRO CONTROL;9
9497;34888;Comp operadora;1
9498;34888;CENTRO CONTROL;13
9499;34888;TIEMPO;13
9500;34889;CENTRO CONTROL;19
9501;34897;CENTRO CONTROL;19
9502;34904;Comp operadora;14
9503;34904;CENTRO CONTROL;9
9504;34905;Comp operadora;19
9505;34907;Comp operadora;14
9506;34907;CENTRO CONTROL;7
9507;34923;Comp operadora;11
9508;34923;CENTRO CONTROL;10
9509;34940;CENTRO CONTROL;21
9510;34954;Comp operadora;24
9511;34956;CENTRO CONTROL;14
9512;34956;TIEMPO;12
9513;34961;Comp operadora;34
9514;34961;CENTRO CONTROL;3
9515;34961;TIEMPO;12
9516;34962;Comp operadora;40
9517;34970;Comp operadora;1
9518;34970;CENTRO CONTROL;54
9519;34982;Comp operadora;6
9520;34982;TIEMPO;36
9521;34983;TIEMPO;16
9522;34986;CENTRO CONTROL;16
9523;35000;Comp operadora;38
9524;35002;CENTRO CONTROL;22
9525;35006;Comp operadora;13
9526;35006;CENTRO CONTROL;17
9527;35007;Comp operadora;25
9528;35007;CENTRO CONTROL;11
9529;35020;CENTRO CONTROL;15
9530;35031;TIEMPO;56
9531;35032;Comp operadora;3
9532;35032;TIEMPO;32
9533;35034;Comp operadora;26
9534;35040;CENTRO CONTROL;16
9535;35047;CENTRO CONTROL;15
9536;35054;Comp operadora;28
9537;35066;Comp operadora;6
9538;35066;TIEMPO;14
9539;35067;CENTRO CONTROL;1
9540;35067;TIEMPO;30
9541;35068;Comp operadora;1
9542;35068;TIEMPO;35
9543;35070;Comp operadora;3
9544;35070;TIEMPO;86
9545;35075;Comp operadora;9
9546;35075;CENTRO CONTROL;8
9547;35076;Comp operadora;18
9548;35079;Comp operadora;10
9549;35079;TIEMPO;81
9550;35113;Comp operadora;28
9551;35113;CENTRO CONTROL;6
9552;35124;Comp operadora;105
9553;35124;TIEMPO;63
9554;35142;Comp operadora;141
9555;35142;TIEMPO;4
9556;35143;CENTRO CONTROL;130
9557;35149;CENTRO CONTROL;10
9558;35149;TIEMPO;8
9559;35150;Comp operadora;23
9560;35150;CENTRO CONTROL;10
9561;35153;CENTRO CONTROL;52
9562;35169;CENTRO CONTROL;25
9563;35182;CENTRO CONTROL;142
9564;35200;CENTRO CONTROL;2
9565;35200;TIEMPO;36
9566;35206;Comp operadora;12
9567;35206;CENTRO CONTROL;8
9568;35219;CENTRO CONTROL;24
9569;35222;Comp operadora;9
9570;35222;CENTRO CONTROL;5
9571;35222;TIEMPO;22
9572;35223;Comp operadora;33
9573;35224;CENTRO CONTROL;37
9574;35230;CENTRO CONTROL;15
9575;35231;CENTRO CONTROL;27
9576;35244;Comp operadora;41
9577;35251;Comp operadora;18
9578;35259;Comp operadora;12
9579;35259;CENTRO CONTROL;6
9580;35264;Comp operadora;2
9581;35264;CENTRO CONTROL;15
9582;35270;CENTRO CONTROL;15
9583;35362;CENTRO CONTROL;41
9584;35384;Comp operadora;20
9585;35401;CENTRO CONTROL;18
9586;35416;CENTRO CONTROL;6
9587;35416;TIEMPO;12
9588;35417;CENTRO CONTROL;33
9589;35420;CENTRO CONTROL;41
9590;35501;Comp operadora;63
9591;35512;TIEMPO;37
9592;35516;Comp operadora;53
9593;35521;Comp operadora;31
9594;35521;TIEMPO;1
9595;35525;Comp operadora;11
9596;35525;TIEMPO;53
9597;35526;Comp operadora;55
9598;35527;TIEMPO;26
9599;35542;Comp operadora;27
9600;35601;Comp operadora;2
9601;35601;CENTRO CONTROL;1
9602;35601;TIEMPO;15
9603;35603;Comp operadora;11
9604;35603;TIEMPO;4
9605;35609;Comp operadora;7
9606;35609;TIEMPO;8
9607;35615;Comp operadora;53
9608;35616;TIEMPO;35
9609;35617;CENTRO CONTROL;13
9610;35617;TIEMPO;70
9611;35618;Comp operadora;6
9612;35618;TIEMPO;65
9613;35619;CENTRO CONTROL;9
9614;35619;TIEMPO;57
9615;35663;Comp operadora;17
9616;35663;TIEMPO;2
9617;35668;Comp operadora;5
9618;35668;TIEMPO;20
9619;35669;TIEMPO;23
9620;35670;Comp operadora;1
9621;35670;TIEMPO;20
9622;35680;CENTRO CONTROL;16
9623;35698;TIEMPO;120
9624;35700;Comp operadora;27
9625;35700;CENTRO CONTROL;9
9626;35700;TIEMPO;92
9627;35701;TIEMPO;92
9628;35710;TIEMPO;17
9629;35711;Comp operadora;4
9630;35711;CENTRO CONTROL;7
9631;35711;TIEMPO;14
9632;35720;Comp operadora;25
9633;35730;Comp operadora;4
9634;35730;CENTRO CONTROL;15
9635;35730;TIEMPO;19
9636;35731;Comp operadora;1
9637;35731;TIEMPO;23
9638;35732;Comp operadora;1
9639;35732;TIEMPO;18
9640;35733;Comp operadora;5
9641;35733;TIEMPO;20
9642;35734;Comp operadora;1
9643;35734;TIEMPO;16
9644;35735;TIEMPO;28
9645;35744;Comp operadora;1
9646;35744;TIEMPO;62
9647;35745;TIEMPO;53
9648;35746;TIEMPO;65
9649;35753;Comp operadora;2
9650;35753;TIEMPO;49
9651;35754;Comp operadora;8
9652;35754;CENTRO CONTROL;2
9653;35754;TIEMPO;31
9654;35755;Comp operadora;9
9655;35755;CENTRO CONTROL;1
9656;35755;TIEMPO;41
9657;35784;Comp operadora;2
9658;35784;TIEMPO;21
9659;35785;Comp operadora;27
9660;35791;Comp operadora;32
9661;35798;Comp operadora;16
9662;35798;CENTRO CONTROL;1
9663;35806;TIEMPO;53
9664;35807;TIEMPO;61
9665;35825;Comp operadora;2
9666;35825;TIEMPO;15
9667;35827;Comp operadora;3
9668;35827;CENTRO CONTROL;4
9669;35827;TIEMPO;9
9670;35829;CENTRO CONTROL;6
9671;35829;TIEMPO;13
9672;35830;Comp operadora;32
9673;35835;TIEMPO;18
9674;35853;TIEMPO;37
9675;35854;Comp operadora;1
9676;35854;TIEMPO;47
9677;35861;Comp operadora;18
9678;35861;TIEMPO;1
9679;35864;TIEMPO;41
9680;35870;CENTRO CONTROL;36
9681;35881;TIEMPO;123
9682;35882;TIEMPO;145
9683;35883;TIEMPO;152
9684;35890;Comp operadora;6
9685;35890;TIEMPO;9
9686;35901;CENTRO CONTROL;19
9687;35902;CENTRO CONTROL;3
9688;35902;TIEMPO;18
9689;35907;Comp operadora;7
9690;35907;CENTRO CONTROL;12
9691;35908;Comp operadora;5
9692;35908;CENTRO CONTROL;12
9693;35908;TIEMPO;19
9694;35909;CENTRO CONTROL;23
9695;35909;TIEMPO;33
9696;35910;TIEMPO;46
9697;35918;TIEMPO;1
9698;35918;CENTRO CONTROL;12
9699;35918;TIEMPO;39
9700;35919;TIEMPO;39
9701;35935;CENTRO CONTROL;5
9702;35935;TIEMPO;26
9703;35936;Comp operadora;6
9704;35936;TIEMPO;20
9705;35942;CENTRO CONTROL;3
9706;35942;TIEMPO;12
9707;35943;CENTRO CONTROL;17
9708;35969;TIEMPO;117
9709;35970;Comp operadora;5
9710;35970;TIEMPO;94
9711;35984;Comp operadora;15
9712;35989;Comp operadora;11
9713;35989;TIEMPO;13
9714;35990;Comp operadora;6
9715;35990;TIEMPO;20
9716;36001;Comp operadora;19
9717;36008;Comp operadora;8
9718;36008;TIEMPO;35
9719;36019;Comp operadora;10
9720;36019;CENTRO CONTROL;3
9721;36019;TIEMPO;64
9722;36022;Comp operadora;15
9723;36032;Comp operadora;2
9724;36032;TIEMPO;23
9725;36037;SEGURIDAD;15
9726;36040;Comp operadora;18
9727;36041;Comp operadora;25
9728;36041;TIEMPO;4
9729;36054;CENTRO CONTROL;17
9730;36055;CENTRO CONTROL;1
9731;36055;TIEMPO;31
9732;36056;Comp operadora;7
9733;36056;CENTRO CONTROL;12
9734;36056;TIEMPO;17
9735;36067;Comp operadora;5
9736;36067;TIEMPO;45
9737;36078;Comp operadora;3
9738;36078;TIEMPO;15
9739;36080;Comp operadora;17
9740;36080;TIEMPO;3
9741;36083;CENTRO CONTROL;18
9742;36086;CENTRO CONTROL;17
9743;36099;Comp operadora;13
9744;36099;CENTRO CONTROL;7
9745;36099;TIEMPO;2
9746;36115;Comp operadora;57
9747;36128;Comp operadora;18
9748;36128;TIEMPO;1
9749;36131;TIEMPO;15
9750;36135;Comp operadora;1
9751;36135;CENTRO CONTROL;10
9752;36135;TIEMPO;7
9753;36145;CENTRO CONTROL;20
9754;36187;Comp operadora;1
9755;36187;TIEMPO;30
9756;36198;Comp operadora;7
9757;36198;CENTRO CONTROL;18
9758;36198;TIEMPO;7
9759;36228;CENTRO CONTROL;4
9760;36228;TIEMPO;26
9761;36229;TIEMPO;21
9762;36230;CENTRO CONTROL;26
9763;36234;Comp operadora;9
9764;36234;CENTRO CONTROL;7
9765;36234;TIEMPO;12
9766;36235;CENTRO CONTROL;6
9767;36235;TIEMPO;16
9768;36236;Comp operadora;2
9769;36236;TIEMPO;31
9770;36241;TIEMPO;23
9771;36242;Comp operadora;19
9772;36242;CENTRO CONTROL;9
9773;36254;CENTRO CONTROL;16
9774;36274;CENTRO CONTROL;3
9775;36274;TIEMPO;24
9776;36275;Comp operadora;7
9777;36275;TIEMPO;21
9778;36276;CENTRO CONTROL;1
9779;36276;TIEMPO;27
9780;36278;TIEMPO;16
9781;36279;SEGURIDAD;4
9782;36279;TIEMPO;35
9783;36280;Comp operadora;42
9784;36282;CENTRO CONTROL;16
9785;36300;TIEMPO;20
9786;36301;TIEMPO;29
9787;36302;Comp operadora;4
9788;36302;TIEMPO;11
9789;36315;CENTRO CONTROL;5
9790;36315;SEGURIDAD;4
9791;36315;TIEMPO;12
9792;36362;Comp operadora;19
9793;36369;Comp operadora;1
9794;36369;CENTRO CONTROL;5
9795;36369;TIEMPO;28
9796;36370;Comp operadora;28
9797;36378;Comp operadora;1
9798;36378;CENTRO CONTROL;5
9799;36378;TIEMPO;10
9800;36389;Comp operadora;9
9801;36389;CENTRO CONTROL;7
9802;36389;TIEMPO;38
9803;36390;CENTRO CONTROL;8
9804;36390;TIEMPO;32
9805;36411;Comp operadora;25
9806;36415;CENTRO CONTROL;31
9807;36416;TIEMPO;1
9808;36416;TIEMPO;23
9809;36418;Comp operadora;47
9810;36418;TIEMPO;6
9811;36428;SEGURIDAD;8
9812;36428;TIEMPO;17
9813;36429;Comp operadora;2
9814;36429;CENTRO CONTROL;10
9815;36429;TIEMPO;6
9816;36430;Comp operadora;1
9817;36430;TIEMPO;22
9818;36432;Comp operadora;32
9819;36441;Comp operadora;24
9820;36441;CENTRO CONTROL;4
9821;36441;TIEMPO;12
9822;36442;TIEMPO;26
9823;36443;Comp operadora;2
9824;36443;TIEMPO;25
9825;36445;TIEMPO;34
9826;36448;Comp operadora;17
9827;36448;CENTRO CONTROL;26
9828;36448;TIEMPO;3
9829;36453;Comp operadora;9
9830;36453;CENTRO CONTROL;6
9831;36453;TIEMPO;190
9832;36454;CENTRO CONTROL;190
9833;36455;CENTRO CONTROL;1
9834;36455;TIEMPO;162
9835;36457;Comp operadora;17
9836;36480;Comp operadora;21
9837;36484;Comp operadora;8
9838;36484;TIEMPO;12
9839;36485;Comp operadora;8
9840;36485;TIEMPO;10
9841;36488;Comp operadora;57
9842;36488;TIEMPO;9
9843;36489;TIEMPO;50
9844;36490;TIEMPO;40
9845;36492;Comp operadora;31
9846;36493;TIEMPO;17
9847;36507;Comp operadora;32
9848;36539;SEGURIDAD;7
9849;36539;TIEMPO;9
9850;36552;CENTRO CONTROL;37
9851;36552;TIEMPO;2
9852;36556;Comp operadora;10
9853;36556;TIEMPO;10
9854;36606;Comp operadora;15
9855;36614;Comp operadora;16
9856;36614;CENTRO CONTROL;2
9857;36622;Comp operadora;3
9858;36622;TIEMPO;76
9859;36623;TIEMPO;58
9860;36652;CENTRO CONTROL;15
9861;36655;TIEMPO;72
9862;36656;CENTRO CONTROL;1
9863;36656;TIEMPO;65
9864;36657;CENTRO CONTROL;13
9865;36657;TIEMPO;70
9866;36663;TIEMPO;74
9867;36663;CENTRO CONTROL;1
9868;36664;CENTRO CONTROL;9
9869;36664;TIEMPO;70
9870;36665;Comp operadora;7
9871;36665;CENTRO CONTROL;21
9872;36666;Comp operadora;5
9873;36666;TIEMPO;25
9874;36668;Comp operadora;104
9875;36668;TIEMPO;1
9876;36672;Comp operadora;10
9877;36672;TIEMPO;6
9878;36675;Comp operadora;2
9879;36675;TIEMPO;36
9880;36676;TIEMPO;56
9881;36677;TIEMPO;19
9882;36683;Comp operadora;14
9883;36683;CENTRO CONTROL;8
9884;36708;TIEMPO;22
9885;36719;Comp operadora;25
9886;36721;TIEMPO;20
9887;36746;Comp operadora;2
9888;36746;TIEMPO;15
9889;36753;TIEMPO;135
9890;36754;CENTRO CONTROL;126
9891;36755;CENTRO CONTROL;21
9892;36755;TIEMPO;126
9893;36763;Comp operadora;32
9894;36764;Comp operadora;108
9895;36764;CENTRO CONTROL;1
9896;36764;TIEMPO;32
9897;36765;TIEMPO;128
9898;36766;TIEMPO;115
9899;36793;CENTRO CONTROL;15
9900;36795;CENTRO CONTROL;9
9901;36795;TIEMPO;13
9902;36802;TIEMPO;76
9903;36803;TIEMPO;6
9904;36803;TIEMPO;70
9905;36830;Comp operadora;10
9906;36830;CENTRO CONTROL;1
9907;36830;TIEMPO;6
9908;36836;Comp operadora;24
9909;36836;TIEMPO;6
9910;36846;Comp operadora;8
9911;36846;TIEMPO;9
9912;36850;Comp operadora;8
9913;36850;TIEMPO;30
9914;36851;Comp operadora;30
9915;36852;TIEMPO;62
9916;36853;TIEMPO;68
9917;36862;Comp operadora;11
9918;36862;CENTRO CONTROL;13
9919;36864;CENTRO CONTROL;18
9920;36879;Comp operadora;6
9921;36879;CENTRO CONTROL;1
9922;36879;TIEMPO;12
9923;36881;TIEMPO;17
9924;36896;Comp operadora;1
9925;36896;TIEMPO;97
9926;36901;Comp operadora;38
9927;36901;TIEMPO;30
9928;36909;CENTRO CONTROL;2
9929;36909;TIEMPO;35
9930;36910;Comp operadora;4
9931;36910;TIEMPO;38
9932;36912;CENTRO CONTROL;23
9933;36915;Comp operadora;16
9934;36915;TIEMPO;3
9935;36920;Comp operadora;7
9936;36920;TIEMPO;10
9937;36930;Comp operadora;12
9938;36930;CENTRO CONTROL;2
9939;36930;TIEMPO;12
9940;36934;TIEMPO;114
9941;36935;Comp operadora;4
9942;36935;CENTRO CONTROL;5
9943;36935;TIEMPO;121
9944;36947;CENTRO CONTROL;130
9945;36959;CENTRO CONTROL;19
9946;36960;Comp operadora;2
9947;36960;TIEMPO;15
9948;36961;TIEMPO;16
9949;36961;CENTRO CONTROL;2
9950;36961;TIEMPO;1
9951;36971;TIEMPO;51
9952;36972;Comp operadora;5
9953;36972;TIEMPO;52
9954;36997;Comp operadora;38
9955;36997;TIEMPO;8
9956;36998;Comp operadora;16
9957;37007;CENTRO CONTROL;22
9958;37021;Comp operadora;2
9959;37021;TIEMPO;45
9960;37022;Comp operadora;6
9961;37022;CENTRO CONTROL;2
9962;37022;TIEMPO;47
9963;37023;Comp operadora;49
9964;37026;TIEMPO;22
9965;37031;TIEMPO;19
9966;37031;CENTRO CONTROL;8
9967;37031;TIEMPO;4
9968;37032;CENTRO CONTROL;3
9969;37032;TIEMPO;26
9970;37037;Comp operadora;76
9971;37040;Comp operadora;5
9972;37040;CENTRO CONTROL;3
9973;37040;TIEMPO;9
9974;37050;Comp operadora;13
9975;37050;CENTRO CONTROL;17
9976;37051;TIEMPO;26
9977;37056;Comp operadora;32
9978;37056;TIEMPO;2
9979;37063;Comp operadora;80
9980;37068;Comp operadora;87
9981;37068;CENTRO CONTROL;7
9982;37069;TIEMPO;34
9983;37070;TIEMPO;87
9984;37075;Comp operadora;6
9985;37075;CENTRO CONTROL;1
9986;37075;TIEMPO;29
9987;37077;Comp operadora;15
9988;37077;CENTRO CONTROL;3
9989;37077;TIEMPO;11
9990;37078;Comp operadora;2
9991;37078;TIEMPO;13
9992;37079;Comp operadora;3
9993;37079;CENTRO CONTROL;10
9994;37079;TIEMPO;51
9995;37080;CENTRO CONTROL;23
9996;37080;TIEMPO;27
9997;37081;CENTRO CONTROL;2
9998;37081;TIEMPO;49
9999;37082;CENTRO CONTROL;26
10000;37082;TIEMPO;1
10001;37083;TIEMPO;54
10002;37103;Comp operadora;3
10003;37103;TIEMPO;65
10004;37104;CENTRO CONTROL;8
10005;37104;TIEMPO;57
10006;37105;TIEMPO;51
10007;37111;Comp operadora;47
10008;37116;Comp operadora;1
10009;37116;TIEMPO;35
10010;37117;Comp operadora;9
10011;37117;TIEMPO;27
10012;37118;CENTRO CONTROL;49
10013;37119;CENTRO CONTROL;15
10014;37130;TIEMPO;68
10015;37131;TIEMPO;39
10016;37135;TIEMPO;17
10017;37136;CENTRO CONTROL;19
10018;37138;Comp operadora;1
10019;37138;CENTRO CONTROL;2
10020;37138;TIEMPO;20
10021;37139;CENTRO CONTROL;3
10022;37139;TIEMPO;17
10023;37140;Comp operadora;52
10024;37140;TIEMPO;3
10025;37141;Comp operadora;5
10026;37141;TIEMPO;51
10027;37142;Comp operadora;10
10028;37142;TIEMPO;56
10029;37156;CENTRO CONTROL;9
10030;37156;TIEMPO;8
10031;37159;Comp operadora;76
10032;37159;CENTRO CONTROL;15
10033;37172;Comp operadora;11
10034;37172;TIEMPO;56
10035;37173;Comp operadora;43
10036;37173;CENTRO CONTROL;26
10037;37175;Comp operadora;3
10038;37175;TIEMPO;47
10039;37176;TIEMPO;85
10040;37177;Comp operadora;6
10041;37177;CENTRO CONTROL;24
10042;37177;TIEMPO;76
10043;37178;CENTRO CONTROL;76
10044;37180;TIEMPO;62
10045;37204;TIEMPO;16
10046;37212;Comp operadora;17
10047;37221;CENTRO CONTROL;47
10048;37222;CENTRO CONTROL;8
10049;37222;TIEMPO;44
10050;37270;CENTRO CONTROL;18
10051;37273;Comp operadora;6
10052;37273;TIEMPO;25
10053;37276;Comp operadora;10
10054;37276;CENTRO CONTROL;7
10055;37276;TIEMPO;47
10056;37277;TIEMPO;47
10057;37287;CENTRO CONTROL;17
10058;37298;CENTRO CONTROL;27
10059;37299;Comp operadora;4
10060;37299;TIEMPO;21
10061;37302;Comp operadora;32
10062;37317;Comp operadora;18
10063;37317;TIEMPO;4
10064;37330;CENTRO CONTROL;25
10065;37331;Comp operadora;5
10066;37331;TIEMPO;15
10067;37340;Comp operadora;28
10068;37362;CENTRO CONTROL;1
10069;37362;TIEMPO;15
10070;37363;CENTRO CONTROL;15
10071;37376;TIEMPO;45
10072;37376;CENTRO CONTROL;25
10073;37381;Comp operadora;9
10074;37381;TIEMPO;35
10075;37382;Comp operadora;22
10076;37382;CENTRO CONTROL;15
10077;37382;TIEMPO;44
10078;37383;CENTRO CONTROL;37
10079;37392;TIEMPO;61
10080;37393;TIEMPO;63
10081;37396;Comp operadora;21
10082;37409;CENTRO CONTROL;16
10083;37415;TIEMPO;45
10084;37416;TIEMPO;55
10085;37423;Comp operadora;9
10086;37423;CENTRO CONTROL;6
10087;37423;TIEMPO;2
10088;37427;Comp operadora;113
10089;37432;Comp operadora;2
10090;37432;TIEMPO;15
10091;37433;Comp operadora;50
10092;37433;CENTRO CONTROL;8
10093;37437;CENTRO CONTROL;7
10094;37437;TIEMPO;43
10095;37438;Comp operadora;3
10096;37438;TIEMPO;44
10097;37452;Comp operadora;3
10098;37452;CENTRO CONTROL;10
10099;37452;TIEMPO;16
10100;37453;SEGURIDAD;12
10101;37453;TIEMPO;4
10102;37463;CENTRO CONTROL;6
10103;37463;TIEMPO;30
10104;37464;TIEMPO;36
10105;37482;Comp operadora;3
10106;37482;CENTRO CONTROL;4
10107;37482;TIEMPO;19
10108;37483;Comp operadora;8
10109;37483;CENTRO CONTROL;1
10110;37483;TIEMPO;10
10111;37485;TIEMPO;19
10112;37494;Comp operadora;26
10113;37494;TIEMPO;13
10114;37495;Comp operadora;7
10115;37495;TIEMPO;9
10116;37509;Comp operadora;39
10117;37526;CENTRO CONTROL;8
10118;37526;TIEMPO;12
10119;37535;TIEMPO;21
10120;37536;Comp operadora;20
10121;37536;CENTRO CONTROL;8
10122;37536;TIEMPO;7
10123;37550;Comp operadora;1
10124;37550;TIEMPO;16
10125;37551;CENTRO CONTROL;19
10126;37568;TIEMPO;11
10127;37568;TIEMPO;119
10128;37569;Comp operadora;1
10129;37569;TIEMPO;108
10130;37575;TIEMPO;20
10131;37576;Comp operadora;1
10132;37576;TIEMPO;32
10133;37577;Comp operadora;15
10134;37577;CENTRO CONTROL;1
10135;37577;TIEMPO;22
10136;37578;CENTRO CONTROL;5
10137;37578;TIEMPO;17
10138;37579;Comp operadora;3
10139;37579;TIEMPO;32
10140;37595;Comp operadora;16
10141;37595;TIEMPO;85
10142;37596;Comp operadora;95
10143;37599;Comp operadora;3
10144;37599;TIEMPO;25
10145;37600;Comp operadora;13
10146;37600;CENTRO CONTROL;13
10147;37600;TIEMPO;9
10148;37601;CENTRO CONTROL;17
10149;37603;Comp operadora;6
10150;37603;CENTRO CONTROL;5
10151;37603;TIEMPO;36
10152;37615;Comp operadora;42
10153;37634;Comp operadora;32
10154;37634;CENTRO CONTROL;3
10155;37635;Comp operadora;3
10156;37635;TIEMPO;22
10157;37636;Comp operadora;2
10158;37636;TIEMPO;27
10159;37644;Comp operadora;20
10160;37644;CENTRO CONTROL;4
10161;37644;TIEMPO;11
10162;37652;CENTRO CONTROL;17
10163;37655;Comp operadora;7
10164;37655;TIEMPO;8
10165;37660;Comp operadora;1
10166;37660;TIEMPO;87
10167;37661;TIEMPO;83
10168;37662;TIEMPO;174
10169;37663;CENTRO CONTROL;13
10170;37663;TIEMPO;75
10171;37664;Comp operadora;2
10172;37664;CENTRO CONTROL;13
10173;37664;TIEMPO;88
10174;37675;TIEMPO;23
10175;37698;Comp operadora;69
10176;37698;TIEMPO;7
10177;37747;CENTRO CONTROL;23
10178;37752;TIEMPO;18
10179;37753;Comp operadora;6
10180;37753;CENTRO CONTROL;2
10181;37753;TIEMPO;22
10182;37754;Comp operadora;21
10183;37754;CENTRO CONTROL;1
10184;37755;Comp operadora;34
10185;37755;TIEMPO;9
10186;37766;TIEMPO;21
10187;37767;CENTRO CONTROL;28
10188;37774;Comp operadora;3
10189;37774;TIEMPO;14
10190;37775;TIEMPO;12
10191;37775;CENTRO CONTROL;7
10192;37775;TIEMPO;58
10193;37776;TIEMPO;10
10194;37776;TIEMPO;151
10195;37789;Comp operadora;25
10196;37793;Comp operadora;13
10197;37793;TIEMPO;19
10198;37837;TIEMPO;17
10199;37876;Comp operadora;122
10200;37878;CENTRO CONTROL;12
10201;37878;TIEMPO;36
10202;37879;Comp operadora;12
10203;37879;CENTRO CONTROL;3
10204;37879;TIEMPO;36
10205;37901;Comp operadora;17
10206;37904;Comp operadora;12
10207;37904;TIEMPO;3
10208;37906;Comp operadora;16
10209;37906;TIEMPO;153
10210;37913;CENTRO CONTROL;9
10211;37913;TIEMPO;12
10212;37926;TIEMPO;103
10213;37927;TIEMPO;65
10214;37927;CENTRO CONTROL;40
10215;37929;CENTRO CONTROL;17
10216;37938;Comp operadora;8
10217;37938;TIEMPO;20
10218;37942;Comp operadora;1
10219;37942;TIEMPO;86
10220;37944;Comp operadora;3
10221;37944;TIEMPO;25
10222;37945;CENTRO CONTROL;8
10223;37945;TIEMPO;19
10224;37946;Comp operadora;9
10225;37946;TIEMPO;10
10226;37956;CENTRO CONTROL;87
10227;37958;TIEMPO;15
10228;37959;Comp operadora;15
10229;37959;TIEMPO;15
10230;37965;Comp operadora;4
10231;37965;CENTRO CONTROL;17
10232;37965;TIEMPO;11
10233;37966;CENTRO CONTROL;4
10234;37966;TIEMPO;49
10235;37967;CENTRO CONTROL;11
10236;37967;TIEMPO;52
10237;37973;Comp operadora;79
10238;37973;TIEMPO;1
10239;37975;TIEMPO;15
10240;37998;Comp operadora;15
10241;37999;Comp operadora;2
10242;37999;TIEMPO;13
10243;38002;TIEMPO;147
10244;38003;CENTRO CONTROL;1
10245;38003;TIEMPO;135
10246;38004;TIEMPO;110
10247;38005;CENTRO CONTROL;2
10248;38005;TIEMPO;152
10249;38008;Comp operadora;6
10250;38008;CENTRO CONTROL;7
10251;38008;TIEMPO;8
10252;38009;Comp operadora;2
10253;38009;TIEMPO;16
10254;38010;TIEMPO;31
10255;38011;Comp operadora;4
10256;38011;CENTRO CONTROL;3
10257;38011;TIEMPO;28
10258;38021;TIEMPO;15
10259;38022;Comp operadora;26
10260;38027;Comp operadora;10
10261;38027;CENTRO CONTROL;6
10262;38027;TIEMPO;1
10263;38029;Comp operadora;12
10264;38029;CENTRO CONTROL;9
10265;38029;TIEMPO;7
10266;38031;TIEMPO;16
10267;38036;Comp operadora;1
10268;38036;CENTRO CONTROL;8
10269;38036;TIEMPO;12
10270;38037;Comp operadora;5
10271;38037;CENTRO CONTROL;5
10272;38037;TIEMPO;50
10273;38038;CENTRO CONTROL;40
10274;38038;TIEMPO;10
10275;38041;Comp operadora;19
10276;38074;Comp operadora;3
10277;38074;CENTRO CONTROL;9
10278;38074;TIEMPO;19
10279;38075;Comp operadora;2
10280;38075;CENTRO CONTROL;3
10281;38075;TIEMPO;14
10282;38090;Comp operadora;58
10283;38090;TIEMPO;14
10284;38091;Comp operadora;5
10285;38091;TIEMPO;75
10286;38095;Comp operadora;1
10287;38095;TIEMPO;19
10288;38096;Comp operadora;10
10289;38096;TIEMPO;17
10290;38098;Comp operadora;6
10291;38098;CENTRO CONTROL;1
10292;38098;TIEMPO;14
10293;38106;Comp operadora;3
10294;38106;CENTRO CONTROL;15
10295;38106;TIEMPO;12
10296;38113;Comp operadora;2
10297;38113;CENTRO CONTROL;1
10298;38113;TIEMPO;50
10299;38130;CENTRO CONTROL;6
10300;38130;TIEMPO;20
10301;38131;CENTRO CONTROL;4
10302;38131;TIEMPO;18
10303;38132;Comp operadora;20
10304;38132;CENTRO CONTROL;2
10305;38146;CENTRO CONTROL;5
10306;38146;TIEMPO;28
10307;38147;CENTRO CONTROL;10
10308;38147;TIEMPO;21
10309;38160;TIEMPO;107
10310;38161;TIEMPO;74
10311;38177;Comp operadora;56
10312;38177;TIEMPO;27
10313;38189;TIEMPO;26
10314;38190;CENTRO CONTROL;3
10315;38190;TIEMPO;24
10316;38207;CENTRO CONTROL;23
10317;38237;CENTRO CONTROL;16
10318;38238;Comp operadora;2
10319;38238;TIEMPO;13
10320;38268;TIEMPO;19
10321;38272;Comp operadora;2
10322;38272;CENTRO CONTROL;3
10323;38272;TIEMPO;26
10324;38288;Comp operadora;9
10325;38288;TIEMPO;77
10326;38304;Comp operadora;45
10327;38315;Comp operadora;3
10328;38315;TIEMPO;21
10329;38317;Comp operadora;26
10330;38317;CENTRO CONTROL;3
10331;38328;CENTRO CONTROL;121
10332;38347;TIEMPO;21
10333;38348;Comp operadora;1
10334;38348;CENTRO CONTROL;4
10335;38348;TIEMPO;16
10336;38363;TIEMPO;7
10337;38363;TIEMPO;146
10338;38391;Comp operadora;34
10339;38391;TIEMPO;12
10340;38395;TIEMPO;34
10341;38401;TIEMPO;30
10342;38402;Comp operadora;4
10343;38402;TIEMPO;43
10344;38437;Comp operadora;42
10345;38445;Comp operadora;14
10346;38445;CENTRO CONTROL;18
10347;38484;TIEMPO;18
10348;38485;Comp operadora;31
10349;38492;Comp operadora;1
10350;38492;TIEMPO;52
10351;38493;Comp operadora;3
10352;38493;TIEMPO;67
10353;38494;TIEMPO;39
10354;38495;Comp operadora;6
10355;38495;TIEMPO;10
10356;38496;CENTRO CONTROL;16
10357;38510;CENTRO CONTROL;3
10358;38510;TIEMPO;12
10359;38533;TIEMPO;62
10360;38556;Comp operadora;38
10361;38556;CENTRO CONTROL;3
10362;38556;TIEMPO;1
10363;38557;TIEMPO;33
10364;38571;CENTRO CONTROL;25
10365;38572;TIEMPO;21
10366;38584;Comp operadora;21
10367;38584;CENTRO CONTROL;13
10368;38584;TIEMPO;70
10369;38585;Comp operadora;16
10370;38585;TIEMPO;98
10371;38586;CENTRO CONTROL;28
10372;38586;TIEMPO;9
10373;38587;Comp operadora;5
10374;38587;CENTRO CONTROL;4
10375;38587;TIEMPO;37
10376;38592;Comp operadora;8
10377;38592;TIEMPO;9
10378;38593;Comp operadora;15
10379;38593;TIEMPO;5
10380;38627;TIEMPO;24
10381;38640;Comp operadora;2
10382;38640;TIEMPO;135
10383;38643;Comp operadora;8
10384;38643;TIEMPO;30
10385;38644;Comp operadora;39
10386;38654;TIEMPO;17
10387;38656;TIEMPO;145
10388;38656;CENTRO CONTROL;15
10389;38657;TIEMPO;7
10390;38657;CENTRO CONTROL;12
10391;38657;TIEMPO;160
10392;38660;Comp operadora;5
10393;38660;TIEMPO;41
10394;38662;TIEMPO;28
10395;38663;Comp operadora;40
10396;38663;TIEMPO;7
10397;38668;Comp operadora;9
10398;38668;TIEMPO;6
10399;38676;Comp operadora;7
10400;38676;TIEMPO;14
10401;38682;Comp operadora;6
10402;38682;CENTRO CONTROL;9
10403;38691;Comp operadora;4
10404;38691;CENTRO CONTROL;15
10405;38691;TIEMPO;28
10406;38692;Comp operadora;28
10407;38694;Comp operadora;9
10408;38694;TIEMPO;7
10409;38700;CENTRO CONTROL;15
10410;38706;Comp operadora;3
10411;38706;CENTRO CONTROL;10
10412;38706;TIEMPO;26
10413;38707;TIEMPO;26
10414;38714;CENTRO CONTROL;12
10415;38714;TIEMPO;26
10416;38716;Comp operadora;14
10417;38716;CENTRO CONTROL;7
10418;38716;TIEMPO;3
10419;38718;Comp operadora;10
10420;38718;CENTRO CONTROL;6
10421;38759;Comp operadora;5
10422;38759;TIEMPO;36
10423;38760;SEGURIDAD;10
10424;38760;TIEMPO;26
10425;38765;Comp operadora;16
10426;38765;CENTRO CONTROL;21
10427;38766;Comp operadora;5
10428;38766;TIEMPO;29
10429;38799;Comp operadora;1
10430;38799;TIEMPO;14
10431;38810;CENTRO CONTROL;82
10432;38811;TIEMPO;88
10433;38812;Comp operadora;4
10434;38812;CENTRO CONTROL;10
10435;38812;TIEMPO;82
10436;38821;CENTRO CONTROL;14
10437;38821;TIEMPO;31
10438;38822;Comp operadora;10
10439;38822;TIEMPO;21
10440;38840;Comp operadora;5
10441;38840;CENTRO CONTROL;4
10442;38840;TIEMPO;8
10443;38850;TIEMPO;50
10444;38881;TIEMPO;26
10445;38882;CENTRO CONTROL;6
10446;38882;TIEMPO;25
10447;38889;Comp operadora;26
10448;38896;CENTRO CONTROL;69
10449;38910;Comp operadora;125
10450;38939;Comp operadora;36
10451;38947;Comp operadora;31
10452;38947;CENTRO CONTROL;2
10453;38960;TIEMPO;29
10454;39014;Comp operadora;7
10455;39014;TIEMPO;10
10456;39022;Comp operadora;36
10457;39027;TIEMPO;39
10458;39028;Comp operadora;4
10459;39028;TIEMPO;34
10460;39029;Comp operadora;43
10461;39029;CENTRO CONTROL;1
10462;39030;Comp operadora;13
10463;39030;TIEMPO;64
10464;39031;TIEMPO;59
10465;39032;Comp operadora;68
10466;39032;TIEMPO;2
10467;39035;Comp operadora;25
10468;39036;Comp operadora;1
10469;39036;TIEMPO;14
10470;39038;Comp operadora;6
10471;39038;TIEMPO;20
10472;39039;TIEMPO;23
10473;39040;Comp operadora;4
10474;39040;TIEMPO;18
10475;39088;CENTRO CONTROL;4
10476;39088;TIEMPO;20
10477;39089;CENTRO CONTROL;20
10478;39132;TIEMPO;29
10479;39135;Comp operadora;5
10480;39135;TIEMPO;21
10481;39136;CENTRO CONTROL;16
10482;39147;Comp operadora;61
10483;39147;CENTRO CONTROL;5
10484;39147;TIEMPO;1
10485;39149;Comp operadora;2
10486;39149;CENTRO CONTROL;3
10487;39149;TIEMPO;21
10488;39152;CENTRO CONTROL;25
10489;39162;CENTRO CONTROL;3
10490;39162;TIEMPO;21
10491;39165;Comp operadora;28
10492;39170;TIEMPO;23
10493;39174;Comp operadora;13
10494;39174;TIEMPO;18
10495;39175;TIEMPO;21
10496;39197;TIEMPO;19
10497;39199;TIEMPO;23
10498;39200;SEGURIDAD;3
10499;39200;TIEMPO;20
10500;39201;Comp operadora;3
10501;39201;TIEMPO;24
10502;39202;CENTRO CONTROL;16
10503;39221;TIEMPO;37
10504;39222;CENTRO CONTROL;10
10505;39222;TIEMPO;37
10506;39223;CENTRO CONTROL;37
10507;39224;Comp operadora;12
10508;39224;TIEMPO;21
10509;39225;Comp operadora;9
10510;39225;CENTRO CONTROL;4
10511;39225;TIEMPO;12
10512;39226;CENTRO CONTROL;5
10513;39226;TIEMPO;13
10514;39229;CENTRO CONTROL;17
10515;39234;Comp operadora;8
10516;39234;TIEMPO;7
10517;39236;CENTRO CONTROL;114
10518;39242;CENTRO CONTROL;3
10519;39242;TIEMPO;55
10520;39243;TIEMPO;38
10521;39245;Comp operadora;22
10522;39255;Comp operadora;13
10523;39255;CENTRO CONTROL;12
10524;39255;TIEMPO;10
10525;39276;Comp operadora;33
10526;39276;CENTRO CONTROL;4
10527;39276;TIEMPO;75
10528;39277;Comp operadora;75
10529;39290;CENTRO CONTROL;57
10530;39292;TIEMPO;29
10531;39298;Comp operadora;4
10532;39298;TIEMPO;11
10533;39311;Comp operadora;13
10534;39311;CENTRO CONTROL;3
10535;39311;TIEMPO;32
10536;39312;Comp operadora;2
10537;39312;TIEMPO;30
10538;39314;TIEMPO;55
10539;39338;Comp operadora;3
10540;39338;CENTRO CONTROL;14
10541;39338;TIEMPO;21
10542;39339;Comp operadora;21
10543;39341;CENTRO CONTROL;13
10544;39341;TIEMPO;12
10545;39342;Comp operadora;3
10546;39342;TIEMPO;21
10547;39343;CENTRO CONTROL;15
10548;39343;TIEMPO;22
10549;39347;Comp operadora;21
10550;39348;Comp operadora;36
10551;39382;Comp operadora;19
10552;39383;TIEMPO;20
10553;39388;Comp operadora;17
10554;39389;Comp operadora;33
10555;39389;TIEMPO;6
10556;39392;CENTRO CONTROL;25
10557;39392;TIEMPO;16
10558;39401;TIEMPO;51
10559;39402;TIEMPO;29
10560;39417;TIEMPO;56
10561;39418;TIEMPO;39
10562;39419;Comp operadora;41
10563;39419;CENTRO CONTROL;14
10564;39419;TIEMPO;6
10565;39423;Comp operadora;42
10566;39432;TIEMPO;41
10567;39433;Comp operadora;12
10568;39433;TIEMPO;5
10569;39440;Comp operadora;18
10570;39440;TIEMPO;28
10571;39441;Comp operadora;4
10572;39441;TIEMPO;40
10573;39442;TIEMPO;41
10574;39443;TIEMPO;25
10575;39452;Comp operadora;26
10576;39452;CENTRO CONTROL;5
10577;39473;Comp operadora;6
10578;39473;TIEMPO;59
10579;39474;Comp operadora;13
10580;39474;CENTRO CONTROL;5
10581;39474;TIEMPO;41
10582;39475;Comp operadora;41
10583;39476;Comp operadora;1
10584;39476;TIEMPO;21
10585;39477;CENTRO CONTROL;16
10586;39477;TIEMPO;5
10587;39498;Comp operadora;6
10588;39498;TIEMPO;26
10589;39499;Comp operadora;12
10590;39499;TIEMPO;30
10591;39500;Comp operadora;17
10592;39500;TIEMPO;18
10593;39501;Comp operadora;9
10594;39501;TIEMPO;26
10595;39503;Comp operadora;31
10596;39503;CENTRO CONTROL;7
10597;39503;TIEMPO;5
10598;39505;TIEMPO;34
10599;39506;Comp operadora;25
10600;39511;Comp operadora;19
10601;39511;CENTRO CONTROL;1
10602;39518;Comp operadora;1
10603;39518;TIEMPO;20
10604;39519;Comp operadora;1
10605;39519;TIEMPO;20
10606;39520;Comp operadora;34
10607;39558;SEGURIDAD;8
10608;39558;TIEMPO;26
10609;39559;TIEMPO;16
10610;39560;Comp operadora;4
10611;39560;TIEMPO;13
10612;39567;Comp operadora;27
10613;39567;TIEMPO;2
10614;39579;CENTRO CONTROL;18
10615;39579;TIEMPO;10
10616;39581;Comp operadora;4
10617;39581;TIEMPO;20
10618;39582;Comp operadora;11
10619;39582;TIEMPO;20
10620;39596;Comp operadora;34
10621;39608;Comp operadora;4
10622;39608;TIEMPO;11
10623;39609;Comp operadora;1
10624;39609;TIEMPO;18
10625;39610;Comp operadora;10
10626;39610;TIEMPO;10
10627;39618;TIEMPO;3
10628;39618;TIEMPO;44
10629;39643;Comp operadora;7
10630;39643;CENTRO CONTROL;5
10631;39643;TIEMPO;11
10632;39644;Comp operadora;4
10633;39644;TIEMPO;22
10634;39648;Comp operadora;4
10635;39648;TIEMPO;11
10636;39649;Comp operadora;5
10637;39649;CENTRO CONTROL;8
10638;39649;TIEMPO;20
10639;39664;TIEMPO;20
10640;39665;Comp operadora;3
10641;39665;TIEMPO;24
10642;39667;Comp operadora;4
10643;39667;TIEMPO;29
10644;39672;TIEMPO;21
10645;39686;CENTRO CONTROL;21
10646;39689;Comp operadora;22
10647;39711;CENTRO CONTROL;1
10648;39711;TIEMPO;16
10649;39712;Comp operadora;24
10650;39712;TIEMPO;5
10651;39713;Comp operadora;18
10652;39713;TIEMPO;3
10653;39731;TIEMPO;22
10654;39749;Comp operadora;6
10655;39749;CENTRO CONTROL;2
10656;39749;TIEMPO;15
10657;39750;Comp operadora;1
10658;39750;TIEMPO;20
10659;39751;Comp operadora;8
10660;39751;TIEMPO;13
10661;39752;Comp operadora;3
10662;39752;TIEMPO;18
10663;39753;TIEMPO;15
10664;39781;TIEMPO;55
10665;39782;Comp operadora;39
10666;39782;CENTRO CONTROL;30
10667;39783;Comp operadora;8
10668;39783;TIEMPO;54
10669;39789;Comp operadora;1
10670;39789;TIEMPO;29
10671;39804;Comp operadora;3
10672;39804;TIEMPO;33
10673;39805;Comp operadora;11
10674;39805;CENTRO CONTROL;18
10675;39805;TIEMPO;36
10676;39806;Comp operadora;6
10677;39806;TIEMPO;64
10678;39818;Comp operadora;15
10679;39837;Comp operadora;2
10680;39837;CENTRO CONTROL;3
10681;39837;TIEMPO;10
10682;39841;CENTRO CONTROL;4
10683;39841;TIEMPO;18
10684;39842;Comp operadora;6
10685;39842;TIEMPO;12
10686;39845;Comp operadora;22
10687;39845;TIEMPO;20
10688;39846;Comp operadora;5
10689;39846;TIEMPO;17
10690;39852;CENTRO CONTROL;51
10691;39854;Comp operadora;68
10692;39854;CENTRO CONTROL;8
10693;39864;Comp operadora;8
10694;39864;TIEMPO;9
10695;39867;TIEMPO;24
10696;39868;TIEMPO;22
10697;39870;TIEMPO;40
10698;39871;Comp operadora;7
10699;39871;TIEMPO;38
10700;39872;Comp operadora;9
10701;39872;CENTRO CONTROL;1
10702;39872;TIEMPO;40
10703;39875;Comp operadora;26
10704;39875;TIEMPO;34
10705;39876;Comp operadora;9
10706;39876;TIEMPO;55
10707;39888;TIEMPO;17
10708;39889;CENTRO CONTROL;1
10709;39889;TIEMPO;17
10710;39890;Comp operadora;32
10711;39892;Comp operadora;15
10712;39892;CENTRO CONTROL;1
10713;39892;TIEMPO;2
10714;39893;Comp operadora;11
10715;39893;TIEMPO;26
10716;39895;CENTRO CONTROL;11
10717;39895;TIEMPO;16
10718;39896;Comp operadora;3
10719;39896;CENTRO CONTROL;4
10720;39896;TIEMPO;10
10721;39899;Comp operadora;1
10722;39899;TIEMPO;14
10723;39912;TIEMPO;23
10724;39919;CENTRO CONTROL;15
10725;39934;Comp operadora;3
10726;39934;TIEMPO;34
10727;39935;Comp operadora;47
10728;39959;Comp operadora;2
10729;39959;TIEMPO;19
10730;39976;Comp operadora;50
10731;39976;TIEMPO;10
10732;40003;TIEMPO;39
10733;40004;Comp operadora;30
10734;40004;TIEMPO;16
10735;40006;Comp operadora;84
10736;40024;CENTRO CONTROL;16
10737;40038;TIEMPO;104
10738;40041;Comp operadora;7
10739;40041;TIEMPO;9
10740;40054;TIEMPO;176
10741;40054;CENTRO CONTROL;6
10742;40082;TIEMPO;61
10743;40091;Comp operadora;9
10744;40091;CENTRO CONTROL;9
10745;40103;TIEMPO;141
10746;40109;Comp operadora;13
10747;40109;TIEMPO;4
10748;40123;CENTRO CONTROL;7
10749;40123;TIEMPO;71
10750;40128;CENTRO CONTROL;17
10751;40129;CENTRO CONTROL;6
10752;40129;TIEMPO;17
10753;40132;TIEMPO;32
10754;40137;Comp operadora;10
10755;40137;TIEMPO;14
10756;40148;Comp operadora;7
10757;40148;TIEMPO;11
10758;40182;CENTRO CONTROL;16
10759;40213;Comp operadora;7
10760;40213;TIEMPO;35
10761;40235;Comp operadora;3
10762;40235;CENTRO CONTROL;4
10763;40235;TIEMPO;9
10764;40236;CENTRO CONTROL;6
10765;40236;TIEMPO;10
10766;40244;CENTRO CONTROL;4
10767;40244;TIEMPO;11
10768;40264;TIEMPO;20
10769;40281;TIEMPO;26
10770;40282;TIEMPO;16
10771;40292;Comp operadora;16
10772;40292;TIEMPO;4
10773;40302;TIEMPO;17
10774;40306;TIEMPO;26
10775;40307;Comp operadora;1
10776;40307;CENTRO CONTROL;2
10777;40307;TIEMPO;26
10778;40309;CENTRO CONTROL;12
10779;40309;TIEMPO;163
10780;40317;Comp operadora;5
10781;40317;TIEMPO;10
10782;40343;CENTRO CONTROL;8
10783;40343;TIEMPO;78
10784;40351;CENTRO CONTROL;2
10785;40351;TIEMPO;36
10786;40352;Comp operadora;4
10787;40352;TIEMPO;34
10788;40358;TIEMPO;25
10789;40363;CENTRO CONTROL;4
10790;40363;TIEMPO;20
10791;40364;CENTRO CONTROL;20
10792;40366;Comp operadora;11
10793;40366;TIEMPO;6
10794;40376;Comp operadora;3
10795;40376;CENTRO CONTROL;6
10796;40376;TIEMPO;15
10797;40377;Comp operadora;1
10798;40377;TIEMPO;20
10799;40386;CENTRO CONTROL;21
10800;40387;CENTRO CONTROL;3
10801;40387;TIEMPO;19
10802;40388;Comp operadora;10
10803;40388;TIEMPO;7
10804;40389;Comp operadora;4
10805;40389;TIEMPO;42
10806;40391;Comp operadora;10
10807;40391;TIEMPO;9
10808;40412;CENTRO CONTROL;18
10809;40414;TIEMPO;15
10810;40420;Comp operadora;6
10811;40420;CENTRO CONTROL;10
10812;40424;Comp operadora;10
10813;40424;TIEMPO;107
10814;40425;TIEMPO;66
10815;40426;TIEMPO;108
10816;40427;TIEMPO;88
10817;40428;CENTRO CONTROL;8
10818;40428;TIEMPO;104
10819;40429;TIEMPO;93
10820;40429;CENTRO CONTROL;10
10821;40429;TIEMPO;1
10822;40458;CENTRO CONTROL;20
10823;40468;Comp operadora;21
10824;40470;Comp operadora;21
10825;40470;CENTRO CONTROL;3
10826;40474;Comp operadora;5
10827;40474;TIEMPO;14
10828;40480;Comp operadora;52
10829;40480;TIEMPO;2
10830;40485;TIEMPO;15
10831;40486;Comp operadora;9
10832;40486;TIEMPO;29
10833;40487;Comp operadora;8
10834;40487;TIEMPO;29
10835;40500;Comp operadora;27
10836;40500;CENTRO CONTROL;6
10837;40500;TIEMPO;1
10838;40508;CENTRO CONTROL;2
10839;40508;TIEMPO;16
10840;40517;Comp operadora;5
10841;40517;TIEMPO;43
10842;40541;TIEMPO;77
10843;40552;Comp operadora;44
10844;40552;CENTRO CONTROL;1
10845;40562;CENTRO CONTROL;17
10846;40581;Comp operadora;69
10847;40581;CENTRO CONTROL;1
10848;40584;Comp operadora;8
10849;40584;TIEMPO;9
10850;40590;TIEMPO;87
10851;40591;Comp operadora;2
10852;40591;CENTRO CONTROL;23
10853;40591;TIEMPO;73
10854;40607;Comp operadora;42
10855;40607;TIEMPO;7
10856;40609;Comp operadora;48
10857;40609;CENTRO CONTROL;13
10858;40613;Comp operadora;20
10859;40624;Comp operadora;8
10860;40624;CENTRO CONTROL;7
10861;40624;TIEMPO;10
10862;40628;TIEMPO;61
10863;40629;TIEMPO;46
10864;40634;Comp operadora;23
10865;40634;CENTRO CONTROL;3
10866;40635;TIEMPO;18
10867;40643;Comp operadora;15
10868;40643;TIEMPO;11
10869;40644;Comp operadora;47
10870;40724;Comp operadora;87
10871;40724;CENTRO CONTROL;15
10872;40755;Comp operadora;2
10873;40755;TIEMPO;55
10874;40756;Comp operadora;1
10875;40756;TIEMPO;50
10876;40764;Comp operadora;1
10877;40764;TIEMPO;23
10878;40765;Comp operadora;32
10879;40776;TIEMPO;62
10880;40777;TIEMPO;27
10881;40778;TIEMPO;49
10882;40779;TIEMPO;121
10883;40780;Comp operadora;8
10884;40780;TIEMPO;132
10885;40797;Comp operadora;24
10886;40798;Comp operadora;10
10887;40798;TIEMPO;17
10888;40823;CENTRO CONTROL;18
10889;40828;Comp operadora;27
10890;40828;TIEMPO;2
10891;40829;TIEMPO;18
10892;40854;TIEMPO;21
10893;40861;Comp operadora;2
10894;40861;TIEMPO;35
10895;40862;TIEMPO;22
10896;40863;TIEMPO;21
10897;40864;Comp operadora;33
10898;40867;CENTRO CONTROL;25
10899;40904;Comp operadora;43
10900;40904;CENTRO CONTROL;3
10901;40910;Comp operadora;9
10902;40910;CENTRO CONTROL;6
10903;40910;TIEMPO;4
10904;40922;TIEMPO;7
10905;40922;TIEMPO;76
10906;40923;Comp operadora;97
10907;40923;TIEMPO;3
10908;40949;Comp operadora;36
10909;40958;Comp operadora;1
10910;40958;CENTRO CONTROL;1
10911;40958;TIEMPO;101
10912;40959;Comp operadora;1
10913;40959;CENTRO CONTROL;6
10914;40959;TIEMPO;94
10915;40996;Comp operadora;26
10916;40996;TIEMPO;3
10917;40997;Comp operadora;17
10918;40997;TIEMPO;25
10919;40999;Comp operadora;29
10920;40999;CENTRO CONTROL;5
10921;41001;TIEMPO;35
10922;41005;CENTRO CONTROL;14
10923;41005;TIEMPO;20
10924;41006;Comp operadora;1
10925;41006;TIEMPO;33
10926;41007;CENTRO CONTROL;20
10927;41019;TIEMPO;73
10928;41026;Comp operadora;6
10929;41026;TIEMPO;52
10930;41027;Comp operadora;1
10931;41027;TIEMPO;21
10932;41028;Comp operadora;2
10933;41028;CENTRO CONTROL;5
10934;41028;TIEMPO;60
10935;41029;TIEMPO;60
10936;41030;Comp operadora;6
10937;41030;TIEMPO;130
10938;41032;CENTRO CONTROL;22
10939;41032;TIEMPO;124
10940;41068;Comp operadora;78
10941;41069;TIEMPO;61
10942;41085;Comp operadora;29
10943;41085;TIEMPO;13
10944;41086;Comp operadora;7
10945;41086;TIEMPO;8
10946;41096;Comp operadora;3
10947;41096;CENTRO CONTROL;5
10948;41096;TIEMPO;63
10949;41097;Comp operadora;60
10950;41097;CENTRO CONTROL;3
10951;41098;TIEMPO;54
10952;41109;Comp operadora;8
10953;41109;CENTRO CONTROL;7
10954;41111;TIEMPO;149
10955;41119;CENTRO CONTROL;16
10956;41126;TIEMPO;24
10957;41127;Comp operadora;5
10958;41127;TIEMPO;22
10959;41128;Comp operadora;23
10960;41130;TIEMPO;32
10961;41131;Comp operadora;9
10962;41131;CENTRO CONTROL;4
10963;41131;TIEMPO;20
10964;41132;Comp operadora;4
10965;41132;TIEMPO;33
10966;41150;TIEMPO;106
10967;41163;Comp operadora;6
10968;41163;CENTRO CONTROL;1
10969;41163;TIEMPO;16
10970;41164;Comp operadora;8
10971;41164;CENTRO CONTROL;7
10972;41164;TIEMPO;1
10973;41191;TIEMPO;83
10974;41193;Comp operadora;2
10975;41193;CENTRO CONTROL;35
10976;41193;TIEMPO;57
10977;41196;CENTRO CONTROL;26
10978;41197;TIEMPO;19
10979;41202;CENTRO CONTROL;15
10980;41213;Comp operadora;9
10981;41213;CENTRO CONTROL;1
10982;41213;TIEMPO;10
10983;41244;Comp operadora;12
10984;41244;CENTRO CONTROL;8
10985;41244;TIEMPO;3
10986;41257;CENTRO CONTROL;2
10987;41257;TIEMPO;90
10988;41258;Comp operadora;95
10989;41262;Comp operadora;29
10990;41262;TIEMPO;8
10991;41264;CENTRO CONTROL;15
10992;41271;Comp operadora;17
10993;41276;Comp operadora;2
10994;41276;TIEMPO;16
10995;41279;Comp operadora;49
10996;41300;TIEMPO;18
10997;41311;Comp operadora;1
10998;41311;TIEMPO;28
10999;41312;Comp operadora;34
11000;41337;CENTRO CONTROL;16
11001;41338;Comp operadora;19
11002;41338;CENTRO CONTROL;3
11003;41338;TIEMPO;16
11004;41360;Comp operadora;18
11005;41364;Comp operadora;10
11006;41364;CENTRO CONTROL;6
11007;41393;Comp operadora;30
11008;41400;CENTRO CONTROL;17
11009;41423;CENTRO CONTROL;15
11010;41449;TIEMPO;16
11011;41450;Comp operadora;21
11012;41450;CENTRO CONTROL;4
11013;41452;Comp operadora;8
11014;41452;TIEMPO;42
11015;41453;Comp operadora;1
11016;41453;CENTRO CONTROL;4
11017;41453;TIEMPO;43
11018;41490;Comp operadora;2
11019;41490;TIEMPO;16
11020;41491;Comp operadora;38
11021;41493;SEGURIDAD;14
11022;41493;TIEMPO;12
11023;41494;Comp operadora;10
11024;41494;TIEMPO;30
11025;41495;Comp operadora;3
11026;41495;TIEMPO;25
11027;41496;Comp operadora;8
11028;41496;TIEMPO;24
11029;41499;Comp operadora;1
11030;41499;TIEMPO;37
11031;41500;CENTRO CONTROL;28
11032;41501;Comp operadora;7
11033;41501;CENTRO CONTROL;3
11034;41501;TIEMPO;28
11035;41508;Comp operadora;18
11036;41508;CENTRO CONTROL;3
11037;41521;Comp operadora;32
11038;41521;TIEMPO;4
11039;41534;TIEMPO;84
11040;41536;Comp operadora;10
11041;41536;TIEMPO;5
11042;41540;Comp operadora;3
11043;41540;CENTRO CONTROL;9
11044;41540;TIEMPO;28
11045;41541;CENTRO CONTROL;8
11046;41541;TIEMPO;17
11047;41542;CENTRO CONTROL;12
11048;41542;TIEMPO;16
11049;41543;CENTRO CONTROL;23
11050;41551;Comp operadora;9
11051;41551;CENTRO CONTROL;9
11052;41551;TIEMPO;1
11053;41554;CENTRO CONTROL;12
11054;41554;SEGURIDAD;4
11055;41554;TIEMPO;4
11056;41560;Comp operadora;1
11057;41560;TIEMPO;75
11058;41561;TIEMPO;77
11059;41562;Comp operadora;37
11060;41562;TIEMPO;50
11061;41563;TIEMPO;56
11062;41564;TIEMPO;75
11063;41565;CENTRO CONTROL;55
11064;41566;Comp operadora;79
11065;41582;Comp operadora;2
11066;41582;TIEMPO;13
11067;41584;Comp operadora;2
11068;41584;TIEMPO;17
11069;41591;Comp operadora;2
11070;41591;TIEMPO;72
11071;41595;TIEMPO;40
11072;41595;CENTRO CONTROL;18
11073;41627;Comp operadora;91
11074;41648;CENTRO CONTROL;27
11075;41648;TIEMPO;127
11076;41652;CENTRO CONTROL;22
11077;41652;TIEMPO;73
11078;41653;Comp operadora;1
11079;41653;CENTRO CONTROL;9
11080;41653;TIEMPO;65
11081;41654;TIEMPO;65
11082;41684;Comp operadora;12
11083;41684;CENTRO CONTROL;2
11084;41684;TIEMPO;128
11085;41685;CENTRO CONTROL;7
11086;41685;TIEMPO;137
11087;41686;Comp operadora;1
11088;41686;TIEMPO;115
11089;41687;Comp operadora;128
11090;41690;Comp operadora;47
11091;41701;CENTRO CONTROL;2
11092;41701;SEGURIDAD;9
11093;41701;TIEMPO;54
11094;41720;TIEMPO;41
11095;41720;TIEMPO;14
11096;41728;CENTRO CONTROL;22
11097;41728;TIEMPO;14
11098;41729;TIEMPO;18
11099;41730;TIEMPO;35
11100;41731;CENTRO CONTROL;8
11101;41731;TIEMPO;17
11102;41770;Comp operadora;9
11103;41770;CENTRO CONTROL;1
11104;41770;TIEMPO;5
11105;41771;Comp operadora;2
11106;41771;CENTRO CONTROL;4
11107;41771;TIEMPO;30
11108;41772;Comp operadora;3
11109;41772;TIEMPO;17
11110;41773;Comp operadora;30
11111;41777;Comp operadora;55
11112;41777;CENTRO CONTROL;1
11113;41777;TIEMPO;2
11114;41782;Comp operadora;41
11115;41782;TIEMPO;3
11116;41784;TIEMPO;33
11117;41791;Comp operadora;6
11118;41791;TIEMPO;10
11119;41806;CENTRO CONTROL;17
11120;41822;TIEMPO;51
11121;41842;TIEMPO;24
11122;41867;Comp operadora;4
11123;41867;TIEMPO;143
11124;41868;TIEMPO;135
11125;41869;CENTRO CONTROL;20
11126;41869;TIEMPO;132
11127;41870;TIEMPO;128
11128;41871;CENTRO CONTROL;15
11129;41871;TIEMPO;141
11130;41872;CENTRO CONTROL;141
11131;41874;TIEMPO;50
11132;41885;Comp operadora;49
11133;41885;CENTRO CONTROL;7
11134;41894;Comp operadora;4
11135;41894;CENTRO CONTROL;30
11136;41894;TIEMPO;4
11137;41923;Comp operadora;114
11138;41945;CENTRO CONTROL;47
11139;41945;TIEMPO;6
11140;41946;Comp operadora;3
11141;41946;TIEMPO;44
11142;42010;Comp operadora;4
11143;42010;TIEMPO;11
11144;42041;Comp operadora;86
11145;42041;CENTRO CONTROL;2
11146;42044;CENTRO CONTROL;7
11147;42044;TIEMPO;15
11148;42045;TIEMPO;28
11149;42068;Comp operadora;5
11150;42068;CENTRO CONTROL;9
11151;42068;TIEMPO;6
11152;42078;Comp operadora;5
11153;42078;CENTRO CONTROL;10
11154;42078;TIEMPO;4
11155;42083;Comp operadora;74
11156;42088;Comp operadora;6
11157;42088;TIEMPO;11
11158;42089;Comp operadora;6
11159;42089;TIEMPO;14
11160;42090;Comp operadora;5
11161;42090;TIEMPO;10
11162;42101;CENTRO CONTROL;2
11163;42101;TIEMPO;59
11164;42102;TIEMPO;65
11165;42103;TIEMPO;30
11166;42108;Comp operadora;1
11167;42108;CENTRO CONTROL;2
11168;42108;TIEMPO;13
11169;42110;Comp operadora;24
11170;42110;TIEMPO;10
11171;42134;TIEMPO;120
11172;42134;CENTRO CONTROL;16
11173;42151;TIEMPO;20
11174;42152;Comp operadora;30
11175;42166;Comp operadora;11
11176;42166;TIEMPO;7
11177;42191;Comp operadora;9
11178;42191;TIEMPO;66
11179;42192;TIEMPO;18
11180;42192;CENTRO CONTROL;50
11181;42192;TIEMPO;5
11182;42197;TIEMPO;35
11183;42198;CENTRO CONTROL;51
11184;42215;CENTRO CONTROL;21
11185;42220;Comp operadora;27
11186;42220;TIEMPO;5
11187;42228;Comp operadora;20
11188;42232;Comp operadora;2
11189;42232;TIEMPO;20
11190;42233;Comp operadora;1
11191;42233;TIEMPO;26
11192;42268;TIEMPO;92
11193;42340;CENTRO CONTROL;20
11194;42341;Comp operadora;5
11195;42341;TIEMPO;14
11196;42370;Comp operadora;1
11197;42370;TIEMPO;17
11198;42371;CENTRO CONTROL;33
11199;42376;Comp operadora;61
11200;42407;TIEMPO;21
11201;42407;CENTRO CONTROL;5
11202;42407;TIEMPO;6
11203;42408;CENTRO CONTROL;21
11204;42408;TIEMPO;26
11205;42415;Comp operadora;28
11206;42416;TIEMPO;28
11207;42421;Comp operadora;10
11208;42421;TIEMPO;29
11209;42422;CENTRO CONTROL;2
11210;42422;TIEMPO;27
11211;42430;CENTRO CONTROL;16
11212;42433;Comp operadora;19
11213;42445;Comp operadora;15
11214;42445;CENTRO CONTROL;12
11215;42445;TIEMPO;4
11216;42446;Comp operadora;2
11217;42446;TIEMPO;21
11218;42447;CENTRO CONTROL;22
11219;42474;CENTRO CONTROL;66
11220;42490;CENTRO CONTROL;29
11221;42531;Comp operadora;10
11222;42531;CENTRO CONTROL;17
11223;42531;TIEMPO;13
11224;42540;Comp operadora;38
11225;42543;TIEMPO;42
11226;42544;TIEMPO;7
11227;42544;CENTRO CONTROL;9
11228;42544;TIEMPO;44
11229;42546;TIEMPO;44
11230;42556;Comp operadora;2
11231;42556;TIEMPO;18
11232;42557;TIEMPO;15
11233;42558;TIEMPO;10
11234;42558;CENTRO CONTROL;25
11235;42565;TIEMPO;22
11236;42566;Comp operadora;3
11237;42566;CENTRO CONTROL;1
11238;42566;TIEMPO;22
11239;42567;Comp operadora;10
11240;42567;TIEMPO;32
11241;42569;Comp operadora;16
11242;42596;Comp operadora;8
11243;42596;CENTRO CONTROL;20
11244;42598;TIEMPO;19
11245;42599;Comp operadora;2
11246;42599;CENTRO CONTROL;2
11247;42599;TIEMPO;31
11248;42600;Comp operadora;8
11249;42600;TIEMPO;23
11250;42604;CENTRO CONTROL;1
11251;42604;TIEMPO;19
11252;42605;CENTRO CONTROL;20
11253;42606;Comp operadora;2
11254;42606;TIEMPO;19
11255;42607;Comp operadora;28
11256;42610;TIEMPO;23
11257;42611;Comp operadora;8
11258;42611;TIEMPO;21
11259;42621;Comp operadora;4
11260;42621;TIEMPO;11
11261;42623;Comp operadora;16
11262;42627;Comp operadora;6
11263;42627;CENTRO CONTROL;2
11264;42627;TIEMPO;11
11265;42628;Comp operadora;7
11266;42628;TIEMPO;18
11267;42647;TIEMPO;44
11268;42649;TIEMPO;51
11269;42649;CENTRO CONTROL;1
11270;42650;Comp operadora;25
11271;42650;CENTRO CONTROL;11
11272;42650;TIEMPO;52
11273;42651;TIEMPO;59
11274;42653;Comp operadora;16
11275;42653;CENTRO CONTROL;1
11276;42685;Comp operadora;1
11277;42685;CENTRO CONTROL;2
11278;42685;TIEMPO;25
11279;42686;CENTRO CONTROL;12
11280;42686;TIEMPO;13
11281;42696;Comp operadora;3
11282;42696;TIEMPO;16
11283;42697;Comp operadora;5
11284;42697;TIEMPO;19
11285;42701;Comp operadora;32
11286;42701;TIEMPO;45
11287;42702;Comp operadora;10
11288;42702;CENTRO CONTROL;9
11289;42702;TIEMPO;29
11290;42703;TIEMPO;19
11291;42703;CENTRO CONTROL;10
11292;42708;CENTRO CONTROL;6
11293;42708;TIEMPO;9
11294;42797;Comp operadora;13
11295;42797;TIEMPO;15
11296;42798;Comp operadora;3
11297;42798;TIEMPO;15
11298;42799;TIEMPO;21
11299;42829;CENTRO CONTROL;12
11300;42829;TIEMPO;12
11301;42830;Comp operadora;16
11302;42830;CENTRO CONTROL;14
11303;42830;TIEMPO;24
11304;42838;Comp operadora;10
11305;42838;CENTRO CONTROL;2
11306;42838;TIEMPO;7
11307;42844;CENTRO CONTROL;18
11308;42905;Comp operadora;9
11309;42905;CENTRO CONTROL;6
11310;42907;CENTRO CONTROL;16
11311;42907;TIEMPO;41
11312;42908;Comp operadora;32
11313;42908;TIEMPO;14
11314;42925;Comp operadora;2
11315;42925;TIEMPO;31
11316;42927;Comp operadora;23
11317;42927;CENTRO CONTROL;1
11318;42927;TIEMPO;9
11319;42942;Comp operadora;29
11320;42943;Comp operadora;9
11321;42943;TIEMPO;23
11322;42944;Comp operadora;32
11323;42944;CENTRO CONTROL;32
11324;42945;TIEMPO;60
11325;42951;Comp operadora;9
11326;42951;CENTRO CONTROL;19
11327;42966;Comp operadora;11
11328;42966;CENTRO CONTROL;6
11329;43045;SEGURIDAD;11
11330;43045;TIEMPO;10
11331;43046;SEGURIDAD;18
11332;43085;TIEMPO;18
11333;43093;Comp operadora;36
11334;43114;Comp operadora;35
11335;43115;Comp operadora;54
11336;43115;CENTRO CONTROL;2
11337;43115;TIEMPO;35
11338;43121;Comp operadora;1
11339;43121;CENTRO CONTROL;3
11340;43121;TIEMPO;22
11341;43123;CENTRO CONTROL;22
11342;43142;Comp operadora;6
11343;43142;CENTRO CONTROL;1
11344;43142;TIEMPO;26
11345;43153;Comp operadora;6
11346;43153;TIEMPO;20
11347;43154;Comp operadora;17
11348;43154;TIEMPO;6
11349;43171;CENTRO CONTROL;19
11350;43187;Comp operadora;28
11351;43189;Comp operadora;7
11352;43189;CENTRO CONTROL;14
11353;43189;TIEMPO;1
11354;43198;TIEMPO;53
11355;43199;TIEMPO;58
11356;43200;TIEMPO;32
11357;43201;CENTRO CONTROL;1
11358;43201;TIEMPO;53
11359;43214;Comp operadora;10
11360;43214;TIEMPO;8
11361;43235;CENTRO CONTROL;15
11362;43255;Comp operadora;2
11363;43255;CENTRO CONTROL;10
11364;43255;TIEMPO;5
11365;43266;CENTRO CONTROL;32
11366;43275;Comp operadora;14
11367;43275;CENTRO CONTROL;1
11368;43275;TIEMPO;7
11369;43282;Comp operadora;19
11370;43282;CENTRO CONTROL;2
11371;43285;TIEMPO;16
11372;43296;CENTRO CONTROL;67
11373;43296;TIEMPO;8
11374;43308;Comp operadora;9
11375;43308;CENTRO CONTROL;8
11376;43335;CENTRO CONTROL;95
11377;43335;TIEMPO;23
11378;43338;Comp operadora;8
11379;43338;CENTRO CONTROL;8
11380;43350;CENTRO CONTROL;6
11381;43350;TIEMPO;55
11382;43437;Comp operadora;3
11383;43437;TIEMPO;15
11384;43475;Comp operadora;6
11385;43475;CENTRO CONTROL;8
11386;43475;TIEMPO;1
11387;43486;CENTRO CONTROL;35
11388;43505;CENTRO CONTROL;22
11389;43533;TIEMPO;16
11390;43533;TIEMPO;149
11391;43534;Comp operadora;10
11392;43534;TIEMPO;16
11393;43536;Comp operadora;1
11394;43536;CENTRO CONTROL;2
11395;43536;TIEMPO;16
11396;43537;CENTRO CONTROL;8
11397;43537;SEGURIDAD;8
11398;43543;CENTRO CONTROL;18
11399;43543;TIEMPO;10
11400;43551;CENTRO CONTROL;18
11401;43552;Comp operadora;101
11402;43570;Comp operadora;13
11403;43570;CENTRO CONTROL;3
11404;43571;TIEMPO;78
11405;43583;Comp operadora;15
11406;43602;Comp operadora;24
11407;43602;TIEMPO;8
11408;43603;Comp operadora;2
11409;43603;TIEMPO;23
11410;43633;Comp operadora;26
11411;43652;Comp operadora;13
11412;43652;CENTRO CONTROL;13
11413;43667;CENTRO CONTROL;19
11414;43694;Comp operadora;21
11415;43694;CENTRO CONTROL;8
11416;43718;Comp operadora;2
11417;43718;TIEMPO;25
11418;43719;Comp operadora;15
11419;43719;TIEMPO;11
11420;43720;Comp operadora;1
11421;43720;CENTRO CONTROL;1
11422;43720;TIEMPO;27
11423;43748;CENTRO CONTROL;66
11424;43749;TIEMPO;45
11425;43764;Comp operadora;57
11426;43766;Comp operadora;3
11427;43766;TIEMPO;12
11428;43767;Comp operadora;8
11429;43767;CENTRO CONTROL;13
11430;43769;TIEMPO;55
11431;43789;CENTRO CONTROL;10
11432;43789;TIEMPO;14
11433;43821;Comp operadora;7
11434;43821;TIEMPO;13
11435;43822;Comp operadora;16
11436;43822;CENTRO CONTROL;4
11437;43855;Comp operadora;2
11438;43855;CENTRO CONTROL;44
11439;43855;TIEMPO;12
11440;43856;TIEMPO;30
11441;43873;TIEMPO;17
11442;43874;CENTRO CONTROL;8
11443;43874;TIEMPO;20
11444;43913;Comp operadora;2
11445;43913;TIEMPO;14
11446;43914;Comp operadora;4
11447;43914;TIEMPO;14
11448;43916;Comp operadora;6
11449;43916;CENTRO CONTROL;1
11450;43916;TIEMPO;9
11451;43918;CENTRO CONTROL;2
11452;43918;TIEMPO;51
11453;43919;CENTRO CONTROL;10
11454;43919;TIEMPO;49
11455;43920;CENTRO CONTROL;6
11456;43920;TIEMPO;51
11457;43921;CENTRO CONTROL;2
11458;43921;TIEMPO;54
11459;43922;CENTRO CONTROL;7
11460;43922;TIEMPO;112
11461;43958;Comp operadora;9
11462;43958;TIEMPO;17
11463;43959;CENTRO CONTROL;18
11464;43960;Comp operadora;2
11465;43960;TIEMPO;16
11466;43974;Comp operadora;20
11467;43974;CENTRO CONTROL;6
11468;44006;CENTRO CONTROL;35
11469;44011;CENTRO CONTROL;17
11470;44031;Comp operadora;31
11471;44035;Comp operadora;11
11472;44035;TIEMPO;9
11473;44056;Comp operadora;3
11474;44056;TIEMPO;26
11475;44058;Comp operadora;31
11476;44058;CENTRO CONTROL;2
11477;44069;Comp operadora;6
11478;44069;TIEMPO;10
11479;44070;Comp operadora;27
11480;44070;CENTRO CONTROL;15
11481;44070;TIEMPO;1
11482;44138;CENTRO CONTROL;20
11483;44139;Comp operadora;6
11484;44139;TIEMPO;12
11485;44142;Comp operadora;23
11486;44142;TIEMPO;11
11487;44143;TIEMPO;25
11488;44172;Comp operadora;18
11489;44172;CENTRO CONTROL;30
11490;44172;TIEMPO;15
11491;44173;Comp operadora;14
11492;44173;TIEMPO;1
11493;44176;Comp operadora;19
11494;44189;CENTRO CONTROL;1
11495;44189;TIEMPO;18
11496;44191;Comp operadora;20
11497;44197;Comp operadora;2
11498;44197;TIEMPO;85
11499;44198;Comp operadora;7
11500;44198;TIEMPO;93
11501;44199;SEGURIDAD;5
11502;44199;TIEMPO;72
11503;44200;TIEMPO;71
11504;44215;Comp operadora;18
11505;44240;TIEMPO;43
11506;44241;Comp operadora;8
11507;44241;TIEMPO;54
11508;44242;Comp operadora;45
11509;44242;CENTRO CONTROL;2
11510;44242;TIEMPO;7
11511;44257;CENTRO CONTROL;17
11512;44262;TIEMPO;82
11513;44327;Comp operadora;6
11514;44327;CENTRO CONTROL;22
11515;44332;Comp operadora;34
11516;44332;TIEMPO;3
11517;44336;CENTRO CONTROL;6
11518;44336;TIEMPO;12
11519;44342;Comp operadora;5
11520;44342;TIEMPO;10
11521;44362;Comp operadora;11
11522;44362;TIEMPO;76
11523;44363;Comp operadora;8
11524;44363;CENTRO CONTROL;3
11525;44363;TIEMPO;86
11526;44364;Comp operadora;4
11527;44364;TIEMPO;78
11528;44379;Comp operadora;11
11529;44379;TIEMPO;35
11530;44380;Comp operadora;67
11531;44382;Comp operadora;24
11532;44383;CENTRO CONTROL;22
11533;44390;Comp operadora;5
11534;44390;CENTRO CONTROL;8
11535;44390;TIEMPO;36
11536;44391;Comp operadora;4
11537;44391;TIEMPO;12
11538;44398;CENTRO CONTROL;52
11539;44402;CENTRO CONTROL;181
11540;44404;CENTRO CONTROL;197
11541;44408;Comp operadora;27
11542;44408;TIEMPO;116
11543;44411;CENTRO CONTROL;266
11544;44417;Comp operadora;16
11545;44427;Comp operadora;37
11546;44428;CENTRO CONTROL;29
11547;44428;TIEMPO;62
11548;44429;CENTRO CONTROL;2
11549;44429;TIEMPO;67
11550;44432;CENTRO CONTROL;43
11551;44441;TIEMPO;17
11552;44448;CENTRO CONTROL;18
11553;44451;Comp operadora;14
11554;44451;CENTRO CONTROL;17
11555;44457;Comp operadora;30
11556;44457;CENTRO CONTROL;1
11557;44472;CENTRO CONTROL;18
11558;44474;TIEMPO;20
11559;44475;Comp operadora;166
11560;44495;Comp operadora;17
11561;44495;CENTRO CONTROL;6
11562;44497;CENTRO CONTROL;20
11563;44502;CENTRO CONTROL;18
11564;44521;TIEMPO;31
11565;44533;Comp operadora;4
11566;44533;TIEMPO;19
11567;44534;TIEMPO;35
11568;44536;TIEMPO;23
11569;44537;Comp operadora;10
11570;44537;CENTRO CONTROL;11
11571;44538;Comp operadora;2
11572;44538;CENTRO CONTROL;33
11573;44538;TIEMPO;6
11574;44543;CENTRO CONTROL;25
11575;44546;CENTRO CONTROL;267
11576;44548;CENTRO CONTROL;91
11577;44552;CENTRO CONTROL;298
11578;44555;CENTRO CONTROL;17
11579;44556;Comp operadora;66
11580;44560;CENTRO CONTROL;17
11581;44563;CENTRO CONTROL;274
11582;44587;CENTRO CONTROL;42
11583;44599;TIEMPO;25
11584;44600;CENTRO CONTROL;15
11585;44611;CENTRO CONTROL;4
11586;44611;TIEMPO;17
11587;44618;CENTRO CONTROL;22
11588;44627;CENTRO CONTROL;3
11589;44627;TIEMPO;12
11590;44628;CENTRO CONTROL;9
11591;44628;TIEMPO;10
11592;44647;Comp operadora;5
11593;44647;TIEMPO;26
11594;44651;CENTRO CONTROL;15
11595;44664;Comp operadora;18
11596;44664;CENTRO CONTROL;2
11597;44680;CENTRO CONTROL;15
11598;44685;CENTRO CONTROL;33
11599;44704;CENTRO CONTROL;21
11600;44728;Comp operadora;9
11601;44728;CENTRO CONTROL;12
11602;44735;Comp operadora;10
11603;44735;CENTRO CONTROL;3
11604;44735;TIEMPO;90
11605;44736;CENTRO CONTROL;5
11606;44736;TIEMPO;99
11607;44737;TIEMPO;67
11608;44738;TIEMPO;111
11609;44748;CENTRO CONTROL;18
11610;44752;Comp operadora;16
11611;44752;CENTRO CONTROL;11
11612;44755;TIEMPO;22
11613;44756;CENTRO CONTROL;19
11614;44756;TIEMPO;25
11615;44759;TIEMPO;40
11616;44759;CENTRO CONTROL;7
11617;44763;Comp operadora;45
11618;44765;CENTRO CONTROL;27
11619;44766;CENTRO CONTROL;16
11620;44767;CENTRO CONTROL;15
11621;44775;Comp operadora;17
11622;44782;CENTRO CONTROL;39
11623;44791;CENTRO CONTROL;18
11624;44793;CENTRO CONTROL;17
11625;44796;Comp operadora;33
11626;44798;Comp operadora;12
11627;44798;CENTRO CONTROL;8
11628;44799;Comp operadora;116
11629;44805;CENTRO CONTROL;71
11630;44825;Comp operadora;3
11631;44825;CENTRO CONTROL;27
11632;44825;TIEMPO;27
11633;44832;CENTRO CONTROL;25
11634;44834;TIEMPO;21
11635;44835;Comp operadora;6
11636;44835;CENTRO CONTROL;4
11637;44835;TIEMPO;14
11638;44860;CENTRO CONTROL;40
11639;44861;TIEMPO;7
11640;44861;TIEMPO;91
11641;44862;CENTRO CONTROL;299
11642;44865;Comp operadora;12
11643;44865;CENTRO CONTROL;6
11644;44867;Comp operadora;6
11645;44867;CENTRO CONTROL;2
11646;44867;TIEMPO;46
11647;44878;CENTRO CONTROL;23
11648;44879;CENTRO CONTROL;18
11649;44892;CENTRO CONTROL;397
11650;44899;CENTRO CONTROL;17
11651;44905;TIEMPO;373
11652;44910;CENTRO CONTROL;18
11653;44916;CENTRO CONTROL;2
11654;44916;TIEMPO;19
11655;44917;TIEMPO;33
11656;44920;TIEMPO;30
11657;44921;Comp operadora;37
11658;44921;CENTRO CONTROL;7
11659;44924;Comp operadora;14
11660;44924;TIEMPO;340
11661;44925;TIEMPO;22
11662;44927;TIEMPO;4
11663;44927;TIEMPO;141
11664;44940;CENTRO CONTROL;25
11665;44946;Comp operadora;36
11666;44957;CENTRO CONTROL;19
11667;44958;CENTRO CONTROL;30
11668;44971;Comp operadora;18
11669;44974;CENTRO CONTROL;23
11670;44978;Comp operadora;192
11671;44978;CENTRO CONTROL;4
11672;44983;CENTRO CONTROL;27
11673;44984;Comp operadora;8
11674;44984;CENTRO CONTROL;31
11675;44992;CENTRO CONTROL;20
11676;44995;CENTRO CONTROL;25
11677;44997;Comp operadora;4
11678;44997;TIEMPO;50
11679;44999;CENTRO CONTROL;21
11680;45002;Comp operadora;236
11681;45009;Comp operadora;2
11682;45009;CENTRO CONTROL;4
11683;45009;TIEMPO;18
11684;45016;Comp operadora;25
11685;45016;CENTRO CONTROL;22
11686;45018;CENTRO CONTROL;17
11687;45019;CENTRO CONTROL;37
11688;45024;CENTRO CONTROL;7
11689;45024;TIEMPO;14
11690;45026;CENTRO CONTROL;100
11691;45027;CENTRO CONTROL;114
11692;45028;CENTRO CONTROL;23
11693;45040;CENTRO CONTROL;16
11694;45045;TIEMPO;13
11695;45045;TIEMPO;150
11696;45052;Comp operadora;16
11697;45053;CENTRO CONTROL;74
11698;45053;TIEMPO;177
11699;45060;CENTRO CONTROL;442
11700;45064;Comp operadora;47
11701;45065;TIEMPO;28
11702;45066;Comp operadora;140
11703;45066;CENTRO CONTROL;11
11704;45076;CENTRO CONTROL;64
11705;45076;TIEMPO;10
11706;45092;CENTRO CONTROL;23
11707;45093;Comp operadora;34
11708;45110;CENTRO CONTROL;15
11709;45113;Comp operadora;45
11710;45114;CENTRO CONTROL;20
11711;45114;TIEMPO;9
11712;45116;CENTRO CONTROL;21
11713;45117;CENTRO CONTROL;17
11714;45117;TIEMPO;15
11715;45123;Comp operadora;5
11716;45123;TIEMPO;12
11717;45124;CENTRO CONTROL;16
11718;45152;Comp operadora;6
11719;45152;CENTRO CONTROL;21
11720;45176;CENTRO CONTROL;17
11721;45181;CENTRO CONTROL;324
11722;45187;CENTRO CONTROL;26
11723;45188;Comp operadora;67
11724;45190;TIEMPO;1
11725;45190;TIEMPO;232
11726;45191;Comp operadora;18
11727;45191;CENTRO CONTROL;31
11728;45192;Comp operadora;14
11729;45192;CENTRO CONTROL;24
11730;45193;Comp operadora;3
11731;45193;CENTRO CONTROL;22
11732;45193;TIEMPO;37
11733;45201;Comp operadora;157
11734;45204;Comp operadora;16
11735;45210;Comp operadora;85
11736;45212;Comp operadora;5
11737;45212;TIEMPO;88
11738;45235;CENTRO CONTROL;18
11739;45244;Comp operadora;17
11740;45245;CENTRO CONTROL;19
11741;45263;CENTRO CONTROL;455
11742;45264;CENTRO CONTROL;21
11743;45266;CENTRO CONTROL;18
11744;45274;Comp operadora;7
11745;45274;CENTRO CONTROL;7
11746;45274;TIEMPO;28
11747;45275;TIEMPO;40
11748;45280;Comp operadora;297
11749;45280;CENTRO CONTROL;11
11750;45285;CENTRO CONTROL;135
11751;45288;CENTRO CONTROL;319
11752;45303;CENTRO CONTROL;17
11753;45314;Comp operadora;27
11754;45317;CENTRO CONTROL;11
11755;45317;TIEMPO;22
11756;45318;CENTRO CONTROL;26
11757;45321;Comp operadora;12
11758;45321;CENTRO CONTROL;7
11759;45326;CENTRO CONTROL;9
11760;45326;TIEMPO;10
11761;45338;Comp operadora;46
11762;45354;CENTRO CONTROL;24
11763;45356;CENTRO CONTROL;26
11764;45362;CENTRO CONTROL;18
11765;45365;CENTRO CONTROL;20
11766;45369;Comp operadora;54
11767;45369;CENTRO CONTROL;1
11768;45370;Comp operadora;11
11769;45370;CENTRO CONTROL;32
11770;45370;TIEMPO;23
11771;45371;TIEMPO;16
11772;45372;TIEMPO;26
11773;45376;CENTRO CONTROL;295
11774;45414;Comp operadora;1
11775;45414;TIEMPO;20
11776;45418;CENTRO CONTROL;1
11777;45418;TIEMPO;52
11778;45427;Comp operadora;70
11779;45427;TIEMPO;116
11780;45432;TIEMPO;55
11781;45433;CENTRO CONTROL;24
11782;45437;CENTRO CONTROL;22
11783;45439;Comp operadora;6
11784;45439;TIEMPO;9
11785;45445;CENTRO CONTROL;38
11786;45448;Comp operadora;13
11787;45448;CENTRO CONTROL;12
11788;45449;Comp operadora;11
11789;45449;CENTRO CONTROL;20
11790;45458;CENTRO CONTROL;342
11791;45467;CENTRO CONTROL;313
11792;45468;CENTRO CONTROL;15
11793;45474;CENTRO CONTROL;19
11794;45479;Comp operadora;66
11795;45484;Comp operadora;22
11796;45496;CENTRO CONTROL;43
11797;45498;Comp operadora;45
11798;45511;CENTRO CONTROL;70
11799;45512;CENTRO CONTROL;37
11800;45536;Comp operadora;24
11801;45540;CENTRO CONTROL;18
11802;45541;CENTRO CONTROL;16
11803;45542;Comp operadora;22
11804;45548;Comp operadora;9
11805;45548;CENTRO CONTROL;11
11806;45549;Comp operadora;6
11807;45549;CENTRO CONTROL;1
11808;45549;TIEMPO;20
11809;45550;CENTRO CONTROL;24
11810;45555;Comp operadora;14
11811;45555;CENTRO CONTROL;5
11812;45565;TIEMPO;33
11813;45579;CENTRO CONTROL;22
11814;45580;TIEMPO;15
11815;45581;Comp operadora;6
11816;45581;CENTRO CONTROL;13
11817;45601;CENTRO CONTROL;6
11818;45601;TIEMPO;112
11819;45603;Comp operadora;127
11820;45637;Comp operadora;72
11821;45637;CENTRO CONTROL;8
11822;45638;TIEMPO;45
11823;45643;Comp operadora;13
11824;45643;CENTRO CONTROL;4
11825;45670;CENTRO CONTROL;178
11826;45673;CENTRO CONTROL;332
11827;45688;Comp operadora;45
11828;45703;Comp operadora;7
11829;45703;TIEMPO;13
11830;45704;Comp operadora;88
11831;45720;Comp operadora;11
11832;45720;CENTRO CONTROL;12
11833;45743;CENTRO CONTROL;15
11834;45745;CENTRO CONTROL;28
11835;45764;Comp operadora;94
11836;45764;CENTRO CONTROL;10
11837;45766;Comp operadora;1
11838;45766;TIEMPO;83
11839;45795;CENTRO CONTROL;49
11840;45808;CENTRO CONTROL;26
11841;45811;TIEMPO;121
11842;45813;Comp operadora;16
11843;45813;CENTRO CONTROL;10
11844;45820;CENTRO CONTROL;32
11845;45828;Comp operadora;32
11846;45830;CENTRO CONTROL;55
11847;45831;Comp operadora;23
11848;45832;TIEMPO;42
11849;45832;CENTRO CONTROL;12
11850;45838;Comp operadora;10
11851;45838;CENTRO CONTROL;9
11852;45847;Comp operadora;1
11853;45847;TIEMPO;20
11854;45850;Comp operadora;6
11855;45850;CENTRO CONTROL;10
11856;45850;TIEMPO;57
11857;45851;Comp operadora;18
11858;45851;TIEMPO;262
11859;45857;CENTRO CONTROL;282
11860;45860;CENTRO CONTROL;29
11861;45861;CENTRO CONTROL;1
11862;45861;TIEMPO;19
11863;45879;CENTRO CONTROL;28
11864;45898;Comp operadora;81
11865;45898;CENTRO CONTROL;8
11866;45917;CENTRO CONTROL;15
11867;45928;CENTRO CONTROL;21
11868;45933;Comp operadora;18
11869;45933;CENTRO CONTROL;4
11870;45946;Comp operadora;32
11871;45955;Comp operadora;16
11872;45964;Comp operadora;22
11873;45966;Comp operadora;65
11874;45966;TIEMPO;77
11875;45982;CENTRO CONTROL;51
11876;45986;Comp operadora;183
11877;45987;Comp operadora;64
11878;45998;Comp operadora;16
11879;45998;CENTRO CONTROL;13
11880;46005;CENTRO CONTROL;34
11881;46014;CENTRO CONTROL;329
11882;46020;TIEMPO;17
11883;46039;CENTRO CONTROL;402
11884;46042;Comp operadora;191
11885;46042;CENTRO CONTROL;22
11886;46043;CENTRO CONTROL;17
11887;46043;TIEMPO;196
11888;46053;CENTRO CONTROL;17
11889;46065;CENTRO CONTROL;16
11890;46081;CENTRO CONTROL;27
11891;46084;CENTRO CONTROL;28
11892;46085;CENTRO CONTROL;15
11893;46105;CENTRO CONTROL;26
11894;46109;TIEMPO;2
11895;46109;TIEMPO;71
11896;46111;CENTRO CONTROL;22
11897;46118;TIEMPO;37
11898;46123;Comp operadora;16
11899;46126;CENTRO CONTROL;25
11900;46127;CENTRO CONTROL;92
11901;46127;TIEMPO;20
11902;46130;CENTRO CONTROL;23
11903;46145;CENTRO CONTROL;18
11904;46169;Comp operadora;7
11905;46169;CENTRO CONTROL;25
11906;46173;CENTRO CONTROL;313
11907;46175;Comp operadora;19
11908;46175;CENTRO CONTROL;4
11909;46176;CENTRO CONTROL;19
11910;46196;CENTRO CONTROL;27
11911;46197;CENTRO CONTROL;19
11912;46201;Comp operadora;2
11913;46201;CENTRO CONTROL;31
11914;46201;TIEMPO;49
11915;46202;Comp operadora;115
11916;46217;CENTRO CONTROL;22
11917;46220;TIEMPO;91
11918;46220;CENTRO CONTROL;28
11919;46224;Comp operadora;18
11920;46224;CENTRO CONTROL;6
11921;46224;TIEMPO;28
11922;46227;Comp operadora;63
11923;46228;Comp operadora;3
11924;46228;TIEMPO;52
11925;46240;Comp operadora;20
11926;46240;CENTRO CONTROL;9
11927;46245;TIEMPO;45
11928;46250;TIEMPO;46
11929;46255;CENTRO CONTROL;128
11930;46257;CENTRO CONTROL;23
11931;46258;Comp operadora;23
11932;46258;CENTRO CONTROL;37
11933;46258;TIEMPO;268
11934;46269;Comp operadora;2
11935;46269;CENTRO CONTROL;27
11936;46269;TIEMPO;105
11937;46271;Comp operadora;6
11938;46271;CENTRO CONTROL;27
11939;46272;CENTRO CONTROL;39
11940;46274;CENTRO CONTROL;134
11941;46275;CENTRO CONTROL;15
11942;46292;Comp operadora;7
11943;46292;TIEMPO;34
11944;46312;TIEMPO;20
11945;46315;TIEMPO;19
11946;46317;CENTRO CONTROL;18
11947;46319;Comp operadora;23
11948;46320;Comp operadora;13
11949;46320;CENTRO CONTROL;21
11950;46320;TIEMPO;26
11951;46325;CENTRO CONTROL;15
11952;46328;CENTRO CONTROL;27
11953;46336;TIEMPO;22
11954;46338;CENTRO CONTROL;264
11955;46339;Comp operadora;40
11956;46339;CENTRO CONTROL;11
11957;46342;CENTRO CONTROL;15
11958;46352;CENTRO CONTROL;20
11959;46353;Comp operadora;21
11960;46354;Comp operadora;63
11961;46358;CENTRO CONTROL;31
11962;46367;Comp operadora;19
11963;46367;TIEMPO;173
11964;46368;Comp operadora;3
11965;46368;TIEMPO;20
11966;46370;Comp operadora;7
11967;46370;CENTRO CONTROL;8
11968;46370;TIEMPO;305
11969;46393;Comp operadora;91
11970;46396;Comp operadora;34
11971;46397;Comp operadora;8
11972;46397;TIEMPO;9
11973;46404;CENTRO CONTROL;277
11974;46409;Comp operadora;16
11975;46409;CENTRO CONTROL;10
11976;46411;CENTRO CONTROL;16
11977;46416;CENTRO CONTROL;26
11978;46417;Comp operadora;145
11979;46417;CENTRO CONTROL;1
11980;46418;CENTRO CONTROL;36
11981;46422;Comp operadora;41
11982;46422;CENTRO CONTROL;14
11983;46425;Comp operadora;10
11984;46425;TIEMPO;17
11985;46427;CENTRO CONTROL;32
11986;46428;Comp operadora;3
11987;46428;TIEMPO;37
11988;46429;Comp operadora;17
11989;46441;Comp operadora;100
11990;46451;CENTRO CONTROL;36
11991;46455;CENTRO CONTROL;5
11992;46455;TIEMPO;35
11993;46472;TIEMPO;15
11994;46473;TIEMPO;6
11995;46473;CENTRO CONTROL;42
11996;46473;TIEMPO;24
11997;46479;CENTRO CONTROL;27
11998;46487;CENTRO CONTROL;20
11999;46488;Comp operadora;29
12000;46488;CENTRO CONTROL;16
12001;46490;CENTRO CONTROL;26
12002;46491;Comp operadora;2
12003;46491;CENTRO CONTROL;9
12004;46491;TIEMPO;18
12005;46494;CENTRO CONTROL;23
12006;46495;TIEMPO;30
12007;46583;Comp operadora;18
12008;46599;Comp operadora;18
12009;46601;CENTRO CONTROL;16
12010;46616;CENTRO CONTROL;15
12011;46622;Comp operadora;163
12012;46651;Comp operadora;30
12013;46654;Comp operadora;71
12014;46664;Comp operadora;29
12015;46666;Comp operadora;29
12016;46676;Comp operadora;24
12017;46679;Comp operadora;21
12018;46692;Comp operadora;32
12019;46693;CENTRO CONTROL;32
12020;46694;Comp operadora;21
12021;46697;Comp operadora;46
12022;46699;Comp operadora;23
12023;46703;CENTRO CONTROL;21
12024;46704;Comp operadora;39
12025;46706;Comp operadora;20
12026;46707;Comp operadora;29
12027;46708;TIEMPO;66
12028;46716;Comp operadora;35
12029;46717;Comp operadora;57
12030;46718;Comp operadora;28
12031;46723;Comp operadora;23
12032;46724;Comp operadora;99
12033;46729;Comp operadora;94
12034;46731;Comp operadora;30
12035;46732;Comp operadora;21
12036;46743;CENTRO CONTROL;22
12037;46747;Comp operadora;23
12038;46752;Comp operadora;49
12039;46753;CENTRO CONTROL;18
12040;46763;CENTRO CONTROL;5
12041;46763;TIEMPO;20
12042;46767;Comp operadora;34
12043;46768;CENTRO CONTROL;34
12044;46771;Comp operadora;38
12045;46777;CENTRO CONTROL;25
12046;46778;Comp operadora;27
12047;46782;CENTRO CONTROL;35
12048;46783;Comp operadora;52
12049;46786;CENTRO CONTROL;27
12050;46794;CENTRO CONTROL;15
12051;46800;Comp operadora;71
12052;46806;Comp operadora;24
12053;46809;Comp operadora;49
12054;46812;Comp operadora;126
12055;46820;CENTRO CONTROL;32
12056;46822;Comp operadora;29
12057;46828;CENTRO CONTROL;26
12058;46830;Comp operadora;28
12059;46836;Comp operadora;33
12060;46841;CENTRO CONTROL;29
12061;46846;CENTRO CONTROL;33
12062;46849;Comp operadora;22
12063;46851;Comp operadora;16
12064;46852;CENTRO CONTROL;15
12065;46855;CENTRO CONTROL;10
12066;46855;TIEMPO;21
12067;46858;Comp operadora;22
12068;46859;CENTRO CONTROL;21
12069;46860;CENTRO CONTROL;41
12070;46861;Comp operadora;66
12071;46862;Comp operadora;77
12072;46866;CENTRO CONTROL;35
12073;46874;Comp operadora;18
12074;46877;CENTRO CONTROL;31
12075;46878;CENTRO CONTROL;29
12076;46882;Comp operadora;18
12077;46883;CENTRO CONTROL;28
12078;46884;CENTRO CONTROL;28
12079;46888;Comp operadora;45
12080;46890;Comp operadora;41
12081;46894;Comp operadora;19
12082;46901;Comp operadora;45
12083;46902;CENTRO CONTROL;22
12084;46905;CENTRO CONTROL;16
12085;46912;Comp operadora;111
12086;46915;CENTRO CONTROL;18
12087;46917;Comp operadora;33
12088;46918;CENTRO CONTROL;24
12089;46919;Comp operadora;45
12090;46921;CENTRO CONTROL;37
12091;46924;Comp operadora;145
12092;46925;CENTRO CONTROL;31
12093;46934;CENTRO CONTROL;49
12094;46937;TIEMPO;25
12095;46954;Comp operadora;31
12096;46966;Comp operadora;20
12097;46972;Comp operadora;17
12098;46974;Comp operadora;27
12099;46975;Comp operadora;122
12100;46982;CENTRO CONTROL;30
12101;46986;Comp operadora;34
12102;47000;CENTRO CONTROL;3
12103;47000;TIEMPO;21
12104;47007;Comp operadora;101
12105;47008;Comp operadora;66
12106;47011;Comp operadora;56
12107;47012;Comp operadora;83
12108;47013;SEGURIDAD;21
12109;47014;Comp operadora;29
12110;47015;Comp operadora;24
12111;47016;Comp operadora;106
12112;47021;Comp operadora;20
12113;47042;Comp operadora;119
12114;47049;CENTRO CONTROL;19
12115;47061;Comp operadora;71
12116;47071;Comp operadora;152
12117;47077;CENTRO CONTROL;23
12118;47079;Comp operadora;190
12119;47080;TIEMPO;42
12120;47089;Comp operadora;25
12121;47093;Comp operadora;25
12122;47095;Comp operadora;56
12123;47103;Comp operadora;32
12124;47106;Comp operadora;24
12125;47115;Comp operadora;84
12126;47134;Comp operadora;132
12127;47137;Comp operadora;132
12128;47145;Comp operadora;38
12129;47148;Comp operadora;97
12130;47149;Comp operadora;23
12131;47155;Comp operadora;68
12132;47156;Comp operadora;24
12133;47159;Comp operadora;20
12134;47160;CENTRO CONTROL;19
12135;47170;Comp operadora;56
12136;47176;Comp operadora;100
12137;47178;SEGURIDAD;32
12138;47188;Comp operadora;38
12139;47196;Comp operadora;28
12140;47206;Comp operadora;67
12141;47209;Comp operadora;41
12142;47223;CENTRO CONTROL;31
12143;47226;CENTRO CONTROL;40
12144;47235;Comp operadora;53
12145;47242;Comp operadora;27
12146;47245;CENTRO CONTROL;25
12147;47246;CENTRO CONTROL;16
12148;47249;CENTRO CONTROL;24
12149;47251;CENTRO CONTROL;34
12150;47254;CENTRO CONTROL;19
12151;47259;CENTRO CONTROL;24
12152;47260;Comp operadora;25
12153;47265;Comp operadora;15
12154;47267;SEGURIDAD;16
12155;47274;Comp operadora;21
12156;47275;Comp operadora;125
12157;47278;CENTRO CONTROL;16
12158;47280;CENTRO CONTROL;30
12159;47281;Comp operadora;21
12160;47282;Comp operadora;122
12161;47289;Comp operadora;39
12162;47290;Comp operadora;26
12163;47300;Comp operadora;86
12164;47302;Comp operadora;70
12165;47305;Comp operadora;30
12166;47307;Comp operadora;80
12167;47321;Comp operadora;98
12168;47325;Comp operadora;214
12169;47329;Comp operadora;51
12170;47341;Comp operadora;22
12171;47342;Comp operadora;23
12172;47344;Comp operadora;39
12173;47346;Comp operadora;24
12174;47363;Comp operadora;83
12175;47364;CENTRO CONTROL;20
12176;47367;TIEMPO;116
12177;47371;Comp operadora;67
12178;47372;Comp operadora;71
12179;47374;CENTRO CONTROL;15
12180;47385;CENTRO CONTROL;17
12181;47391;CENTRO CONTROL;17
12182;47398;CENTRO CONTROL;22
12183;47405;TIEMPO;21
12184;47406;CENTRO CONTROL;2
12185;47406;TIEMPO;14
12186;47407;Comp operadora;180
12187;47409;CENTRO CONTROL;72
12188;47409;TIEMPO;26
12189;47410;CENTRO CONTROL;39
12190;47412;CENTRO CONTROL;24
12191;47414;Comp operadora;15
12192;47415;CENTRO CONTROL;12
12193;47415;TIEMPO;30
12194;47416;Comp operadora;39
12195;47417;Comp operadora;33
12196;47418;Comp operadora;22
12197;47424;CENTRO CONTROL;16
12198;47428;TIEMPO;68
12199;47430;Comp operadora;81
12200;47432;Comp operadora;52
12201;47433;CENTRO CONTROL;104
12202;47434;Comp operadora;185
12203;47435;Comp operadora;31
12204;47444;CENTRO CONTROL;34
12205;47445;CENTRO CONTROL;15
12206;47447;CENTRO CONTROL;15
12207;47457;CENTRO CONTROL;45
12208;47461;Comp operadora;146
12209;47464;CENTRO CONTROL;150
12210;47466;CENTRO CONTROL;106
12211;47482;CENTRO CONTROL;115
12212;47483;CENTRO CONTROL;79
12213;47484;Comp operadora;22
12214;47507;Comp operadora;15
12215;47508;Comp operadora;30
12216;47526;CENTRO CONTROL;126
12217;47528;CENTRO CONTROL;129
12218;47531;CENTRO CONTROL;5
12219;47531;TIEMPO;64
12220;47532;CENTRO CONTROL;65
12221;47535;TIEMPO;35
12222;47555;CENTRO CONTROL;68
12223;47558;TIEMPO;169
12224;47561;Comp operadora;99
12225;47562;Comp operadora;89
12226;47589;CENTRO CONTROL;23
12227;47591;Comp operadora;21
12228;47593;Comp operadora;43
12229;47596;Comp operadora;38
12230;47598;Comp operadora;76
12231;47599;TIEMPO;54
12232;47615;Comp operadora;17
12233;47617;Comp operadora;16
12234;47622;Comp operadora;198
12235;47623;Comp operadora;229
12236;47628;TIEMPO;145
12237;47629;CENTRO CONTROL;127
12238;47635;TIEMPO;23
12239;47636;Comp operadora;44
12240;47645;CENTRO CONTROL;179
12241;47647;CENTRO CONTROL;120
12242;47650;TIEMPO;85
12243;47652;CENTRO CONTROL;112
12244;47653;Comp operadora;33
12245;47654;CENTRO CONTROL;89
12246;47655;TIEMPO;94
12247;47656;Comp operadora;41
12248;47657;Comp operadora;102
12249;47658;Comp operadora;103
12250;47662;CENTRO CONTROL;116
12251;47664;CENTRO CONTROL;101
12252;47668;CENTRO CONTROL;26
12253;47674;CENTRO CONTROL;86
12254;47675;CENTRO CONTROL;101
12255;47687;Comp operadora;41
12256;47689;Comp operadora;37
12257;47690;CENTRO CONTROL;1
12258;47690;TIEMPO;44
12259;47691;Comp operadora;92
12260;47692;TIEMPO;95
12261;47697;Comp operadora;15
12262;47698;CENTRO CONTROL;108
12263;47699;TIEMPO;96
12264;47702;Comp operadora;23
12265;47704;Comp operadora;57
12266;47705;TIEMPO;34
12267;47712;Comp operadora;80
12268;47715;Comp operadora;30
12269;47719;CENTRO CONTROL;138
12270;47721;CENTRO CONTROL;92
12271;47724;Comp operadora;76
12272;47725;CENTRO CONTROL;13
12273;47725;TIEMPO;51
12274;47728;CENTRO CONTROL;16
12275;47734;CENTRO CONTROL;76
12276;47743;Comp operadora;86
12277;47744;TIEMPO;52
12278;47747;CENTRO CONTROL;164
12279;47749;CENTRO CONTROL;119
12280;47751;TIEMPO;54
12281;47755;Comp operadora;21
12282;47758;CENTRO CONTROL;1
12283;47758;TIEMPO;58
12284;47759;Comp operadora;20
12285;47760;Comp operadora;17
12286;47761;CENTRO CONTROL;19
12287;47763;Comp operadora;21
12288;47766;Comp operadora;195
12289;47775;Comp operadora;55
12290;47778;CENTRO CONTROL;15
12291;47780;CENTRO CONTROL;97
12292;47783;CENTRO CONTROL;46
12293;47784;CENTRO CONTROL;25
12294;47790;CENTRO CONTROL;122
12295;47791;CENTRO CONTROL;29
12296;47792;CENTRO CONTROL;92
12297;47803;CENTRO CONTROL;18
12298;47807;CENTRO CONTROL;17
12299;47810;CENTRO CONTROL;88
12300;47812;Comp operadora;21
12301;47813;Comp operadora;16
12302;47838;TIEMPO;64
12303;47843;Comp operadora;48
12304;47848;TIEMPO;71
12305;47849;Comp operadora;96
12306;47855;CENTRO CONTROL;19
12307;47856;TIEMPO;25
12308;47857;Comp operadora;40
12309;47861;TIEMPO;95
12310;47862;CENTRO CONTROL;73
12311;47876;TIEMPO;112
12312;47877;Comp operadora;119
12313;47913;TIEMPO;97
12314;47914;TIEMPO;92
12315;47915;CENTRO CONTROL;55
12316;47916;TIEMPO;100
12317;47917;Comp operadora;22
12318;47918;CENTRO CONTROL;25
12319;47919;Comp operadora;42
12320;47920;CENTRO CONTROL;36
12321;47927;Comp operadora;61
12322;47935;CENTRO CONTROL;105
12323;47936;CENTRO CONTROL;102
12324;47940;Comp operadora;23
12325;47942;CENTRO CONTROL;140
12326;47943;TIEMPO;171
12327;47944;CENTRO CONTROL;89
12328;47945;Comp operadora;102
12329;47947;Comp operadora;103
12330;47948;TIEMPO;135
12331;47949;CENTRO CONTROL;19
12332;47949;TIEMPO;3
12333;47957;Comp operadora;24
12334;47959;Comp operadora;54
12335;47963;CENTRO CONTROL;59
12336;47964;TIEMPO;85
12337;47965;CENTRO CONTROL;124
12338;47966;TIEMPO;80
12339;47972;Comp operadora;44
12340;47973;Comp operadora;178
12341;48000;Comp operadora;66
12342;48008;CENTRO CONTROL;54
12343;48019;TIEMPO;29
12344;48030;CENTRO CONTROL;30
12345;48033;CENTRO CONTROL;7
12346;48033;TIEMPO;18
12347;48035;Comp operadora;85
12348;48040;Comp operadora;132
12349;48041;Comp operadora;69
12350;48047;CENTRO CONTROL;54
12351;48048;CENTRO CONTROL;40
12352;48052;Comp operadora;36
12353;48054;CENTRO CONTROL;3
12354;48054;TIEMPO;39
12355;48064;CENTRO CONTROL;130
12356;48066;CENTRO CONTROL;113
12357;48067;Comp operadora;92
12358;48074;Comp operadora;37
12359;48075;Comp operadora;72
12360;48080;CENTRO CONTROL;92
12361;48082;CENTRO CONTROL;31
12362;48083;CENTRO CONTROL;94
12363;48087;CENTRO CONTROL;82
12364;48088;Comp operadora;18
12365;48089;Comp operadora;15
12366;48099;Comp operadora;66
12367;48106;Comp operadora;240
12368;48107;Comp operadora;238
12369;48108;Comp operadora;59
12370;48109;TIEMPO;40
12371;48114;CENTRO CONTROL;31
12372;48119;CENTRO CONTROL;23
12373;48119;TIEMPO;21
12374;48120;CENTRO CONTROL;28
12375;48137;Comp operadora;15
12376;48138;CENTRO CONTROL;18
12377;48142;TIEMPO;21
12378;48143;Comp operadora;64
12379;48144;CENTRO CONTROL;46
12380;48146;Comp operadora;32
12381;48158;CENTRO CONTROL;28
12382;48159;Comp operadora;36
12383;48163;Comp operadora;150
12384;48164;TIEMPO;138
12385;48165;Comp operadora;15
12386;48167;Comp operadora;28
12387;48168;TIEMPO;36
12388;48181;CENTRO CONTROL;2
12389;48181;TIEMPO;288
12390;48182;Comp operadora;89
12391;48186;Comp operadora;189
12392;48187;TIEMPO;162
12393;48188;Comp operadora;19
12394;48193;CENTRO CONTROL;17
12395;48197;CENTRO CONTROL;115
12396;48203;Comp operadora;19
12397;48204;CENTRO CONTROL;54
12398;48205;TIEMPO;29
12399;48208;CENTRO CONTROL;16
12400;48208;TIEMPO;36
12401;48209;TIEMPO;20
12402;48210;Comp operadora;174
12403;48211;CENTRO CONTROL;53
12404;48213;Comp operadora;23
12405;48215;Comp operadora;91
12406;48217;CENTRO CONTROL;108
12407;48218;Comp operadora;98
12408;48219;CENTRO CONTROL;60
12409;48220;TIEMPO;46
12410;48221;TIEMPO;49
12411;48227;Comp operadora;146
12412;48228;Comp operadora;137
12413;48229;TIEMPO;37
12414;48233;Comp operadora;21
12415;48256;CENTRO CONTROL;20
12416;48266;CENTRO CONTROL;113
12417;48270;CENTRO CONTROL;6
12418;48270;TIEMPO;44
12419;48271;CENTRO CONTROL;4
12420;48271;TIEMPO;74
12421;48274;Comp operadora;206
12422;48275;Comp operadora;209
12423;48278;CENTRO CONTROL;21
12424;48281;CENTRO CONTROL;113
12425;48282;CENTRO CONTROL;4
12426;48282;TIEMPO;137
12427;48283;CENTRO CONTROL;118
12428;48286;Comp operadora;19
12429;48291;Comp operadora;139
12430;48292;TIEMPO;135
12431;48303;Comp operadora;117
12432;48308;CENTRO CONTROL;112
12433;48309;TIEMPO;21
12434;48310;Comp operadora;160
12435;48311;Comp operadora;177
12436;48312;TIEMPO;152
12437;48317;Comp operadora;79
12438;48318;TIEMPO;88
12439;48319;Comp operadora;96
12440;48320;CENTRO CONTROL;75
12441;48321;Comp operadora;52
12442;48322;TIEMPO;95
12443;48329;TIEMPO;46
12444;48332;CENTRO CONTROL;61
12445;48335;CENTRO CONTROL;19
12446;48340;CENTRO CONTROL;22
12447;48347;Comp operadora;22
12448;48348;Comp operadora;44
12449;48351;Comp operadora;29
12450;48352;Comp operadora;75
12451;48358;Comp operadora;244
12452;48368;CENTRO CONTROL;145
12453;48369;CENTRO CONTROL;93
12454;48372;TIEMPO;19
12455;48373;CENTRO CONTROL;20
12456;48373;TIEMPO;22
12457;48378;Comp operadora;59
12458;48381;CENTRO CONTROL;111
12459;48382;Comp operadora;52
12460;48385;Comp operadora;17
12461;48386;TIEMPO;69
12462;48387;TIEMPO;116
12463;48397;CENTRO CONTROL;130
12464;48398;Comp operadora;52
12465;48399;CENTRO CONTROL;120
